id,fecha,hora,red,texto,imagen_url,enlace,publicado,lista
181,09/09/2026,09:00,linkedin,"5 errores que hacen suspender una auditoría interna ISO 9001

El 80% de las no conformidades que vemos se repiten año tras año.

Auditar sin preguntas preparadas, no comprobar la eficacia de las acciones anteriores, confundir hallazgo con opinión, dejar fuera los procesos externalizados y aplazar el informe hasta que ""haya tiempo"".

Son cinco. Siempre las mismas.

👉 Lo contamos en detalle aquí: https://www.tuconsultor.com/blog/post.html?p=errores-auditoria-interna-iso-9001

#ISO9001 #AuditoríaInterna #Calidad #TuConsultor #SistemasDeGestión",https://www.tuconsultor.com/social-img/iso-9001.png,https://www.tuconsultor.com/blog/post.html?p=errores-auditoria-interna-iso-9001,,
182,09/09/2026,12:30,instagram,"🔍 5 errores que hacen suspender una auditoría interna ISO 9001

El 80% de las no conformidades que vemos se repiten. Estas son las cinco de siempre.

Ninguna se arregla con más documentos: se arregla preparando la auditoría antes de entrar.

📎 Artículo completo: enlace en bio.
❤️ Gestión con corazón desde 2006.

#ISO9001 #AuditoríaInterna #Calidad #TuConsultor #SistemasDeGestión #GestiónConCorazón",https://www.tuconsultor.com/social-img/iso-9001.png,https://www.tuconsultor.com/blog/post.html?p=errores-auditoria-interna-iso-9001,,
183,10/09/2026,09:00,linkedin,"ISO 42001 explicada en 2 minutos: la norma de gestión de IA

Tu empresa ya usa IA. La pregunta no es si la usa, sino quién responde cuando se equivoca.

ISO 42001 pone gobierno a eso: roles, evaluación de impacto, control de proveedores y trazabilidad de las decisiones automatizadas.

Y llega antes de que el Reglamento Europeo de IA te lo exija.

👉 Lo contamos en detalle aquí: https://www.tuconsultor.com/blog/post.html?p=iso-42001-explicada

#ISO42001 #InteligenciaArtificial #Gobernanza #TuConsultor #SistemasDeGestión",https://www.tuconsultor.com/social-img/iso-42001.png,https://www.tuconsultor.com/blog/post.html?p=iso-42001-explicada,,
184,10/09/2026,12:30,instagram,"🤖 ISO 42001 explicada en 2 minutos: la norma de gestión de IA

Tu empresa ya usa IA. ¿Tienes un sistema para gestionarla?

ISO 42001 es la norma que pone roles, control y trazabilidad a lo que ya está pasando en tu organización.

📎 Artículo completo: enlace en bio.
❤️ Gestión con corazón desde 2006.

#ISO42001 #InteligenciaArtificial #Gobernanza #TuConsultor #SistemasDeGestión #GestiónConCorazón",https://www.tuconsultor.com/social-img/iso-42001.png,https://www.tuconsultor.com/blog/post.html?p=iso-42001-explicada,,
185,11/09/2026,09:00,linkedin,"Los 5 documentos que tu auditor va a pedir sí o sí

Da igual la norma y da igual la entidad certificadora: estos cinco salen en todas las auditorías.

Alcance, análisis de contexto y partes interesadas, objetivos con sus indicadores, informe de auditoría interna y acta de revisión por la dirección.

Si los tienes vivos, la auditoría es un trámite. Si los improvisas, se nota en diez minutos.

👉 Lo contamos en detalle aquí: https://www.tuconsultor.com/blog/post.html?p=5-documentos-auditor

#Auditoría #ISO9001 #Calidad #TuConsultor #SistemasDeGestión",https://www.tuconsultor.com/social-img/blog-general.png,https://www.tuconsultor.com/blog/post.html?p=5-documentos-auditor,,
186,11/09/2026,12:30,instagram,"📋 Los 5 documentos que tu auditor va a pedir sí o sí

Da igual la norma: estos 5 documentos salen en todas las auditorías.

Tenerlos vivos convierte la auditoría en un trámite. Improvisarlos se nota en diez minutos.

📎 Artículo completo: enlace en bio.
❤️ Gestión con corazón desde 2006.

#Auditoría #ISO9001 #Calidad #TuConsultor #SistemasDeGestión #GestiónConCorazón",https://www.tuconsultor.com/social-img/blog-general.png,https://www.tuconsultor.com/blog/post.html?p=5-documentos-auditor,,
187,12/09/2026,09:00,linkedin,"Cómo una pyme industrial pasó su primera ISO 9001 en 6 meses

Llegaron sin un solo procedimiento escrito y con un cliente que exigía el certificado para seguir comprando.

Seis meses después: certificados, sin no conformidades mayores y con un sistema que usan de verdad.

No hubo atajos. Hubo un plan de 24 semanas y una reunión de 45 minutos cada viernes.

👉 Lo contamos en detalle aquí: https://www.tuconsultor.com/blog/post.html?p=pyme-industrial-certificacion-6-meses

#ISO9001 #Certificación #Pyme #TuConsultor #CasoReal",https://www.tuconsultor.com/social-img/blog-general.png,https://www.tuconsultor.com/blog/post.html?p=pyme-industrial-certificacion-6-meses,,
188,12/09/2026,12:30,instagram,"🏭 Cómo una pyme industrial pasó su primera ISO 9001 en 6 meses

Llegaron sin un solo procedimiento escrito. Seis meses después: certificados.

Sin atajos: un plan de 24 semanas y una reunión de 45 minutos cada viernes.

📎 Artículo completo: enlace en bio.
❤️ Gestión con corazón desde 2006.

#ISO9001 #Certificación #Pyme #TuConsultor #CasoReal #GestiónConCorazón",https://www.tuconsultor.com/social-img/blog-general.png,https://www.tuconsultor.com/blog/post.html?p=pyme-industrial-certificacion-6-meses,,
189,13/09/2026,09:00,linkedin,"Gestión de riesgos ISO: cómo hacerla útil y no un Excel muerto

Tu matriz de riesgos no debería actualizarse solo la semana antes de la auditoría.

Un riesgo sin dueño, sin fecha y sin decisión asociada no es un riesgo: es una fila de una tabla.

Lo que funciona: pocos riesgos, revisados en el comité que ya tienes y con acciones que alguien firma.

👉 Lo contamos en detalle aquí: https://www.tuconsultor.com/blog/post.html?p=gestion-riesgos-iso-util

#GestiónDeRiesgos #ISO9001 #Calidad #TuConsultor #SistemasDeGestión",https://www.tuconsultor.com/social-img/blog-general.png,https://www.tuconsultor.com/blog/post.html?p=gestion-riesgos-iso-util,,
190,13/09/2026,12:30,instagram,"⚠️ Gestión de riesgos ISO: cómo hacerla útil y no un Excel muerto

Tu matriz de riesgos no debería revivir solo la semana antes de la auditoría.

Pocos riesgos, con dueño y con fecha. El resto es decoración.

📎 Artículo completo: enlace en bio.
❤️ Gestión con corazón desde 2006.

#GestiónDeRiesgos #ISO9001 #Calidad #TuConsultor #SistemasDeGestión #GestiónConCorazón",https://www.tuconsultor.com/social-img/blog-general.png,https://www.tuconsultor.com/blog/post.html?p=gestion-riesgos-iso-util,,
191,14/09/2026,09:00,linkedin,"EFQM 2025: qué cambia y por qué importa a las pymes

El nuevo modelo EFQM no es solo para grandes organizaciones.

Mueve el peso hacia propósito, transformación y resultados percibidos: menos memoria y más evidencia de que la organización se mueve.

Para una pyme eso significa poder empezar por donde duele, sin montar una estructura que no tiene.

👉 Lo contamos en detalle aquí: https://www.tuconsultor.com/blog/post.html?p=efqm-2025-que-cambia

#EFQM #ModeloEFQM #Excelencia #TuConsultor #Pyme",https://www.tuconsultor.com/social-img/efqm.png,https://www.tuconsultor.com/blog/post.html?p=efqm-2025-que-cambia,,
192,14/09/2026,12:30,instagram,"🧭 EFQM 2025: qué cambia y por qué importa a las pymes

El nuevo modelo EFQM no es solo para grandes. Te explico por qué.

Menos memoria, más evidencia de que la organización se mueve de verdad.

📎 Artículo completo: enlace en bio.
❤️ Gestión con corazón desde 2006.

#EFQM #ModeloEFQM #Excelencia #TuConsultor #Pyme #GestiónConCorazón",https://www.tuconsultor.com/social-img/efqm.png,https://www.tuconsultor.com/blog/post.html?p=efqm-2025-que-cambia,,
193,15/09/2026,09:00,linkedin,"El precio de una certificación: por qué lo barato sale caro

""¿Cuánto cuesta el certificado?"" es la pregunta equivocada.

La correcta es: ¿cuánto me cuesta mantenerlo vivo tres años, con auditorías de seguimiento, cambios de norma y rotación de personal?

Un sistema barato de implantar suele ser caro de mantener. Y se nota en la primera auditoría de seguimiento.

👉 Lo contamos en detalle aquí: https://www.tuconsultor.com/blog/post.html?p=precio-certificacion-barato-caro

#Certificación #ISO9001 #Calidad #TuConsultor #Consultoría",https://www.tuconsultor.com/social-img/blog-general.png,https://www.tuconsultor.com/blog/post.html?p=precio-certificacion-barato-caro,,
194,15/09/2026,12:30,instagram,"💸 El precio de una certificación: por qué lo barato sale caro

""¿Cuánto cuesta el certificado?"" es la pregunta equivocada.

La buena es cuánto cuesta mantenerlo vivo tres años. Ahí se ve lo barato que salió.

📎 Artículo completo: enlace en bio.
❤️ Gestión con corazón desde 2006.

#Certificación #ISO9001 #Calidad #TuConsultor #Consultoría #GestiónConCorazón",https://www.tuconsultor.com/social-img/blog-general.png,https://www.tuconsultor.com/blog/post.html?p=precio-certificacion-barato-caro,,
195,16/09/2026,09:00,linkedin,"Checklist: qué preparar antes de la revisión por la dirección

La revisión por la dirección no es una reunión más. Es LA reunión.

Es donde se decide qué se deja de hacer, qué recursos se mueven y qué objetivos cambian. Todo lo demás del sistema alimenta esa hora.

Si sales de ella sin decisiones escritas, no ha habido revisión: ha habido lectura de informes.

👉 Lo contamos en detalle aquí: https://www.tuconsultor.com/blog/post.html?p=checklist-revision-por-la-direccion

#RevisiónPorLaDirección #ISO9001 #Calidad #TuConsultor #SistemasDeGestión",https://www.tuconsultor.com/social-img/blog-general.png,https://www.tuconsultor.com/blog/post.html?p=checklist-revision-por-la-direccion,,
196,16/09/2026,12:30,instagram,"✅ Checklist: qué preparar antes de la revisión por la dirección

La revisión por la dirección no es una reunión más. Es LA reunión.

Si sales sin decisiones escritas, no ha habido revisión: ha habido lectura de informes.

📎 Artículo completo: enlace en bio.
❤️ Gestión con corazón desde 2006.

#RevisiónPorLaDirección #ISO9001 #Calidad #TuConsultor #SistemasDeGestión #GestiónConCorazón",https://www.tuconsultor.com/social-img/blog-general.png,https://www.tuconsultor.com/blog/post.html?p=checklist-revision-por-la-direccion,,
197,17/09/2026,09:00,linkedin,"ISO 27001 + ENS: lo que toda empresa que trabaja con la administración debe saber

Si facturas a la administración pública, el ENS ya no es opcional.

Y si tienes ISO 27001, buena parte del camino está hecho: comparten análisis de riesgos, política, control de proveedores y gestión de incidentes.

Lo que cambia es la categorización del sistema y las medidas mínimas exigidas. Ahí está el trabajo real.

👉 Lo contamos en detalle aquí: https://www.tuconsultor.com/blog/post.html?p=iso-27001-ens-administracion

#ISO27001 #ENS #Ciberseguridad #TuConsultor #SistemasDeGestión",https://www.tuconsultor.com/social-img/iso-27001.png,https://www.tuconsultor.com/blog/post.html?p=iso-27001-ens-administracion,,
198,17/09/2026,12:30,instagram,"🔐 ISO 27001 + ENS: lo que toda empresa que trabaja con la administración debe saber

Si facturas a la administración pública, el ENS ya no es opcional.

Con ISO 27001 llevas medio camino hecho. El resto es categorizar y ajustar medidas.

📎 Artículo completo: enlace en bio.
❤️ Gestión con corazón desde 2006.

#ISO27001 #ENS #Ciberseguridad #TuConsultor #SistemasDeGestión #GestiónConCorazón",https://www.tuconsultor.com/social-img/iso-27001.png,https://www.tuconsultor.com/blog/post.html?p=iso-27001-ens-administracion,,
199,18/09/2026,09:00,linkedin,"De 47 no conformidades a 3: un año de mejora continua real

Heredamos un sistema con 47 no conformidades abiertas, algunas de tres años atrás.

No las cerramos a base de informes: las agrupamos por causa raíz, descubrimos que 31 venían de dos procesos y atacamos esos dos.

Doce meses después quedaban 3. Y ninguna era antigua.

👉 Lo contamos en detalle aquí: https://www.tuconsultor.com/blog/post.html?p=de-47-no-conformidades-a-3

#MejoraContinua #NoConformidades #ISO9001 #TuConsultor #CasoReal",https://www.tuconsultor.com/social-img/blog-general.png,https://www.tuconsultor.com/blog/post.html?p=de-47-no-conformidades-a-3,,
200,18/09/2026,12:30,instagram,"📉 De 47 no conformidades a 3: un año de mejora continua real

Heredamos un sistema con 47 no conformidades abiertas. Así lo ordenamos.

31 venían de solo dos procesos. Atacamos esos dos.

📎 Artículo completo: enlace en bio.
❤️ Gestión con corazón desde 2006.

#MejoraContinua #NoConformidades #ISO9001 #TuConsultor #CasoReal #GestiónConCorazón",https://www.tuconsultor.com/social-img/blog-general.png,https://www.tuconsultor.com/blog/post.html?p=de-47-no-conformidades-a-3,,
201,19/09/2026,09:00,linkedin,"7 indicadores que todo sistema de gestión debería medir (y casi nadie mide)

Medir por medir no sirve. Y medir solo lo que es fácil de sacar, tampoco.

Tiempo de cierre de no conformidades, reincidencia de hallazgos, coste de la no calidad, cumplimiento del plan de formación... Siete indicadores que dicen si el sistema está vivo o solo certificado.

Ninguno necesita un software nuevo.

👉 Lo contamos en detalle aquí: https://www.tuconsultor.com/blog/post.html?p=7-indicadores-sistema-gestion

#KPI #Indicadores #ISO9001 #TuConsultor #SistemasDeGestión",https://www.tuconsultor.com/social-img/blog-general.png,https://www.tuconsultor.com/blog/post.html?p=7-indicadores-sistema-gestion,,
202,19/09/2026,12:30,instagram,"📊 7 indicadores que todo sistema de gestión debería medir (y casi nadie mide)

Medir por medir no sirve. Estos 7 KPI sí mueven la aguja.

Y ninguno necesita que te compres un software nuevo.

📎 Artículo completo: enlace en bio.
❤️ Gestión con corazón desde 2006.

#KPI #Indicadores #ISO9001 #TuConsultor #SistemasDeGestión #GestiónConCorazón",https://www.tuconsultor.com/social-img/blog-general.png,https://www.tuconsultor.com/blog/post.html?p=7-indicadores-sistema-gestion,,
203,20/09/2026,09:00,linkedin,"La IA no va a sustituir al consultor de calidad. Va a sustituir al que no la use

Llevo 20 años en consultoría de sistemas de gestión.

La IA ya redacta procedimientos, cruza requisitos entre normas y prepara auditorías en minutos. Lo que no hace es entrar en una planta, mirar a la cara al responsable de producción y entender por qué nadie sigue el procedimiento.

Esa parte sigue siendo nuestra. La otra conviene automatizarla ya.

👉 Lo contamos en detalle aquí: https://www.tuconsultor.com/blog/post.html?p=ia-consultor-calidad

#InteligenciaArtificial #Consultoría #Calidad #TuConsultor #Futuro",https://www.tuconsultor.com/social-img/blog-general.png,https://www.tuconsultor.com/blog/post.html?p=ia-consultor-calidad,,
204,20/09/2026,12:30,instagram,"🧠 La IA no va a sustituir al consultor de calidad. Va a sustituir al que no la use

Llevo 20 años en consultoría ISO. Esto es lo que está cambiando de verdad.

La IA no entra en una planta a entender por qué nadie sigue el procedimiento. Nosotros sí.

📎 Artículo completo: enlace en bio.
❤️ Gestión con corazón desde 2006.

#InteligenciaArtificial #Consultoría #Calidad #TuConsultor #Futuro #GestiónConCorazón",https://www.tuconsultor.com/social-img/blog-general.png,https://www.tuconsultor.com/blog/post.html?p=ia-consultor-calidad,,
205,21/09/2026,09:00,linkedin,"Auditoría interna: cómo hacerla en 8 horas sin morir en el intento

Una auditoría interna no necesita tres semanas. Necesita método.

Un día bien planificado da para: 1 h de preparación con el plan y los hallazgos anteriores, 5 h de campo por procesos, 1 h de cierre con el equipo y 1 h de informe.

Lo que siempre la alarga es lo mismo: empezar sin preguntas preparadas.

👉 Lo contamos en detalle aquí: https://www.tuconsultor.com/blog/post.html?p=auditoria-interna-8-horas

#AuditoríaInterna #ISO9001 #Calidad #TuConsultor #SistemasDeGestión",https://www.tuconsultor.com/social-img/blog-general.png,https://www.tuconsultor.com/blog/post.html?p=auditoria-interna-8-horas,,
206,21/09/2026,12:30,instagram,"⏱️ Auditoría interna: cómo hacerla en 8 horas sin morir en el intento

Una auditoría interna no necesita 3 semanas. Necesita método.

1 h de preparación + 5 h de campo + 1 h de cierre + 1 h de informe. Un día.

📎 Artículo completo: enlace en bio.
❤️ Gestión con corazón desde 2006.

#AuditoríaInterna #ISO9001 #Calidad #TuConsultor #SistemasDeGestión #GestiónConCorazón",https://www.tuconsultor.com/social-img/blog-general.png,https://www.tuconsultor.com/blog/post.html?p=auditoria-interna-8-horas,,
207,22/09/2026,09:00,linkedin,"Integrar ISO 9001 + 14001 + 45001: menos papeles, un solo sistema

Tres normas no significan tres sistemas. Significan uno bien hecho.

Comparten estructura: contexto, liderazgo, planificación, soporte, operación, evaluación y mejora. Lo específico es el riesgo ambiental y el de seguridad y salud.

Un manual, un mapa de procesos, una auditoría interna y una revisión por la dirección. El resto es duplicar trabajo.

👉 Lo contamos en detalle aquí: https://www.tuconsultor.com/blog/post.html?p=integrar-9001-14001-45001

#ISO9001 #ISO14001 #ISO45001 #SistemasIntegrados #TuConsultor",https://www.tuconsultor.com/social-img/blog-general.png,https://www.tuconsultor.com/blog/post.html?p=integrar-9001-14001-45001,,
208,22/09/2026,12:30,instagram,"🧩 Integrar ISO 9001 + 14001 + 45001: menos papeles, un solo sistema

Tres normas no significan tres sistemas. Significan uno bien hecho.

Un manual, un mapa de procesos, una auditoría y una revisión. El resto es duplicar trabajo.

📎 Artículo completo: enlace en bio.
❤️ Gestión con corazón desde 2006.

#ISO9001 #ISO14001 #ISO45001 #SistemasIntegrados #TuConsultor #GestiónConCorazón",https://www.tuconsultor.com/social-img/blog-general.png,https://www.tuconsultor.com/blog/post.html?p=integrar-9001-14001-45001,,
209,23/09/2026,09:00,linkedin,"Cómo redactar una no conformidad que de verdad sirva para mejorar

""Falta de compromiso"" no es una no conformidad. Es una excusa mal escrita.

Una no conformidad útil tiene tres partes: el requisito incumplido, la evidencia objetiva y la desviación entre ambos. Sin juicios, sin nombres y sin adjetivos.

Si quien la lee no sabe qué corregir, está mal redactada.

👉 Lo contamos en detalle aquí: https://www.tuconsultor.com/blog/post.html?p=como-redactar-no-conformidad

#NoConformidades #Auditoría #ISO9001 #TuConsultor #Calidad",https://www.tuconsultor.com/social-img/blog-general.png,https://www.tuconsultor.com/blog/post.html?p=como-redactar-no-conformidad,,
210,23/09/2026,12:30,instagram,"✍️ Cómo redactar una no conformidad que de verdad sirva para mejorar

""Falta de compromiso"" no es una no conformidad. Es una excusa mal escrita.

Requisito + evidencia + desviación. Sin juicios, sin nombres y sin adjetivos.

📎 Artículo completo: enlace en bio.
❤️ Gestión con corazón desde 2006.

#NoConformidades #Auditoría #ISO9001 #TuConsultor #Calidad #GestiónConCorazón",https://www.tuconsultor.com/social-img/blog-general.png,https://www.tuconsultor.com/blog/post.html?p=como-redactar-no-conformidad,,
211,24/09/2026,09:00,linkedin,"ISO 9001 vs EFQM: ¿cuál necesita tu empresa?

No son competidoras. Son etapas distintas del mismo camino.

ISO 9001 te da control: procesos definidos, trazabilidad y un certificado que abre puertas. EFQM te da dirección: propósito, cultura y resultados en todos los grupos de interés.

Primero ordenas la casa. Después decides hacia dónde la llevas.

👉 Lo contamos en detalle aquí: https://www.tuconsultor.com/blog/post.html?p=iso-9001-vs-efqm

#ISO9001 #EFQM #Excelencia #TuConsultor #SistemasDeGestión",https://www.tuconsultor.com/social-img/iso-9001.png,https://www.tuconsultor.com/blog/post.html?p=iso-9001-vs-efqm,,
212,24/09/2026,12:30,instagram,"⚖️ ISO 9001 vs EFQM: ¿cuál necesita tu empresa?

No son competidoras. Son etapas distintas del mismo camino.

ISO 9001 te da control. EFQM te da dirección.

📎 Artículo completo: enlace en bio.
❤️ Gestión con corazón desde 2006.

#ISO9001 #EFQM #Excelencia #TuConsultor #SistemasDeGestión #GestiónConCorazón",https://www.tuconsultor.com/social-img/iso-9001.png,https://www.tuconsultor.com/blog/post.html?p=iso-9001-vs-efqm,,
213,25/09/2026,09:00,linkedin,"Cómo elegir consultora ISO: 6 preguntas antes de firmar

No todas las consultoras trabajan igual, aunque el presupuesto se parezca.

¿Quién va a estar en mi empresa, el comercial o el consultor? ¿La documentación es mía o de una plantilla? ¿Qué pasa el día después del certificado? ¿Me acompañáis en la auditoría?

Seis preguntas separan el grano de la paja antes de firmar.

👉 Lo contamos en detalle aquí: https://www.tuconsultor.com/blog/post.html?p=como-elegir-consultora-iso

#Consultoría #ISO9001 #Certificación #TuConsultor #Pyme",https://www.tuconsultor.com/social-img/blog-general.png,https://www.tuconsultor.com/blog/post.html?p=como-elegir-consultora-iso,,
214,25/09/2026,12:30,instagram,"🤝 Cómo elegir consultora ISO: 6 preguntas antes de firmar

No todas las consultoras trabajan igual. Estas preguntas separan el grano de la paja.

La primera: ¿quién va a estar en mi empresa, el comercial o el consultor?

📎 Artículo completo: enlace en bio.
❤️ Gestión con corazón desde 2006.

#Consultoría #ISO9001 #Certificación #TuConsultor #Pyme #GestiónConCorazón",https://www.tuconsultor.com/social-img/blog-general.png,https://www.tuconsultor.com/blog/post.html?p=como-elegir-consultora-iso,,
215,26/09/2026,09:00,linkedin,"ISO 56001: gestionar la innovación también se certifica

Innovar sin sistema es tener suerte. Innovar con sistema es tener método.

ISO 56001 pone estructura a lo que muchas empresas ya hacen a ratos: captar ideas, evaluarlas con criterio, asignar recursos y medir el retorno.

Y convierte la innovación en algo auditable, financiable y defendible ante un cliente.

👉 Lo contamos en detalle aquí: https://www.tuconsultor.com/blog/post.html?p=iso-56001-innovacion

#ISO56001 #Innovación #Gestión #TuConsultor #SistemasDeGestión",https://www.tuconsultor.com/social-img/iso-56001.png,https://www.tuconsultor.com/blog/post.html?p=iso-56001-innovacion,,
216,26/09/2026,12:30,instagram,"💡 ISO 56001: gestionar la innovación también se certifica

Innovar sin sistema es tener suerte. Innovar con sistema es tener método.

ISO 56001 convierte la innovación en algo auditable y financiable.

📎 Artículo completo: enlace en bio.
❤️ Gestión con corazón desde 2006.

#ISO56001 #Innovación #Gestión #TuConsultor #SistemasDeGestión #GestiónConCorazón",https://www.tuconsultor.com/social-img/iso-56001.png,https://www.tuconsultor.com/blog/post.html?p=iso-56001-innovacion,,
217,27/09/2026,09:00,linkedin,"Auditoría externa superada a la primera: qué hizo diferente este cliente

No fue magia. Fueron tres hábitos mantenidos durante doce meses.

Registrar en el momento y no la víspera. Cerrar cada no conformidad con evidencia de eficacia. Y una reunión mensual de 30 minutos para revisar indicadores.

Llegaron a la auditoría sin preparar nada. Porque ya estaba preparado.

👉 Lo contamos en detalle aquí: https://www.tuconsultor.com/blog/post.html?p=auditoria-externa-a-la-primera

#Auditoría #ISO9001 #Certificación #TuConsultor #CasoReal",https://www.tuconsultor.com/social-img/blog-general.png,https://www.tuconsultor.com/blog/post.html?p=auditoria-externa-a-la-primera,,
218,27/09/2026,12:30,instagram,"🎯 Auditoría externa superada a la primera: qué hizo diferente este cliente

No fue magia. Fueron 3 hábitos mantenidos durante 12 meses.

Llegaron a la auditoría sin preparar nada. Porque ya estaba preparado.

📎 Artículo completo: enlace en bio.
❤️ Gestión con corazón desde 2006.

#Auditoría #ISO9001 #Certificación #TuConsultor #CasoReal #GestiónConCorazón",https://www.tuconsultor.com/social-img/blog-general.png,https://www.tuconsultor.com/blog/post.html?p=auditoria-externa-a-la-primera,,
219,28/09/2026,09:00,linkedin,"Plan de Igualdad: checklist de obligaciones para empresas de más de 50 empleados

Si tienes más de 50 personas en plantilla y no tienes plan de igualdad registrado, tienes un problema. Y es sancionable.

Diagnóstico negociado, comisión constituida, auditoría retributiva, medidas con calendario y registro en REGCON. En ese orden.

No es un documento: es un procedimiento con plazos.

👉 Lo contamos en detalle aquí: https://www.tuconsultor.com/blog/post.html?p=plan-igualdad-checklist

#PlanDeIgualdad #Cumplimiento #RRHH #TuConsultor #Empresa",https://www.tuconsultor.com/social-img/blog-general.png,https://www.tuconsultor.com/blog/post.html?p=plan-igualdad-checklist,,
220,28/09/2026,12:30,instagram,"⚖️ Plan de Igualdad: checklist de obligaciones para empresas de más de 50 empleados

Si tienes más de 50 empleados y no tienes plan de igualdad, tienes un problema.

No es un documento: es un procedimiento con plazos. Y es sancionable.

📎 Artículo completo: enlace en bio.
❤️ Gestión con corazón desde 2006.

#PlanDeIgualdad #Cumplimiento #RRHH #TuConsultor #Empresa #GestiónConCorazón",https://www.tuconsultor.com/social-img/blog-general.png,https://www.tuconsultor.com/blog/post.html?p=plan-igualdad-checklist,,
221,29/09/2026,09:00,linkedin,"Madrid Excelente: qué es y qué aporta el sello

Hay un sello que mide gestión, clientes y compromiso social. Y pocas empresas de la región lo conocen.

Madrid Excelente evalúa con lógica de excelencia, no de cumplimiento: cómo gestionas, qué resultados obtienes y qué devuelves al entorno.

Suma en licitaciones y, sobre todo, ordena la casa por dentro.

👉 Lo contamos en detalle aquí: https://www.tuconsultor.com/blog/post.html?p=madrid-excelente-que-es

#MadridExcelente #Excelencia #Calidad #TuConsultor #Madrid",https://www.tuconsultor.com/social-img/madrid-excelente.png,https://www.tuconsultor.com/blog/post.html?p=madrid-excelente-que-es,,
222,29/09/2026,12:30,instagram,"🏅 Madrid Excelente: qué es y qué aporta el sello

Un sello que mide gestión, clientes y compromiso social. Y pocas empresas lo conocen.

Suma en licitaciones y, sobre todo, ordena la casa por dentro.

📎 Artículo completo: enlace en bio.
❤️ Gestión con corazón desde 2006.

#MadridExcelente #Excelencia #Calidad #TuConsultor #Madrid #GestiónConCorazón",https://www.tuconsultor.com/social-img/madrid-excelente.png,https://www.tuconsultor.com/blog/post.html?p=madrid-excelente-que-es,,
223,30/09/2026,09:00,linkedin,"¿Cuál es el mayor freno para certificarse? Preguntamos a gerentes de pyme

Pregunta honesta a gerentes de pyme: ¿qué os frena de verdad?

No fue el precio. Fue el miedo a la burocracia y a que el sistema acabe dependiendo de una sola persona que un día se va.

Ambas cosas tienen solución. Ninguna se resuelve con más documentos.

👉 Lo contamos en detalle aquí: https://www.tuconsultor.com/blog/post.html?p=mayor-freno-para-certificarse

#Pyme #Certificación #ISO9001 #TuConsultor #Gestión",https://www.tuconsultor.com/social-img/blog-general.png,https://www.tuconsultor.com/blog/post.html?p=mayor-freno-para-certificarse,,
224,30/09/2026,12:30,instagram,"🚧 ¿Cuál es el mayor freno para certificarse? Preguntamos a gerentes de pyme

Preguntamos a gerentes de pyme qué les frena de verdad. La respuesta no fue el precio.

Fue el miedo a la burocracia y a depender de una sola persona.

📎 Artículo completo: enlace en bio.
❤️ Gestión con corazón desde 2006.

#Pyme #Certificación #ISO9001 #TuConsultor #Gestión #GestiónConCorazón",https://www.tuconsultor.com/social-img/blog-general.png,https://www.tuconsultor.com/blog/post.html?p=mayor-freno-para-certificarse,,
225,01/10/2026,09:00,linkedin,"20 años de consultoría: lo que aprendimos de nuestros errores

No siempre acertamos. Estas son tres lecciones que nos costaron caras.

Entregar sistemas perfectos que nadie usaba. Aceptar plazos imposibles por no perder el proyecto. Y confundir al cliente que firma con el cliente que trabaja.

Veinte años después, seguimos corrigiendo.

👉 Lo contamos en detalle aquí: https://www.tuconsultor.com/blog/post.html?p=20-anos-lecciones

#Consultoría #Aprendizaje #TuConsultor #GestiónConCorazón #Empresa",https://www.tuconsultor.com/social-img/blog-general.png,https://www.tuconsultor.com/blog/post.html?p=20-anos-lecciones,,
226,01/10/2026,12:30,instagram,"📚 20 años de consultoría: lo que aprendimos de nuestros errores

No siempre acertamos. Estas son 3 lecciones que nos costaron caras.

Veinte años después, seguimos corrigiendo.

📎 Artículo completo: enlace en bio.
❤️ Gestión con corazón desde 2006.

#Consultoría #Aprendizaje #TuConsultor #GestiónConCorazón #Empresa #GestiónConCorazón",https://www.tuconsultor.com/social-img/blog-general.png,https://www.tuconsultor.com/blog/post.html?p=20-anos-lecciones,,
227,02/10/2026,09:00,linkedin,"Así gestionamos 9 normas y 5 modelos de consultoría con Consultify

Construimos nuestra propia plataforma porque ninguna herramienta encajaba.

Nueve normas y cinco modelos conviviendo en un solo sitio: requisitos cruzados, evidencias reutilizadas y el estado real de cada cliente en una pantalla.

Lo que antes eran carpetas, ahora es un panel.

👉 Lo contamos en detalle aquí: https://www.tuconsultor.com/blog/post.html?p=consultify-9-normas-5-modelos

#Consultify #Consultoría #Digitalización #TuConsultor #SistemasDeGestión",https://www.tuconsultor.com/social-img/blog-general.png,https://www.tuconsultor.com/blog/post.html?p=consultify-9-normas-5-modelos,,
228,02/10/2026,12:30,instagram,"🛠️ Así gestionamos 9 normas y 5 modelos de consultoría con Consultify

Ninguna herramienta encajaba. Así que construimos la nuestra.

Nueve normas y cinco modelos en una sola pantalla.

📎 Artículo completo: enlace en bio.
❤️ Gestión con corazón desde 2006.

#Consultify #Consultoría #Digitalización #TuConsultor #SistemasDeGestión #GestiónConCorazón",https://www.tuconsultor.com/social-img/blog-general.png,https://www.tuconsultor.com/blog/post.html?p=consultify-9-normas-5-modelos,,
229,03/10/2026,09:00,linkedin,"Un día con nuestras consultoras: cómo es un proyecto por dentro

Spoiler: hay menos papeleo y más conversaciones de las que imaginas.

Una mañana en planta preguntando cómo se hace realmente el trabajo. Una tarde traduciendo eso a un procedimiento que alguien pueda seguir. Y una llamada para desatascar lo que nadie se atreve a decir en la reunión.

Eso es el 80% del oficio.

👉 Lo contamos en detalle aquí: https://www.tuconsultor.com/blog/post.html?p=un-dia-con-nuestras-consultoras

#Consultoría #Equipo #TuConsultor #GestiónConCorazón #DetrásDeLaEscena",https://www.tuconsultor.com/social-img/blog-general.png,https://www.tuconsultor.com/blog/post.html?p=un-dia-con-nuestras-consultoras,,
230,03/10/2026,12:30,instagram,"👩‍💼 Un día con nuestras consultoras: cómo es un proyecto por dentro

Spoiler: hay menos papeleo y más conversaciones de las que imaginas.

Ese es el 80% del oficio.

📎 Artículo completo: enlace en bio.
❤️ Gestión con corazón desde 2006.

#Consultoría #Equipo #TuConsultor #GestiónConCorazón #DetrásDeLaEscena #GestiónConCorazón",https://www.tuconsultor.com/social-img/blog-general.png,https://www.tuconsultor.com/blog/post.html?p=un-dia-con-nuestras-consultoras,,
231,04/10/2026,09:00,linkedin,"Desde 2006 gestionando con el corazón: quiénes somos

Detrás de cada certificado hay un equipo. Este es el nuestro.

Veinte años acompañando a pymes, hospitales, colegios y administraciones a ordenar su gestión sin perder lo que las hace distintas.

No vendemos papeles. Acompañamos decisiones.

👉 Lo contamos en detalle aquí: https://www.tuconsultor.com/blog/post.html?p=quienes-somos-tuconsultor

#TuConsultor #GestiónConCorazón #Equipo #Consultoría #Desde2006",https://www.tuconsultor.com/social-img/blog-general.png,https://www.tuconsultor.com/blog/post.html?p=quienes-somos-tuconsultor,,
232,04/10/2026,12:30,instagram,"❤️ Desde 2006 gestionando con el corazón: quiénes somos

Detrás de cada certificado hay un equipo. Este es el nuestro.

No vendemos papeles. Acompañamos decisiones.

📎 Artículo completo: enlace en bio.
❤️ Gestión con corazón desde 2006.

#TuConsultor #GestiónConCorazón #Equipo #Consultoría #Desde2006 #GestiónConCorazón",https://www.tuconsultor.com/social-img/blog-general.png,https://www.tuconsultor.com/blog/post.html?p=quienes-somos-tuconsultor,,
233,09/09/2026,19:00,linkedin,"Calidad en un Excel. Proyectos en otro. Así no se gestiona. Se sobrevive.

Orbita · PM Tool: toda la gestión en un solo portal.

Orbita · PM Tool, el portal de gestión de TuConsultor.
👉 https://www.tuconsultor.com/orbita/?utm_source=linkedin&utm_medium=social&utm_campaign=orbita&utm_content=a01

#OrbitaPMTool #GestiónDeProyectos #TuConsultor",https://www.tuconsultor.com/social-img/orbita/A01_linkedin.png,https://www.tuconsultor.com/orbita/,,
234,09/09/2026,19:00,instagram,"Calidad en un Excel. Proyectos en otro. Así no se gestiona. Se sobrevive.

Orbita · PM Tool: toda la gestión en un solo portal.

Pide una demo de Orbita · PM Tool.
Enlace en bio.

❤️ Gestión con corazón desde 2006.

#OrbitaPMTool #GestiónDeProyectos #TuConsultor #GestiónConCorazón #Orbita",https://www.tuconsultor.com/social-img/orbita/A01_instagram.png,https://www.tuconsultor.com/orbita/,,
235,10/09/2026,19:00,linkedin,"Tu ISO no falla en la auditoría. Falla los otros 364 días.

Con Orbita el sistema se mantiene cada semana, no la víspera.

Mantén tu ISO viva con Orbita · PM Tool.
👉 https://www.tuconsultor.com/orbita/?utm_source=linkedin&utm_medium=social&utm_campaign=orbita&utm_content=b01

#ISO9001 #SistemasDeGestión #TuConsultor",https://www.tuconsultor.com/social-img/orbita/B01_linkedin.png,https://www.tuconsultor.com/orbita/,,
236,10/09/2026,19:00,instagram,"Tu ISO no falla en la auditoría. Falla los otros 364 días.

Con Orbita el sistema se mantiene cada semana, no la víspera.

Tu sistema de gestión, semana a semana, en Orbita.
Enlace en bio.

❤️ Gestión con corazón desde 2006.

#ISO9001 #SistemasDeGestión #TuConsultor #GestiónConCorazón #Orbita",https://www.tuconsultor.com/social-img/orbita/B01_instagram.png,https://www.tuconsultor.com/orbita/,,
237,11/09/2026,19:00,linkedin,"Sabes qué hay que hacer. Lo que no sabes es quién lo está haciendo.

Procesos con tareas, responsables y plazos que se ven.

Procesos con tareas, responsables y plazos. En Orbita.
👉 https://www.tuconsultor.com/orbita/?utm_source=linkedin&utm_medium=social&utm_campaign=orbita&utm_content=c01

#Procesos #Productividad #TuConsultor",https://www.tuconsultor.com/social-img/orbita/C01_linkedin.png,https://www.tuconsultor.com/orbita/,,
238,11/09/2026,19:00,instagram,"Sabes qué hay que hacer. Lo que no sabes es quién lo está haciendo.

Procesos con tareas, responsables y plazos que se ven.

Pide una demo de Orbita · PM Tool.
Enlace en bio.

❤️ Gestión con corazón desde 2006.

#Procesos #Productividad #TuConsultor #GestiónConCorazón #Orbita",https://www.tuconsultor.com/social-img/orbita/C01_instagram.png,https://www.tuconsultor.com/orbita/,,
239,12/09/2026,19:00,linkedin,"¿Cómo va el proyecto? Ya no es una pregunta. Es una pantalla.

Evolución en tiempo real. Sin pedir informes.

Dashboard en tiempo real con Orbita · PM Tool.
👉 https://www.tuconsultor.com/orbita/?utm_source=linkedin&utm_medium=social&utm_campaign=orbita&utm_content=d01

#Dashboard #Dirección #TuConsultor",https://www.tuconsultor.com/social-img/orbita/D01_linkedin.png,https://www.tuconsultor.com/orbita/,,
240,12/09/2026,19:00,instagram,"¿Cómo va el proyecto? Ya no es una pregunta. Es una pantalla.

Evolución en tiempo real. Sin pedir informes.

Pide una demo y mira tus proyectos en vivo.
Enlace en bio.

❤️ Gestión con corazón desde 2006.

#Dashboard #Dirección #TuConsultor #GestiónConCorazón #Orbita",https://www.tuconsultor.com/social-img/orbita/D01_instagram.png,https://www.tuconsultor.com/orbita/,,
241,13/09/2026,19:00,linkedin,"Tu ISO en semanas. No en un año de reuniones.

Portal controlado, plan cerrado, fechas a la vista.

Tu ISO en semanas, en un portal controlado. TuConsultor + Orbita.
👉 https://www.tuconsultor.com/orbita/?utm_source=linkedin&utm_medium=social&utm_campaign=orbita&utm_content=e01

#ISO9001 #Certificación #TuConsultor",https://www.tuconsultor.com/social-img/orbita/E01_linkedin.png,https://www.tuconsultor.com/orbita/,,
242,13/09/2026,19:00,instagram,"Tu ISO en semanas. No en un año de reuniones.

Portal controlado, plan cerrado, fechas a la vista.

Pide el plan por semanas de tu certificación.
Enlace en bio.

❤️ Gestión con corazón desde 2006.

#ISO9001 #Certificación #TuConsultor #GestiónConCorazón #Orbita",https://www.tuconsultor.com/social-img/orbita/E01_instagram.png,https://www.tuconsultor.com/orbita/,,
243,,19:00,linkedin,"Relación, Implicación o Compromiso. Tres formas de trabajar contigo.

Una herramienta para las tres.

Relación, Implicación o Compromiso: elige cuánto nos metemos.
👉 https://www.tuconsultor.com/orbita/?utm_source=linkedin&utm_medium=social&utm_campaign=orbita&utm_content=f01

#SistemasDeGestión #Consultoría #TuConsultor",https://www.tuconsultor.com/social-img/orbita/F01_linkedin.png,https://www.tuconsultor.com/orbita/,,
244,,19:00,instagram,"Relación, Implicación o Compromiso. Tres formas de trabajar contigo.

Una herramienta para las tres.

Sistemas de gestión con acompañamiento a medida. TuConsultor desde 2006.
Enlace en bio.

❤️ Gestión con corazón desde 2006.

#SistemasDeGestión #Consultoría #TuConsultor #GestiónConCorazón #Orbita",https://www.tuconsultor.com/social-img/orbita/F01_instagram.png,https://www.tuconsultor.com/orbita/,,
245,,19:00,linkedin,"Un portal. Todos los proyectos. Todo el equipo. Y el cliente dentro.

Se acabó el ""te lo paso por correo"".

Orbita · PM Tool, el portal de gestión de TuConsultor.
👉 https://www.tuconsultor.com/orbita/?utm_source=linkedin&utm_medium=social&utm_campaign=orbita&utm_content=a02

#OrbitaPMTool #GestiónDeProyectos #TuConsultor",https://www.tuconsultor.com/social-img/orbita/A02_linkedin.png,https://www.tuconsultor.com/orbita/,,
246,,19:00,instagram,"Un portal. Todos los proyectos. Todo el equipo. Y el cliente dentro.

Se acabó el ""te lo paso por correo"".

Pide una demo de Orbita · PM Tool.
Enlace en bio.

❤️ Gestión con corazón desde 2006.

#OrbitaPMTool #GestiónDeProyectos #TuConsultor #GestiónConCorazón #Orbita",https://www.tuconsultor.com/social-img/orbita/A02_instagram.png,https://www.tuconsultor.com/orbita/,,
247,,19:00,linkedin,"No conformidad abierta 8 meses. Nadie la vio. Nadie la buscó.

Cada acción con dueño, fecha y evidencia. A la vista.

Mantén tu ISO viva con Orbita · PM Tool.
👉 https://www.tuconsultor.com/orbita/?utm_source=linkedin&utm_medium=social&utm_campaign=orbita&utm_content=b02

#ISO9001 #SistemasDeGestión #TuConsultor",https://www.tuconsultor.com/social-img/orbita/B02_linkedin.png,https://www.tuconsultor.com/orbita/,,
248,,19:00,instagram,"No conformidad abierta 8 meses. Nadie la vio. Nadie la buscó.

Cada acción con dueño, fecha y evidencia. A la vista.

Tu sistema de gestión, semana a semana, en Orbita.
Enlace en bio.

❤️ Gestión con corazón desde 2006.

#ISO9001 #SistemasDeGestión #TuConsultor #GestiónConCorazón #Orbita",https://www.tuconsultor.com/social-img/orbita/B02_instagram.png,https://www.tuconsultor.com/orbita/,,
249,,19:00,linkedin,"""Lo tengo pendiente"" no es un estado. Es una alarma.

Tareas por proceso, cada una con su semáforo.

Procesos con tareas, responsables y plazos. En Orbita.
👉 https://www.tuconsultor.com/orbita/?utm_source=linkedin&utm_medium=social&utm_campaign=orbita&utm_content=c02

#Procesos #Productividad #TuConsultor",https://www.tuconsultor.com/social-img/orbita/C02_linkedin.png,https://www.tuconsultor.com/orbita/,,
250,,19:00,instagram,"""Lo tengo pendiente"" no es un estado. Es una alarma.

Tareas por proceso, cada una con su semáforo.

Pide una demo de Orbita · PM Tool.
Enlace en bio.

❤️ Gestión con corazón desde 2006.

#Procesos #Productividad #TuConsultor #GestiónConCorazón #Orbita",https://www.tuconsultor.com/social-img/orbita/C02_instagram.png,https://www.tuconsultor.com/orbita/,,
251,,19:00,linkedin,"El informe de seguimiento del lunes ya estaba viejo el martes.

Dashboard en tiempo real. Para ti y para tu cliente.

Dashboard en tiempo real con Orbita · PM Tool.
👉 https://www.tuconsultor.com/orbita/?utm_source=linkedin&utm_medium=social&utm_campaign=orbita&utm_content=d02

#Dashboard #Dirección #TuConsultor",https://www.tuconsultor.com/social-img/orbita/D02_linkedin.png,https://www.tuconsultor.com/orbita/,,
252,,19:00,instagram,"El informe de seguimiento del lunes ya estaba viejo el martes.

Dashboard en tiempo real. Para ti y para tu cliente.

Pide una demo y mira tus proyectos en vivo.
Enlace en bio.

❤️ Gestión con corazón desde 2006.

#Dashboard #Dirección #TuConsultor #GestiónConCorazón #Orbita",https://www.tuconsultor.com/social-img/orbita/D02_instagram.png,https://www.tuconsultor.com/orbita/,,
253,,19:00,linkedin,"ISO 9001 desde cero: 12 semanas, un portal, un plan.

Cada semana sabes qué toca. Y quién.

Tu ISO en semanas, en un portal controlado. TuConsultor + Orbita.
👉 https://www.tuconsultor.com/orbita/?utm_source=linkedin&utm_medium=social&utm_campaign=orbita&utm_content=e02

#ISO9001 #Certificación #TuConsultor",https://www.tuconsultor.com/social-img/orbita/E02_linkedin.png,https://www.tuconsultor.com/orbita/,,
254,,19:00,instagram,"ISO 9001 desde cero: 12 semanas, un portal, un plan.

Cada semana sabes qué toca. Y quién.

Pide el plan por semanas de tu certificación.
Enlace en bio.

❤️ Gestión con corazón desde 2006.

#ISO9001 #Certificación #TuConsultor #GestiónConCorazón #Orbita",https://www.tuconsultor.com/social-img/orbita/E02_instagram.png,https://www.tuconsultor.com/orbita/,,
255,,19:00,linkedin,"Relación: te acompañamos. Implicación: lo hacemos contigo. Compromiso: lo hacemos y respondemos.

Tú eliges la distancia.

Relación, Implicación o Compromiso: elige cuánto nos metemos.
👉 https://www.tuconsultor.com/orbita/?utm_source=linkedin&utm_medium=social&utm_campaign=orbita&utm_content=f02

#SistemasDeGestión #Consultoría #TuConsultor",https://www.tuconsultor.com/social-img/orbita/F02_linkedin.png,https://www.tuconsultor.com/orbita/,,
256,,19:00,instagram,"Relación: te acompañamos. Implicación: lo hacemos contigo. Compromiso: lo hacemos y respondemos.

Tú eliges la distancia.

Sistemas de gestión con acompañamiento a medida. TuConsultor desde 2006.
Enlace en bio.

❤️ Gestión con corazón desde 2006.

#SistemasDeGestión #Consultoría #TuConsultor #GestiónConCorazón #Orbita",https://www.tuconsultor.com/social-img/orbita/F02_instagram.png,https://www.tuconsultor.com/orbita/,,
257,,19:00,linkedin,"Cuatro carpetas, tres Drive y un WhatsApp. Eso no es un sistema.

Un portal donde todo tiene sitio y dueño.

Orbita · PM Tool, el portal de gestión de TuConsultor.
👉 https://www.tuconsultor.com/orbita/?utm_source=linkedin&utm_medium=social&utm_campaign=orbita&utm_content=a03

#OrbitaPMTool #GestiónDeProyectos #TuConsultor",https://www.tuconsultor.com/social-img/orbita/A03_linkedin.png,https://www.tuconsultor.com/orbita/,,
258,,19:00,instagram,"Cuatro carpetas, tres Drive y un WhatsApp. Eso no es un sistema.

Un portal donde todo tiene sitio y dueño.

Pide una demo de Orbita · PM Tool.
Enlace en bio.

❤️ Gestión con corazón desde 2006.

#OrbitaPMTool #GestiónDeProyectos #TuConsultor #GestiónConCorazón #Orbita",https://www.tuconsultor.com/social-img/orbita/A03_instagram.png,https://www.tuconsultor.com/orbita/,,
259,,19:00,linkedin,"El sistema de gestión no es la carpeta. Es lo que pasa cada semana.

Orbita lo convierte en rutina.

Mantén tu ISO viva con Orbita · PM Tool.
👉 https://www.tuconsultor.com/orbita/?utm_source=linkedin&utm_medium=social&utm_campaign=orbita&utm_content=b03

#ISO9001 #SistemasDeGestión #TuConsultor",https://www.tuconsultor.com/social-img/orbita/B03_linkedin.png,https://www.tuconsultor.com/orbita/,,
260,,19:00,instagram,"El sistema de gestión no es la carpeta. Es lo que pasa cada semana.

Orbita lo convierte en rutina.

Tu sistema de gestión, semana a semana, en Orbita.
Enlace en bio.

❤️ Gestión con corazón desde 2006.

#ISO9001 #SistemasDeGestión #TuConsultor #GestiónConCorazón #Orbita",https://www.tuconsultor.com/social-img/orbita/B03_instagram.png,https://www.tuconsultor.com/orbita/,,
261,,19:00,linkedin,"El procedimiento dice qué. Orbita dice quién y cuándo.

Cada proceso con sus tareas asignadas.

Procesos con tareas, responsables y plazos. En Orbita.
👉 https://www.tuconsultor.com/orbita/?utm_source=linkedin&utm_medium=social&utm_campaign=orbita&utm_content=c03

#Procesos #Productividad #TuConsultor",https://www.tuconsultor.com/social-img/orbita/C03_linkedin.png,https://www.tuconsultor.com/orbita/,,
262,,19:00,instagram,"El procedimiento dice qué. Orbita dice quién y cuándo.

Cada proceso con sus tareas asignadas.

Pide una demo de Orbita · PM Tool.
Enlace en bio.

❤️ Gestión con corazón desde 2006.

#Procesos #Productividad #TuConsultor #GestiónConCorazón #Orbita",https://www.tuconsultor.com/social-img/orbita/C03_instagram.png,https://www.tuconsultor.com/orbita/,,
263,,19:00,linkedin,"Un dashboard que se actualiza solo es una reunión menos.

Por semana. Cada semana.

Dashboard en tiempo real con Orbita · PM Tool.
👉 https://www.tuconsultor.com/orbita/?utm_source=linkedin&utm_medium=social&utm_campaign=orbita&utm_content=d03

#Dashboard #Dirección #TuConsultor",https://www.tuconsultor.com/social-img/orbita/D03_linkedin.png,https://www.tuconsultor.com/orbita/,,
264,,19:00,instagram,"Un dashboard que se actualiza solo es una reunión menos.

Por semana. Cada semana.

Pide una demo y mira tus proyectos en vivo.
Enlace en bio.

❤️ Gestión con corazón desde 2006.

#Dashboard #Dirección #TuConsultor #GestiónConCorazón #Orbita",https://www.tuconsultor.com/social-img/orbita/D03_instagram.png,https://www.tuconsultor.com/orbita/,,
265,,19:00,linkedin,"Certificarse no es lento. Es desordenado.

Ordénalo en un portal y mira lo que tarda.

Tu ISO en semanas, en un portal controlado. TuConsultor + Orbita.
👉 https://www.tuconsultor.com/orbita/?utm_source=linkedin&utm_medium=social&utm_campaign=orbita&utm_content=e03

#ISO9001 #Certificación #TuConsultor",https://www.tuconsultor.com/social-img/orbita/E03_linkedin.png,https://www.tuconsultor.com/orbita/,,
266,,19:00,instagram,"Certificarse no es lento. Es desordenado.

Ordénalo en un portal y mira lo que tarda.

Pide el plan por semanas de tu certificación.
Enlace en bio.

❤️ Gestión con corazón desde 2006.

#ISO9001 #Certificación #TuConsultor #GestiónConCorazón #Orbita",https://www.tuconsultor.com/social-img/orbita/E03_instagram.png,https://www.tuconsultor.com/orbita/,,
267,,19:00,linkedin,"No vendemos horas. Vendemos un sistema que funciona.

Y un modelo de relación que lo mantiene.

Relación, Implicación o Compromiso: elige cuánto nos metemos.
👉 https://www.tuconsultor.com/orbita/?utm_source=linkedin&utm_medium=social&utm_campaign=orbita&utm_content=f03

#SistemasDeGestión #Consultoría #TuConsultor",https://www.tuconsultor.com/social-img/orbita/F03_linkedin.png,https://www.tuconsultor.com/orbita/,,
268,,19:00,instagram,"No vendemos horas. Vendemos un sistema que funciona.

Y un modelo de relación que lo mantiene.

Sistemas de gestión con acompañamiento a medida. TuConsultor desde 2006.
Enlace en bio.

❤️ Gestión con corazón desde 2006.

#SistemasDeGestión #Consultoría #TuConsultor #GestiónConCorazón #Orbita",https://www.tuconsultor.com/social-img/orbita/F03_instagram.png,https://www.tuconsultor.com/orbita/,,
269,,19:00,linkedin,"La versión buena del procedimiento está en el portátil de alguien.

En Orbita hay una versión. La vigente.

Orbita · PM Tool, el portal de gestión de TuConsultor.
👉 https://www.tuconsultor.com/orbita/?utm_source=linkedin&utm_medium=social&utm_campaign=orbita&utm_content=a04

#OrbitaPMTool #GestiónDeProyectos #TuConsultor",https://www.tuconsultor.com/social-img/orbita/A04_linkedin.png,https://www.tuconsultor.com/orbita/,,
270,,19:00,instagram,"La versión buena del procedimiento está en el portátil de alguien.

En Orbita hay una versión. La vigente.

Pide una demo de Orbita · PM Tool.
Enlace en bio.

❤️ Gestión con corazón desde 2006.

#OrbitaPMTool #GestiónDeProyectos #TuConsultor #GestiónConCorazón #Orbita",https://www.tuconsultor.com/social-img/orbita/A04_instagram.png,https://www.tuconsultor.com/orbita/,,
271,,19:00,linkedin,"Auditoría interna en octubre. Evidencias desde enero.

Registrar en el momento, no la víspera.

Mantén tu ISO viva con Orbita · PM Tool.
👉 https://www.tuconsultor.com/orbita/?utm_source=linkedin&utm_medium=social&utm_campaign=orbita&utm_content=b04

#ISO9001 #SistemasDeGestión #TuConsultor",https://www.tuconsultor.com/social-img/orbita/B04_linkedin.png,https://www.tuconsultor.com/orbita/,,
272,,19:00,instagram,"Auditoría interna en octubre. Evidencias desde enero.

Registrar en el momento, no la víspera.

Tu sistema de gestión, semana a semana, en Orbita.
Enlace en bio.

❤️ Gestión con corazón desde 2006.

#ISO9001 #SistemasDeGestión #TuConsultor #GestiónConCorazón #Orbita",https://www.tuconsultor.com/social-img/orbita/B04_instagram.png,https://www.tuconsultor.com/orbita/,,
273,,19:00,linkedin,"Un proceso sin tareas es un dibujo.

Orbita lo convierte en trabajo.

Procesos con tareas, responsables y plazos. En Orbita.
👉 https://www.tuconsultor.com/orbita/?utm_source=linkedin&utm_medium=social&utm_campaign=orbita&utm_content=c04

#Procesos #Productividad #TuConsultor",https://www.tuconsultor.com/social-img/orbita/C04_linkedin.png,https://www.tuconsultor.com/orbita/,,
274,,19:00,instagram,"Un proceso sin tareas es un dibujo.

Orbita lo convierte en trabajo.

Pide una demo de Orbita · PM Tool.
Enlace en bio.

❤️ Gestión con corazón desde 2006.

#Procesos #Productividad #TuConsultor #GestiónConCorazón #Orbita",https://www.tuconsultor.com/social-img/orbita/C04_instagram.png,https://www.tuconsultor.com/orbita/,,
275,,19:00,linkedin,"Verde, ámbar, rojo. Por proyecto, por hito, por persona.

Ahora. No a final de mes.

Dashboard en tiempo real con Orbita · PM Tool.
👉 https://www.tuconsultor.com/orbita/?utm_source=linkedin&utm_medium=social&utm_campaign=orbita&utm_content=d04

#Dashboard #Dirección #TuConsultor",https://www.tuconsultor.com/social-img/orbita/D04_linkedin.png,https://www.tuconsultor.com/orbita/,,
276,,19:00,instagram,"Verde, ámbar, rojo. Por proyecto, por hito, por persona.

Ahora. No a final de mes.

Pide una demo y mira tus proyectos en vivo.
Enlace en bio.

❤️ Gestión con corazón desde 2006.

#Dashboard #Dirección #TuConsultor #GestiónConCorazón #Orbita",https://www.tuconsultor.com/social-img/orbita/D04_instagram.png,https://www.tuconsultor.com/orbita/,,
277,,19:00,linkedin,"Semana 1: alcance. Semana 12: auditoría. Entre medias, nada al aire.

Todo en Orbita.

Tu ISO en semanas, en un portal controlado. TuConsultor + Orbita.
👉 https://www.tuconsultor.com/orbita/?utm_source=linkedin&utm_medium=social&utm_campaign=orbita&utm_content=e04

#ISO9001 #Certificación #TuConsultor",https://www.tuconsultor.com/social-img/orbita/E04_linkedin.png,https://www.tuconsultor.com/orbita/,,
278,,19:00,instagram,"Semana 1: alcance. Semana 12: auditoría. Entre medias, nada al aire.

Todo en Orbita.

Pide el plan por semanas de tu certificación.
Enlace en bio.

❤️ Gestión con corazón desde 2006.

#ISO9001 #Certificación #TuConsultor #GestiónConCorazón #Orbita",https://www.tuconsultor.com/social-img/orbita/E04_instagram.png,https://www.tuconsultor.com/orbita/,,
279,,19:00,linkedin,"Tu sistema de gestión no es un proyecto. Es una relación.

Elige cuánta implicación necesitas.

Relación, Implicación o Compromiso: elige cuánto nos metemos.
👉 https://www.tuconsultor.com/orbita/?utm_source=linkedin&utm_medium=social&utm_campaign=orbita&utm_content=f04

#SistemasDeGestión #Consultoría #TuConsultor",https://www.tuconsultor.com/social-img/orbita/F04_linkedin.png,https://www.tuconsultor.com/orbita/,,
280,,19:00,instagram,"Tu sistema de gestión no es un proyecto. Es una relación.

Elige cuánta implicación necesitas.

Sistemas de gestión con acompañamiento a medida. TuConsultor desde 2006.
Enlace en bio.

❤️ Gestión con corazón desde 2006.

#SistemasDeGestión #Consultoría #TuConsultor #GestiónConCorazón #Orbita",https://www.tuconsultor.com/social-img/orbita/F04_instagram.png,https://www.tuconsultor.com/orbita/,,
281,,19:00,linkedin,"""¿Dónde está el último informe?"" Pregunta prohibida desde hoy.

Documentos, hitos y tareas en el mismo sitio.

Orbita · PM Tool, el portal de gestión de TuConsultor.
👉 https://www.tuconsultor.com/orbita/?utm_source=linkedin&utm_medium=social&utm_campaign=orbita&utm_content=a05

#OrbitaPMTool #GestiónDeProyectos #TuConsultor",https://www.tuconsultor.com/social-img/orbita/A05_linkedin.png,https://www.tuconsultor.com/orbita/,,
282,,19:00,instagram,"""¿Dónde está el último informe?"" Pregunta prohibida desde hoy.

Documentos, hitos y tareas en el mismo sitio.

Pide una demo de Orbita · PM Tool.
Enlace en bio.

❤️ Gestión con corazón desde 2006.

#OrbitaPMTool #GestiónDeProyectos #TuConsultor #GestiónConCorazón #Orbita",https://www.tuconsultor.com/social-img/orbita/A05_instagram.png,https://www.tuconsultor.com/orbita/,,
283,,19:00,linkedin,"Acción correctiva sin fecha de cierre no es una acción. Es una intención.

Orbita no deja intenciones abiertas.

Mantén tu ISO viva con Orbita · PM Tool.
👉 https://www.tuconsultor.com/orbita/?utm_source=linkedin&utm_medium=social&utm_campaign=orbita&utm_content=b05

#ISO9001 #SistemasDeGestión #TuConsultor",https://www.tuconsultor.com/social-img/orbita/B05_linkedin.png,https://www.tuconsultor.com/orbita/,,
284,,19:00,instagram,"Acción correctiva sin fecha de cierre no es una acción. Es una intención.

Orbita no deja intenciones abiertas.

Tu sistema de gestión, semana a semana, en Orbita.
Enlace en bio.

❤️ Gestión con corazón desde 2006.

#ISO9001 #SistemasDeGestión #TuConsultor #GestiónConCorazón #Orbita",https://www.tuconsultor.com/social-img/orbita/B05_instagram.png,https://www.tuconsultor.com/orbita/,,
285,,19:00,linkedin,"Tarea vencida tres días. Nadie preguntó. Nadie avisó.

Ahora avisa Orbita.

Procesos con tareas, responsables y plazos. En Orbita.
👉 https://www.tuconsultor.com/orbita/?utm_source=linkedin&utm_medium=social&utm_campaign=orbita&utm_content=c05

#Procesos #Productividad #TuConsultor",https://www.tuconsultor.com/social-img/orbita/C05_linkedin.png,https://www.tuconsultor.com/orbita/,,
286,,19:00,instagram,"Tarea vencida tres días. Nadie preguntó. Nadie avisó.

Ahora avisa Orbita.

Pide una demo de Orbita · PM Tool.
Enlace en bio.

❤️ Gestión con corazón desde 2006.

#Procesos #Productividad #TuConsultor #GestiónConCorazón #Orbita",https://www.tuconsultor.com/social-img/orbita/C05_instagram.png,https://www.tuconsultor.com/orbita/,,
287,,19:00,linkedin,"Tu cliente ve el avance antes de preguntarlo.

Y deja de preguntarlo.

Dashboard en tiempo real con Orbita · PM Tool.
👉 https://www.tuconsultor.com/orbita/?utm_source=linkedin&utm_medium=social&utm_campaign=orbita&utm_content=d05

#Dashboard #Dirección #TuConsultor",https://www.tuconsultor.com/social-img/orbita/D05_linkedin.png,https://www.tuconsultor.com/orbita/,,
288,,19:00,instagram,"Tu cliente ve el avance antes de preguntarlo.

Y deja de preguntarlo.

Pide una demo y mira tus proyectos en vivo.
Enlace en bio.

❤️ Gestión con corazón desde 2006.

#Dashboard #Dirección #TuConsultor #GestiónConCorazón #Orbita",https://www.tuconsultor.com/social-img/orbita/D05_instagram.png,https://www.tuconsultor.com/orbita/,,
289,,19:00,linkedin,"Un portal controlado significa que nadie improvisa.

Ni tú, ni tu equipo, ni tu consultor.

Tu ISO en semanas, en un portal controlado. TuConsultor + Orbita.
👉 https://www.tuconsultor.com/orbita/?utm_source=linkedin&utm_medium=social&utm_campaign=orbita&utm_content=e05

#ISO9001 #Certificación #TuConsultor",https://www.tuconsultor.com/social-img/orbita/E05_linkedin.png,https://www.tuconsultor.com/orbita/,,
290,,19:00,instagram,"Un portal controlado significa que nadie improvisa.

Ni tú, ni tu equipo, ni tu consultor.

Pide el plan por semanas de tu certificación.
Enlace en bio.

❤️ Gestión con corazón desde 2006.

#ISO9001 #Certificación #TuConsultor #GestiónConCorazón #Orbita",https://www.tuconsultor.com/social-img/orbita/E05_instagram.png,https://www.tuconsultor.com/orbita/,,
291,,19:00,linkedin,"Con Relación, el sistema es tuyo y nosotros cerca. Con Compromiso, nosotros dentro.

Tú decides.

Relación, Implicación o Compromiso: elige cuánto nos metemos.
👉 https://www.tuconsultor.com/orbita/?utm_source=linkedin&utm_medium=social&utm_campaign=orbita&utm_content=f05

#SistemasDeGestión #Consultoría #TuConsultor",https://www.tuconsultor.com/social-img/orbita/F05_linkedin.png,https://www.tuconsultor.com/orbita/,,
292,,19:00,instagram,"Con Relación, el sistema es tuyo y nosotros cerca. Con Compromiso, nosotros dentro.

Tú decides.

Sistemas de gestión con acompañamiento a medida. TuConsultor desde 2006.
Enlace en bio.

❤️ Gestión con corazón desde 2006.

#SistemasDeGestión #Consultoría #TuConsultor #GestiónConCorazón #Orbita",https://www.tuconsultor.com/social-img/orbita/F05_instagram.png,https://www.tuconsultor.com/orbita/,,
293,,19:00,linkedin,"Tu consultor, tu equipo y tu auditor mirando la misma pantalla.

Un portal, tres puntos de vista, cero sorpresas.

Orbita · PM Tool, el portal de gestión de TuConsultor.
👉 https://www.tuconsultor.com/orbita/?utm_source=linkedin&utm_medium=social&utm_campaign=orbita&utm_content=a06

#OrbitaPMTool #GestiónDeProyectos #TuConsultor",https://www.tuconsultor.com/social-img/orbita/A06_linkedin.png,https://www.tuconsultor.com/orbita/,,
294,,19:00,instagram,"Tu consultor, tu equipo y tu auditor mirando la misma pantalla.

Un portal, tres puntos de vista, cero sorpresas.

Pide una demo de Orbita · PM Tool.
Enlace en bio.

❤️ Gestión con corazón desde 2006.

#OrbitaPMTool #GestiónDeProyectos #TuConsultor #GestiónConCorazón #Orbita",https://www.tuconsultor.com/social-img/orbita/A06_instagram.png,https://www.tuconsultor.com/orbita/,,
295,,19:00,linkedin,"Tres normas. Un sistema. Cero duplicados.

9001, 14001 y 45001 comparten órbita.

Mantén tu ISO viva con Orbita · PM Tool.
👉 https://www.tuconsultor.com/orbita/?utm_source=linkedin&utm_medium=social&utm_campaign=orbita&utm_content=b06

#ISO9001 #SistemasDeGestión #TuConsultor",https://www.tuconsultor.com/social-img/orbita/B06_linkedin.png,https://www.tuconsultor.com/orbita/,,
296,,19:00,instagram,"Tres normas. Un sistema. Cero duplicados.

9001, 14001 y 45001 comparten órbita.

Tu sistema de gestión, semana a semana, en Orbita.
Enlace en bio.

❤️ Gestión con corazón desde 2006.

#ISO9001 #SistemasDeGestión #TuConsultor #GestiónConCorazón #Orbita",https://www.tuconsultor.com/social-img/orbita/B06_instagram.png,https://www.tuconsultor.com/orbita/,,
297,,19:00,linkedin,"Delegar no es decirlo en la reunión. Es asignarlo, con fecha.

Y ver cuándo se hace.

Procesos con tareas, responsables y plazos. En Orbita.
👉 https://www.tuconsultor.com/orbita/?utm_source=linkedin&utm_medium=social&utm_campaign=orbita&utm_content=c06

#Procesos #Productividad #TuConsultor",https://www.tuconsultor.com/social-img/orbita/C06_linkedin.png,https://www.tuconsultor.com/orbita/,,
298,,19:00,instagram,"Delegar no es decirlo en la reunión. Es asignarlo, con fecha.

Y ver cuándo se hace.

Pide una demo de Orbita · PM Tool.
Enlace en bio.

❤️ Gestión con corazón desde 2006.

#Procesos #Productividad #TuConsultor #GestiónConCorazón #Orbita",https://www.tuconsultor.com/social-img/orbita/C06_instagram.png,https://www.tuconsultor.com/orbita/,,
299,,19:00,linkedin,"El porcentaje de avance real, no el que se dice en la reunión.

Calculado con lo que está hecho.

Dashboard en tiempo real con Orbita · PM Tool.
👉 https://www.tuconsultor.com/orbita/?utm_source=linkedin&utm_medium=social&utm_campaign=orbita&utm_content=d06

#Dashboard #Dirección #TuConsultor",https://www.tuconsultor.com/social-img/orbita/D06_linkedin.png,https://www.tuconsultor.com/orbita/,,
300,,19:00,instagram,"El porcentaje de avance real, no el que se dice en la reunión.

Calculado con lo que está hecho.

Pide una demo y mira tus proyectos en vivo.
Enlace en bio.

❤️ Gestión con corazón desde 2006.

#Dashboard #Dirección #TuConsultor #GestiónConCorazón #Orbita",https://www.tuconsultor.com/social-img/orbita/D06_instagram.png,https://www.tuconsultor.com/orbita/,,
301,,19:00,linkedin,"Sabes en qué semana estás y cuántas faltan.

Sin preguntarlo. Sin adivinarlo.

Tu ISO en semanas, en un portal controlado. TuConsultor + Orbita.
👉 https://www.tuconsultor.com/orbita/?utm_source=linkedin&utm_medium=social&utm_campaign=orbita&utm_content=e06

#ISO9001 #Certificación #TuConsultor",https://www.tuconsultor.com/social-img/orbita/E06_linkedin.png,https://www.tuconsultor.com/orbita/,,
302,,19:00,instagram,"Sabes en qué semana estás y cuántas faltan.

Sin preguntarlo. Sin adivinarlo.

Pide el plan por semanas de tu certificación.
Enlace en bio.

❤️ Gestión con corazón desde 2006.

#ISO9001 #Certificación #TuConsultor #GestiónConCorazón #Orbita",https://www.tuconsultor.com/social-img/orbita/E06_instagram.png,https://www.tuconsultor.com/orbita/,,
303,,19:00,linkedin,"Veinte años implantando sistemas enseñan una cosa:

el modelo de trabajo importa más que la norma.

Relación, Implicación o Compromiso: elige cuánto nos metemos.
👉 https://www.tuconsultor.com/orbita/?utm_source=linkedin&utm_medium=social&utm_campaign=orbita&utm_content=f06

#SistemasDeGestión #Consultoría #TuConsultor",https://www.tuconsultor.com/social-img/orbita/F06_linkedin.png,https://www.tuconsultor.com/orbita/,,
304,,19:00,instagram,"Veinte años implantando sistemas enseñan una cosa:

el modelo de trabajo importa más que la norma.

Sistemas de gestión con acompañamiento a medida. TuConsultor desde 2006.
Enlace en bio.

❤️ Gestión con corazón desde 2006.

#SistemasDeGestión #Consultoría #TuConsultor #GestiónConCorazón #Orbita",https://www.tuconsultor.com/social-img/orbita/F06_instagram.png,https://www.tuconsultor.com/orbita/,,
305,,19:00,linkedin,"Integrar no es tener más pestañas. Es tener menos preguntas.

Orbita une proyectos, procesos y evidencias.

Orbita · PM Tool, el portal de gestión de TuConsultor.
👉 https://www.tuconsultor.com/orbita/?utm_source=linkedin&utm_medium=social&utm_campaign=orbita&utm_content=a07

#OrbitaPMTool #GestiónDeProyectos #TuConsultor",https://www.tuconsultor.com/social-img/orbita/A07_linkedin.png,https://www.tuconsultor.com/orbita/,,
306,,19:00,instagram,"Integrar no es tener más pestañas. Es tener menos preguntas.

Orbita une proyectos, procesos y evidencias.

Pide una demo de Orbita · PM Tool.
Enlace en bio.

❤️ Gestión con corazón desde 2006.

#OrbitaPMTool #GestiónDeProyectos #TuConsultor #GestiónConCorazón #Orbita",https://www.tuconsultor.com/social-img/orbita/A07_instagram.png,https://www.tuconsultor.com/orbita/,,
307,,19:00,linkedin,"La revisión por la dirección ya no se prepara. Se abre.

Los datos llevan meses acumulándose solos.

Mantén tu ISO viva con Orbita · PM Tool.
👉 https://www.tuconsultor.com/orbita/?utm_source=linkedin&utm_medium=social&utm_campaign=orbita&utm_content=b07

#ISO9001 #SistemasDeGestión #TuConsultor",https://www.tuconsultor.com/social-img/orbita/B07_linkedin.png,https://www.tuconsultor.com/orbita/,,
308,,19:00,instagram,"La revisión por la dirección ya no se prepara. Se abre.

Los datos llevan meses acumulándose solos.

Tu sistema de gestión, semana a semana, en Orbita.
Enlace en bio.

❤️ Gestión con corazón desde 2006.

#ISO9001 #SistemasDeGestión #TuConsultor #GestiónConCorazón #Orbita",https://www.tuconsultor.com/social-img/orbita/B07_instagram.png,https://www.tuconsultor.com/orbita/,,
309,,19:00,linkedin,"Diez personas, treinta procesos, doscientas tareas.

Una pantalla. Ningún hilo de correo.

Procesos con tareas, responsables y plazos. En Orbita.
👉 https://www.tuconsultor.com/orbita/?utm_source=linkedin&utm_medium=social&utm_campaign=orbita&utm_content=c07

#Procesos #Productividad #TuConsultor",https://www.tuconsultor.com/social-img/orbita/C07_linkedin.png,https://www.tuconsultor.com/orbita/,,
310,,19:00,instagram,"Diez personas, treinta procesos, doscientas tareas.

Una pantalla. Ningún hilo de correo.

Pide una demo de Orbita · PM Tool.
Enlace en bio.

❤️ Gestión con corazón desde 2006.

#Procesos #Productividad #TuConsultor #GestiónConCorazón #Orbita",https://www.tuconsultor.com/social-img/orbita/C07_instagram.png,https://www.tuconsultor.com/orbita/,,
311,,19:00,linkedin,"Todos los proyectos en una pantalla. Los que van mal, primero.

Prioridad automática.

Dashboard en tiempo real con Orbita · PM Tool.
👉 https://www.tuconsultor.com/orbita/?utm_source=linkedin&utm_medium=social&utm_campaign=orbita&utm_content=d07

#Dashboard #Dirección #TuConsultor",https://www.tuconsultor.com/social-img/orbita/D07_linkedin.png,https://www.tuconsultor.com/orbita/,,
312,,19:00,instagram,"Todos los proyectos en una pantalla. Los que van mal, primero.

Prioridad automática.

Pide una demo y mira tus proyectos en vivo.
Enlace en bio.

❤️ Gestión con corazón desde 2006.

#Dashboard #Dirección #TuConsultor #GestiónConCorazón #Orbita",https://www.tuconsultor.com/social-img/orbita/D07_instagram.png,https://www.tuconsultor.com/orbita/,,
313,,19:00,linkedin,"Tu sistema, tu documentación, tus evidencias. En tu portal. Con control de acceso.

No en el ordenador de nadie.

Tu ISO en semanas, en un portal controlado. TuConsultor + Orbita.
👉 https://www.tuconsultor.com/orbita/?utm_source=linkedin&utm_medium=social&utm_campaign=orbita&utm_content=e07

#ISO9001 #Certificación #TuConsultor",https://www.tuconsultor.com/social-img/orbita/E07_linkedin.png,https://www.tuconsultor.com/orbita/,,
314,,19:00,instagram,"Tu sistema, tu documentación, tus evidencias. En tu portal. Con control de acceso.

No en el ordenador de nadie.

Pide el plan por semanas de tu certificación.
Enlace en bio.

❤️ Gestión con corazón desde 2006.

#ISO9001 #Certificación #TuConsultor #GestiónConCorazón #Orbita",https://www.tuconsultor.com/social-img/orbita/E07_instagram.png,https://www.tuconsultor.com/orbita/,,
315,,19:00,linkedin,"9001, 14001, 45001, 27001, EFQM. Distintas normas, mismo portal.

Mismo modelo de trabajo.

Relación, Implicación o Compromiso: elige cuánto nos metemos.
👉 https://www.tuconsultor.com/orbita/?utm_source=linkedin&utm_medium=social&utm_campaign=orbita&utm_content=f07

#SistemasDeGestión #Consultoría #TuConsultor",https://www.tuconsultor.com/social-img/orbita/F07_linkedin.png,https://www.tuconsultor.com/orbita/,,
316,,19:00,instagram,"9001, 14001, 45001, 27001, EFQM. Distintas normas, mismo portal.

Mismo modelo de trabajo.

Sistemas de gestión con acompañamiento a medida. TuConsultor desde 2006.
Enlace en bio.

❤️ Gestión con corazón desde 2006.

#SistemasDeGestión #Consultoría #TuConsultor #GestiónConCorazón #Orbita",https://www.tuconsultor.com/social-img/orbita/F07_instagram.png,https://www.tuconsultor.com/orbita/,,
317,,19:00,linkedin,"Cada herramienta nueva que añades resta una hora a la semana.

Una sola. Con todo dentro.

Orbita · PM Tool, el portal de gestión de TuConsultor.
👉 https://www.tuconsultor.com/orbita/?utm_source=linkedin&utm_medium=social&utm_campaign=orbita&utm_content=a08

#OrbitaPMTool #GestiónDeProyectos #TuConsultor",https://www.tuconsultor.com/social-img/orbita/A08_linkedin.png,https://www.tuconsultor.com/orbita/,,
318,,19:00,instagram,"Cada herramienta nueva que añades resta una hora a la semana.

Una sola. Con todo dentro.

Pide una demo de Orbita · PM Tool.
Enlace en bio.

❤️ Gestión con corazón desde 2006.

#OrbitaPMTool #GestiónDeProyectos #TuConsultor #GestiónConCorazón #Orbita",https://www.tuconsultor.com/social-img/orbita/A08_instagram.png,https://www.tuconsultor.com/orbita/,,
319,,19:00,linkedin,"Indicadores que se actualizan solos son indicadores que se miran.

Los que se calculan a mano, no.

Mantén tu ISO viva con Orbita · PM Tool.
👉 https://www.tuconsultor.com/orbita/?utm_source=linkedin&utm_medium=social&utm_campaign=orbita&utm_content=b08

#ISO9001 #SistemasDeGestión #TuConsultor",https://www.tuconsultor.com/social-img/orbita/B08_linkedin.png,https://www.tuconsultor.com/orbita/,,
320,,19:00,instagram,"Indicadores que se actualizan solos son indicadores que se miran.

Los que se calculan a mano, no.

Tu sistema de gestión, semana a semana, en Orbita.
Enlace en bio.

❤️ Gestión con corazón desde 2006.

#ISO9001 #SistemasDeGestión #TuConsultor #GestiónConCorazón #Orbita",https://www.tuconsultor.com/social-img/orbita/B08_instagram.png,https://www.tuconsultor.com/orbita/,,
321,,19:00,linkedin,"Cuando todo es urgente nada lo es.

Prioridad por proceso, no por quien más grita.

Procesos con tareas, responsables y plazos. En Orbita.
👉 https://www.tuconsultor.com/orbita/?utm_source=linkedin&utm_medium=social&utm_campaign=orbita&utm_content=c08

#Procesos #Productividad #TuConsultor",https://www.tuconsultor.com/social-img/orbita/C08_linkedin.png,https://www.tuconsultor.com/orbita/,,
322,,19:00,instagram,"Cuando todo es urgente nada lo es.

Prioridad por proceso, no por quien más grita.

Pide una demo de Orbita · PM Tool.
Enlace en bio.

❤️ Gestión con corazón desde 2006.

#Procesos #Productividad #TuConsultor #GestiónConCorazón #Orbita",https://www.tuconsultor.com/social-img/orbita/C08_instagram.png,https://www.tuconsultor.com/orbita/,,
323,,19:00,linkedin,"Hitos cumplidos, retrasados, en riesgo. En una sola vista.

Cada mañana, sin abrir un Excel.

Dashboard en tiempo real con Orbita · PM Tool.
👉 https://www.tuconsultor.com/orbita/?utm_source=linkedin&utm_medium=social&utm_campaign=orbita&utm_content=d08

#Dashboard #Dirección #TuConsultor",https://www.tuconsultor.com/social-img/orbita/D08_linkedin.png,https://www.tuconsultor.com/orbita/,,
324,,19:00,instagram,"Hitos cumplidos, retrasados, en riesgo. En una sola vista.

Cada mañana, sin abrir un Excel.

Pide una demo y mira tus proyectos en vivo.
Enlace en bio.

❤️ Gestión con corazón desde 2006.

#Dashboard #Dirección #TuConsultor #GestiónConCorazón #Orbita",https://www.tuconsultor.com/social-img/orbita/D08_instagram.png,https://www.tuconsultor.com/orbita/,,
325,,19:00,linkedin,"La certificación exprés no existe. La certificación ordenada, sí.

Semanas, no meses. Con método.

Tu ISO en semanas, en un portal controlado. TuConsultor + Orbita.
👉 https://www.tuconsultor.com/orbita/?utm_source=linkedin&utm_medium=social&utm_campaign=orbita&utm_content=e08

#ISO9001 #Certificación #TuConsultor",https://www.tuconsultor.com/social-img/orbita/E08_linkedin.png,https://www.tuconsultor.com/orbita/,,
326,,19:00,instagram,"La certificación exprés no existe. La certificación ordenada, sí.

Semanas, no meses. Con método.

Pide el plan por semanas de tu certificación.
Enlace en bio.

❤️ Gestión con corazón desde 2006.

#ISO9001 #Certificación #TuConsultor #GestiónConCorazón #Orbita",https://www.tuconsultor.com/social-img/orbita/E08_instagram.png,https://www.tuconsultor.com/orbita/,,
327,,19:00,linkedin,"Implicación: reuniones semanales, hitos compartidos, portal común.

Ni más ni menos de lo que necesitas.

Relación, Implicación o Compromiso: elige cuánto nos metemos.
👉 https://www.tuconsultor.com/orbita/?utm_source=linkedin&utm_medium=social&utm_campaign=orbita&utm_content=f08

#SistemasDeGestión #Consultoría #TuConsultor",https://www.tuconsultor.com/social-img/orbita/F08_linkedin.png,https://www.tuconsultor.com/orbita/,,
328,,19:00,instagram,"Implicación: reuniones semanales, hitos compartidos, portal común.

Ni más ni menos de lo que necesitas.

Sistemas de gestión con acompañamiento a medida. TuConsultor desde 2006.
Enlace en bio.

❤️ Gestión con corazón desde 2006.

#SistemasDeGestión #Consultoría #TuConsultor #GestiónConCorazón #Orbita",https://www.tuconsultor.com/social-img/orbita/F08_instagram.png,https://www.tuconsultor.com/orbita/,,
329,,19:00,linkedin,"El correo no es un gestor de proyectos. Nunca lo fue.

Orbita · PM Tool sí.

Orbita · PM Tool, el portal de gestión de TuConsultor.
👉 https://www.tuconsultor.com/orbita/?utm_source=linkedin&utm_medium=social&utm_campaign=orbita&utm_content=a09

#OrbitaPMTool #GestiónDeProyectos #TuConsultor",https://www.tuconsultor.com/social-img/orbita/A09_linkedin.png,https://www.tuconsultor.com/orbita/,,
330,,19:00,instagram,"El correo no es un gestor de proyectos. Nunca lo fue.

Orbita · PM Tool sí.

Pide una demo de Orbita · PM Tool.
Enlace en bio.

❤️ Gestión con corazón desde 2006.

#OrbitaPMTool #GestiónDeProyectos #TuConsultor #GestiónConCorazón #Orbita",https://www.tuconsultor.com/social-img/orbita/A09_instagram.png,https://www.tuconsultor.com/orbita/,,
331,,19:00,linkedin,"El auditor pregunta. Tú le enseñas la pantalla.

Y se acaba la conversación.

Mantén tu ISO viva con Orbita · PM Tool.
👉 https://www.tuconsultor.com/orbita/?utm_source=linkedin&utm_medium=social&utm_campaign=orbita&utm_content=b09

#ISO9001 #SistemasDeGestión #TuConsultor",https://www.tuconsultor.com/social-img/orbita/B09_linkedin.png,https://www.tuconsultor.com/orbita/,,
332,,19:00,instagram,"El auditor pregunta. Tú le enseñas la pantalla.

Y se acaba la conversación.

Tu sistema de gestión, semana a semana, en Orbita.
Enlace en bio.

❤️ Gestión con corazón desde 2006.

#ISO9001 #SistemasDeGestión #TuConsultor #GestiónConCorazón #Orbita",https://www.tuconsultor.com/social-img/orbita/B09_instagram.png,https://www.tuconsultor.com/orbita/,,
333,,19:00,linkedin,"Lo que se mide con semáforo se hace antes del rojo.

Verde, ámbar, rojo. Y ya.

Procesos con tareas, responsables y plazos. En Orbita.
👉 https://www.tuconsultor.com/orbita/?utm_source=linkedin&utm_medium=social&utm_campaign=orbita&utm_content=c09

#Procesos #Productividad #TuConsultor",https://www.tuconsultor.com/social-img/orbita/C09_linkedin.png,https://www.tuconsultor.com/orbita/,,
334,,19:00,instagram,"Lo que se mide con semáforo se hace antes del rojo.

Verde, ámbar, rojo. Y ya.

Pide una demo de Orbita · PM Tool.
Enlace en bio.

❤️ Gestión con corazón desde 2006.

#Procesos #Productividad #TuConsultor #GestiónConCorazón #Orbita",https://www.tuconsultor.com/social-img/orbita/C09_instagram.png,https://www.tuconsultor.com/orbita/,,
335,,19:00,linkedin,"Dirección no quiere leer informes. Quiere ver semáforos.

Dashboard para quien decide.

Dashboard en tiempo real con Orbita · PM Tool.
👉 https://www.tuconsultor.com/orbita/?utm_source=linkedin&utm_medium=social&utm_campaign=orbita&utm_content=d09

#Dashboard #Dirección #TuConsultor",https://www.tuconsultor.com/social-img/orbita/D09_linkedin.png,https://www.tuconsultor.com/orbita/,,
336,,19:00,instagram,"Dirección no quiere leer informes. Quiere ver semáforos.

Dashboard para quien decide.

Pide una demo y mira tus proyectos en vivo.
Enlace en bio.

❤️ Gestión con corazón desde 2006.

#Dashboard #Dirección #TuConsultor #GestiónConCorazón #Orbita",https://www.tuconsultor.com/social-img/orbita/D09_instagram.png,https://www.tuconsultor.com/orbita/,,
337,,19:00,linkedin,"Cada semana un hito cerrado. Cada hito con evidencia.

Y la auditoría deja de dar miedo.

Tu ISO en semanas, en un portal controlado. TuConsultor + Orbita.
👉 https://www.tuconsultor.com/orbita/?utm_source=linkedin&utm_medium=social&utm_campaign=orbita&utm_content=e09

#ISO9001 #Certificación #TuConsultor",https://www.tuconsultor.com/social-img/orbita/E09_linkedin.png,https://www.tuconsultor.com/orbita/,,
338,,19:00,instagram,"Cada semana un hito cerrado. Cada hito con evidencia.

Y la auditoría deja de dar miedo.

Pide el plan por semanas de tu certificación.
Enlace en bio.

❤️ Gestión con corazón desde 2006.

#ISO9001 #Certificación #TuConsultor #GestiónConCorazón #Orbita",https://www.tuconsultor.com/social-img/orbita/E09_instagram.png,https://www.tuconsultor.com/orbita/,,
339,,19:00,linkedin,"Compromiso es que respondemos del sistema en la auditoría.

Contigo. En la sala.

Relación, Implicación o Compromiso: elige cuánto nos metemos.
👉 https://www.tuconsultor.com/orbita/?utm_source=linkedin&utm_medium=social&utm_campaign=orbita&utm_content=f09

#SistemasDeGestión #Consultoría #TuConsultor",https://www.tuconsultor.com/social-img/orbita/F09_linkedin.png,https://www.tuconsultor.com/orbita/,,
340,,19:00,instagram,"Compromiso es que respondemos del sistema en la auditoría.

Contigo. En la sala.

Sistemas de gestión con acompañamiento a medida. TuConsultor desde 2006.
Enlace en bio.

❤️ Gestión con corazón desde 2006.

#SistemasDeGestión #Consultoría #TuConsultor #GestiónConCorazón #Orbita",https://www.tuconsultor.com/social-img/orbita/F09_instagram.png,https://www.tuconsultor.com/orbita/,,
341,,19:00,linkedin,"Lo que no está en el portal no existe.

Y eso es exactamente lo que quieres.

Orbita · PM Tool, el portal de gestión de TuConsultor.
👉 https://www.tuconsultor.com/orbita/?utm_source=linkedin&utm_medium=social&utm_campaign=orbita&utm_content=a10

#OrbitaPMTool #GestiónDeProyectos #TuConsultor",https://www.tuconsultor.com/social-img/orbita/A10_linkedin.png,https://www.tuconsultor.com/orbita/,,
342,,19:00,instagram,"Lo que no está en el portal no existe.

Y eso es exactamente lo que quieres.

Pide una demo de Orbita · PM Tool.
Enlace en bio.

❤️ Gestión con corazón desde 2006.

#OrbitaPMTool #GestiónDeProyectos #TuConsultor #GestiónConCorazón #Orbita",https://www.tuconsultor.com/social-img/orbita/A10_instagram.png,https://www.tuconsultor.com/orbita/,,
343,,19:00,linkedin,"Tu certificado se renueva cada tres años. Tu sistema, cada semana.

O no es un sistema.

Mantén tu ISO viva con Orbita · PM Tool.
👉 https://www.tuconsultor.com/orbita/?utm_source=linkedin&utm_medium=social&utm_campaign=orbita&utm_content=b10

#ISO9001 #SistemasDeGestión #TuConsultor",https://www.tuconsultor.com/social-img/orbita/B10_linkedin.png,https://www.tuconsultor.com/orbita/,,
344,,19:00,instagram,"Tu certificado se renueva cada tres años. Tu sistema, cada semana.

O no es un sistema.

Tu sistema de gestión, semana a semana, en Orbita.
Enlace en bio.

❤️ Gestión con corazón desde 2006.

#ISO9001 #SistemasDeGestión #TuConsultor #GestiónConCorazón #Orbita",https://www.tuconsultor.com/social-img/orbita/B10_instagram.png,https://www.tuconsultor.com/orbita/,,
345,,19:00,linkedin,"El mapa de procesos colgado en la pared no ejecuta nada.

El de Orbita, sí.

Procesos con tareas, responsables y plazos. En Orbita.
👉 https://www.tuconsultor.com/orbita/?utm_source=linkedin&utm_medium=social&utm_campaign=orbita&utm_content=c10

#Procesos #Productividad #TuConsultor",https://www.tuconsultor.com/social-img/orbita/C10_linkedin.png,https://www.tuconsultor.com/orbita/,,
346,,19:00,instagram,"El mapa de procesos colgado en la pared no ejecuta nada.

El de Orbita, sí.

Pide una demo de Orbita · PM Tool.
Enlace en bio.

❤️ Gestión con corazón desde 2006.

#Procesos #Productividad #TuConsultor #GestiónConCorazón #Orbita",https://www.tuconsultor.com/social-img/orbita/C10_instagram.png,https://www.tuconsultor.com/orbita/,,
347,,19:00,linkedin,"Lo que no se ve no se corrige a tiempo.

Ver es la mitad del control.

Dashboard en tiempo real con Orbita · PM Tool.
👉 https://www.tuconsultor.com/orbita/?utm_source=linkedin&utm_medium=social&utm_campaign=orbita&utm_content=d10

#Dashboard #Dirección #TuConsultor",https://www.tuconsultor.com/social-img/orbita/D10_linkedin.png,https://www.tuconsultor.com/orbita/,,
348,,19:00,instagram,"Lo que no se ve no se corrige a tiempo.

Ver es la mitad del control.

Pide una demo y mira tus proyectos en vivo.
Enlace en bio.

❤️ Gestión con corazón desde 2006.

#Dashboard #Dirección #TuConsultor #GestiónConCorazón #Orbita",https://www.tuconsultor.com/social-img/orbita/D10_instagram.png,https://www.tuconsultor.com/orbita/,,
349,,19:00,linkedin,"Empezar una ISO sin plan por semanas es empezar a alargarla.

Orbita trae el plan hecho.

Tu ISO en semanas, en un portal controlado. TuConsultor + Orbita.
👉 https://www.tuconsultor.com/orbita/?utm_source=linkedin&utm_medium=social&utm_campaign=orbita&utm_content=e10

#ISO9001 #Certificación #TuConsultor",https://www.tuconsultor.com/social-img/orbita/E10_linkedin.png,https://www.tuconsultor.com/orbita/,,
350,,19:00,instagram,"Empezar una ISO sin plan por semanas es empezar a alargarla.

Orbita trae el plan hecho.

Pide el plan por semanas de tu certificación.
Enlace en bio.

❤️ Gestión con corazón desde 2006.

#ISO9001 #Certificación #TuConsultor #GestiónConCorazón #Orbita",https://www.tuconsultor.com/social-img/orbita/E10_instagram.png,https://www.tuconsultor.com/orbita/,,
351,,19:00,linkedin,"Un sistema de gestión sin acompañamiento envejece en un año.

Con modelo de relación, madura.

Relación, Implicación o Compromiso: elige cuánto nos metemos.
👉 https://www.tuconsultor.com/orbita/?utm_source=linkedin&utm_medium=social&utm_campaign=orbita&utm_content=f10

#SistemasDeGestión #Consultoría #TuConsultor",https://www.tuconsultor.com/social-img/orbita/F10_linkedin.png,https://www.tuconsultor.com/orbita/,,
352,,19:00,instagram,"Un sistema de gestión sin acompañamiento envejece en un año.

Con modelo de relación, madura.

Sistemas de gestión con acompañamiento a medida. TuConsultor desde 2006.
Enlace en bio.

❤️ Gestión con corazón desde 2006.

#SistemasDeGestión #Consultoría #TuConsultor #GestiónConCorazón #Orbita",https://www.tuconsultor.com/social-img/orbita/F10_instagram.png,https://www.tuconsultor.com/orbita/,,
353,,19:00,linkedin,"Reunión de seguimiento de 90 minutos para descubrir qué falta.

El portal ya lo sabía el lunes.

Orbita · PM Tool, el portal de gestión de TuConsultor.
👉 https://www.tuconsultor.com/orbita/?utm_source=linkedin&utm_medium=social&utm_campaign=orbita&utm_content=a11

#OrbitaPMTool #GestiónDeProyectos #TuConsultor",https://www.tuconsultor.com/social-img/orbita/A11_linkedin.png,https://www.tuconsultor.com/orbita/,,
354,,19:00,instagram,"Reunión de seguimiento de 90 minutos para descubrir qué falta.

El portal ya lo sabía el lunes.

Pide una demo de Orbita · PM Tool.
Enlace en bio.

❤️ Gestión con corazón desde 2006.

#OrbitaPMTool #GestiónDeProyectos #TuConsultor #GestiónConCorazón #Orbita",https://www.tuconsultor.com/social-img/orbita/A11_instagram.png,https://www.tuconsultor.com/orbita/,,
355,,19:00,linkedin,"""Lo tenemos, pero hay que buscarlo"" es la frase que más cuesta en una auditoría.

Orbita la elimina.

Mantén tu ISO viva con Orbita · PM Tool.
👉 https://www.tuconsultor.com/orbita/?utm_source=linkedin&utm_medium=social&utm_campaign=orbita&utm_content=b11

#ISO9001 #SistemasDeGestión #TuConsultor",https://www.tuconsultor.com/social-img/orbita/B11_linkedin.png,https://www.tuconsultor.com/orbita/,,
356,,19:00,instagram,"""Lo tenemos, pero hay que buscarlo"" es la frase que más cuesta en una auditoría.

Orbita la elimina.

Tu sistema de gestión, semana a semana, en Orbita.
Enlace en bio.

❤️ Gestión con corazón desde 2006.

#ISO9001 #SistemasDeGestión #TuConsultor #GestiónConCorazón #Orbita",https://www.tuconsultor.com/social-img/orbita/B11_instagram.png,https://www.tuconsultor.com/orbita/,,
357,,19:00,linkedin,"""¿Quién lleva esto?"" Nunca más en un correo.

Está en la tarea. Desde que se creó.

Procesos con tareas, responsables y plazos. En Orbita.
👉 https://www.tuconsultor.com/orbita/?utm_source=linkedin&utm_medium=social&utm_campaign=orbita&utm_content=c11

#Procesos #Productividad #TuConsultor",https://www.tuconsultor.com/social-img/orbita/C11_linkedin.png,https://www.tuconsultor.com/orbita/,,
358,,19:00,instagram,"""¿Quién lleva esto?"" Nunca más en un correo.

Está en la tarea. Desde que se creó.

Pide una demo de Orbita · PM Tool.
Enlace en bio.

❤️ Gestión con corazón desde 2006.

#Procesos #Productividad #TuConsultor #GestiónConCorazón #Orbita",https://www.tuconsultor.com/social-img/orbita/C11_instagram.png,https://www.tuconsultor.com/orbita/,,
359,,19:00,linkedin,"Desviación de plazo detectada hoy. No en el comité del mes que viene.

Ese mes es la diferencia.

Dashboard en tiempo real con Orbita · PM Tool.
👉 https://www.tuconsultor.com/orbita/?utm_source=linkedin&utm_medium=social&utm_campaign=orbita&utm_content=d11

#Dashboard #Dirección #TuConsultor",https://www.tuconsultor.com/social-img/orbita/D11_linkedin.png,https://www.tuconsultor.com/orbita/,,
360,,19:00,instagram,"Desviación de plazo detectada hoy. No en el comité del mes que viene.

Ese mes es la diferencia.

Pide una demo y mira tus proyectos en vivo.
Enlace en bio.

❤️ Gestión con corazón desde 2006.

#Dashboard #Dirección #TuConsultor #GestiónConCorazón #Orbita",https://www.tuconsultor.com/social-img/orbita/D11_instagram.png,https://www.tuconsultor.com/orbita/,,
361,,19:00,linkedin,"Control no es vigilancia. Es saber que el jueves estará hecho.

Porque está asignado y se ve.

Tu ISO en semanas, en un portal controlado. TuConsultor + Orbita.
👉 https://www.tuconsultor.com/orbita/?utm_source=linkedin&utm_medium=social&utm_campaign=orbita&utm_content=e11

#ISO9001 #Certificación #TuConsultor",https://www.tuconsultor.com/social-img/orbita/E11_linkedin.png,https://www.tuconsultor.com/orbita/,,
362,,19:00,instagram,"Control no es vigilancia. Es saber que el jueves estará hecho.

Porque está asignado y se ve.

Pide el plan por semanas de tu certificación.
Enlace en bio.

❤️ Gestión con corazón desde 2006.

#ISO9001 #Certificación #TuConsultor #GestiónConCorazón #Orbita",https://www.tuconsultor.com/social-img/orbita/E11_instagram.png,https://www.tuconsultor.com/orbita/,,
363,,19:00,linkedin,"Desde 2006 gestionamos con corazón. Desde ahora, también con órbita.

Sistemas de gestión con acompañamiento a medida.

Relación, Implicación o Compromiso: elige cuánto nos metemos.
👉 https://www.tuconsultor.com/orbita/?utm_source=linkedin&utm_medium=social&utm_campaign=orbita&utm_content=f11

#SistemasDeGestión #Consultoría #TuConsultor",https://www.tuconsultor.com/social-img/orbita/F11_linkedin.png,https://www.tuconsultor.com/orbita/,,
364,,19:00,instagram,"Desde 2006 gestionamos con corazón. Desde ahora, también con órbita.

Sistemas de gestión con acompañamiento a medida.

Sistemas de gestión con acompañamiento a medida. TuConsultor desde 2006.
Enlace en bio.

❤️ Gestión con corazón desde 2006.

#SistemasDeGestión #Consultoría #TuConsultor #GestiónConCorazón #Orbita",https://www.tuconsultor.com/social-img/orbita/F11_instagram.png,https://www.tuconsultor.com/orbita/,,
365,,19:00,linkedin,"Cliente, consultor y equipo en la misma órbita.

Gestión compartida, no repartida.

Orbita · PM Tool, el portal de gestión de TuConsultor.
👉 https://www.tuconsultor.com/orbita/?utm_source=linkedin&utm_medium=social&utm_campaign=orbita&utm_content=a12

#OrbitaPMTool #GestiónDeProyectos #TuConsultor",https://www.tuconsultor.com/social-img/orbita/A12_linkedin.png,https://www.tuconsultor.com/orbita/,,
366,,19:00,instagram,"Cliente, consultor y equipo en la misma órbita.

Gestión compartida, no repartida.

Pide una demo de Orbita · PM Tool.
Enlace en bio.

❤️ Gestión con corazón desde 2006.

#OrbitaPMTool #GestiónDeProyectos #TuConsultor #GestiónConCorazón #Orbita",https://www.tuconsultor.com/social-img/orbita/A12_instagram.png,https://www.tuconsultor.com/orbita/,,
367,,19:00,linkedin,"Riesgos con dueño. Oportunidades con fecha.

Lo demás es una matriz decorativa.

Mantén tu ISO viva con Orbita · PM Tool.
👉 https://www.tuconsultor.com/orbita/?utm_source=linkedin&utm_medium=social&utm_campaign=orbita&utm_content=b12

#ISO9001 #SistemasDeGestión #TuConsultor",https://www.tuconsultor.com/social-img/orbita/B12_linkedin.png,https://www.tuconsultor.com/orbita/,,
368,,19:00,instagram,"Riesgos con dueño. Oportunidades con fecha.

Lo demás es una matriz decorativa.

Tu sistema de gestión, semana a semana, en Orbita.
Enlace en bio.

❤️ Gestión con corazón desde 2006.

#ISO9001 #SistemasDeGestión #TuConsultor #GestiónConCorazón #Orbita",https://www.tuconsultor.com/social-img/orbita/B12_instagram.png,https://www.tuconsultor.com/orbita/,,
369,,19:00,linkedin,"Cada proceso deja rastro: qué, quién, cuándo, evidencia.

Sin pedírselo a nadie.

Procesos con tareas, responsables y plazos. En Orbita.
👉 https://www.tuconsultor.com/orbita/?utm_source=linkedin&utm_medium=social&utm_campaign=orbita&utm_content=c12

#Procesos #Productividad #TuConsultor",https://www.tuconsultor.com/social-img/orbita/C12_linkedin.png,https://www.tuconsultor.com/orbita/,,
370,,19:00,instagram,"Cada proceso deja rastro: qué, quién, cuándo, evidencia.

Sin pedírselo a nadie.

Pide una demo de Orbita · PM Tool.
Enlace en bio.

❤️ Gestión con corazón desde 2006.

#Procesos #Productividad #TuConsultor #GestiónConCorazón #Orbita",https://www.tuconsultor.com/social-img/orbita/C12_instagram.png,https://www.tuconsultor.com/orbita/,,
371,,19:00,linkedin,"Tiempo real no es un lujo. Es dejar de decidir con datos viejos.

Orbita muestra lo que hay. Ahora.

Dashboard en tiempo real con Orbita · PM Tool.
👉 https://www.tuconsultor.com/orbita/?utm_source=linkedin&utm_medium=social&utm_campaign=orbita&utm_content=d12

#Dashboard #Dirección #TuConsultor",https://www.tuconsultor.com/social-img/orbita/D12_linkedin.png,https://www.tuconsultor.com/orbita/,,
372,,19:00,instagram,"Tiempo real no es un lujo. Es dejar de decidir con datos viejos.

Orbita muestra lo que hay. Ahora.

Pide una demo y mira tus proyectos en vivo.
Enlace en bio.

❤️ Gestión con corazón desde 2006.

#Dashboard #Dirección #TuConsultor #GestiónConCorazón #Orbita",https://www.tuconsultor.com/social-img/orbita/D12_instagram.png,https://www.tuconsultor.com/orbita/,,
373,,19:00,linkedin,"¿Cuánto tarda una ISO? Lo que tarde la semana más lenta.

Orbita te dice cuál es. Y por qué.

Tu ISO en semanas, en un portal controlado. TuConsultor + Orbita.
👉 https://www.tuconsultor.com/orbita/?utm_source=linkedin&utm_medium=social&utm_campaign=orbita&utm_content=e12

#ISO9001 #Certificación #TuConsultor",https://www.tuconsultor.com/social-img/orbita/E12_linkedin.png,https://www.tuconsultor.com/orbita/,,
374,,19:00,instagram,"¿Cuánto tarda una ISO? Lo que tarde la semana más lenta.

Orbita te dice cuál es. Y por qué.

Pide el plan por semanas de tu certificación.
Enlace en bio.

❤️ Gestión con corazón desde 2006.

#ISO9001 #Certificación #TuConsultor #GestiónConCorazón #Orbita",https://www.tuconsultor.com/social-img/orbita/E12_instagram.png,https://www.tuconsultor.com/orbita/,,
375,,19:00,linkedin,"No todos los clientes necesitan lo mismo. Por eso hay tres modelos.

Y solo uno es el tuyo.

Relación, Implicación o Compromiso: elige cuánto nos metemos.
👉 https://www.tuconsultor.com/orbita/?utm_source=linkedin&utm_medium=social&utm_campaign=orbita&utm_content=f12

#SistemasDeGestión #Consultoría #TuConsultor",https://www.tuconsultor.com/social-img/orbita/F12_linkedin.png,https://www.tuconsultor.com/orbita/,,
376,,19:00,instagram,"No todos los clientes necesitan lo mismo. Por eso hay tres modelos.

Y solo uno es el tuyo.

Sistemas de gestión con acompañamiento a medida. TuConsultor desde 2006.
Enlace en bio.

❤️ Gestión con corazón desde 2006.

#SistemasDeGestión #Consultoría #TuConsultor #GestiónConCorazón #Orbita",https://www.tuconsultor.com/social-img/orbita/F12_instagram.png,https://www.tuconsultor.com/orbita/,,
377,,19:00,linkedin,"No necesitas más disciplina. Necesitas un sitio.

Orbita pone el sitio. La disciplina viene sola.

Orbita · PM Tool, el portal de gestión de TuConsultor.
👉 https://www.tuconsultor.com/orbita/?utm_source=linkedin&utm_medium=social&utm_campaign=orbita&utm_content=a13

#OrbitaPMTool #GestiónDeProyectos #TuConsultor",https://www.tuconsultor.com/social-img/orbita/A13_linkedin.png,https://www.tuconsultor.com/orbita/,,
378,,19:00,instagram,"No necesitas más disciplina. Necesitas un sitio.

Orbita pone el sitio. La disciplina viene sola.

Pide una demo de Orbita · PM Tool.
Enlace en bio.

❤️ Gestión con corazón desde 2006.

#OrbitaPMTool #GestiónDeProyectos #TuConsultor #GestiónConCorazón #Orbita",https://www.tuconsultor.com/social-img/orbita/A13_instagram.png,https://www.tuconsultor.com/orbita/,,
379,,19:00,linkedin,"Formación registrada, competencia evaluada, evidencia guardada.

Automáticamente. No ""cuando pueda"".

Mantén tu ISO viva con Orbita · PM Tool.
👉 https://www.tuconsultor.com/orbita/?utm_source=linkedin&utm_medium=social&utm_campaign=orbita&utm_content=b13

#ISO9001 #SistemasDeGestión #TuConsultor",https://www.tuconsultor.com/social-img/orbita/B13_linkedin.png,https://www.tuconsultor.com/orbita/,,
380,,19:00,instagram,"Formación registrada, competencia evaluada, evidencia guardada.

Automáticamente. No ""cuando pueda"".

Tu sistema de gestión, semana a semana, en Orbita.
Enlace en bio.

❤️ Gestión con corazón desde 2006.

#ISO9001 #SistemasDeGestión #TuConsultor #GestiónConCorazón #Orbita",https://www.tuconsultor.com/social-img/orbita/B13_instagram.png,https://www.tuconsultor.com/orbita/,,
381,,19:00,linkedin,"Calibración, revisión, formación. Se crean solas. No se olvidan solas.

Tareas recurrentes con dueño y fecha.

Procesos con tareas, responsables y plazos. En Orbita.
👉 https://www.tuconsultor.com/orbita/?utm_source=linkedin&utm_medium=social&utm_campaign=orbita&utm_content=c13

#Procesos #Productividad #TuConsultor",https://www.tuconsultor.com/social-img/orbita/C13_linkedin.png,https://www.tuconsultor.com/orbita/,,
382,,19:00,instagram,"Calibración, revisión, formación. Se crean solas. No se olvidan solas.

Tareas recurrentes con dueño y fecha.

Pide una demo de Orbita · PM Tool.
Enlace en bio.

❤️ Gestión con corazón desde 2006.

#Procesos #Productividad #TuConsultor #GestiónConCorazón #Orbita",https://www.tuconsultor.com/social-img/orbita/C13_instagram.png,https://www.tuconsultor.com/orbita/,,
383,,19:00,linkedin,"Un dashboard por cliente. Uno global para ti.

Los dos, en vivo.

Dashboard en tiempo real con Orbita · PM Tool.
👉 https://www.tuconsultor.com/orbita/?utm_source=linkedin&utm_medium=social&utm_campaign=orbita&utm_content=d13

#Dashboard #Dirección #TuConsultor",https://www.tuconsultor.com/social-img/orbita/D13_linkedin.png,https://www.tuconsultor.com/orbita/,,
384,,19:00,instagram,"Un dashboard por cliente. Uno global para ti.

Los dos, en vivo.

Pide una demo y mira tus proyectos en vivo.
Enlace en bio.

❤️ Gestión con corazón desde 2006.

#Dashboard #Dirección #TuConsultor #GestiónConCorazón #Orbita",https://www.tuconsultor.com/social-img/orbita/D13_instagram.png,https://www.tuconsultor.com/orbita/,,
385,,19:00,linkedin,"El portal es tuyo. El método, de TuConsultor.

Las semanas, contadas.

Tu ISO en semanas, en un portal controlado. TuConsultor + Orbita.
👉 https://www.tuconsultor.com/orbita/?utm_source=linkedin&utm_medium=social&utm_campaign=orbita&utm_content=e13

#ISO9001 #Certificación #TuConsultor",https://www.tuconsultor.com/social-img/orbita/E13_linkedin.png,https://www.tuconsultor.com/orbita/,,
386,,19:00,instagram,"El portal es tuyo. El método, de TuConsultor.

Las semanas, contadas.

Pide el plan por semanas de tu certificación.
Enlace en bio.

❤️ Gestión con corazón desde 2006.

#ISO9001 #Certificación #TuConsultor #GestiónConCorazón #Orbita",https://www.tuconsultor.com/social-img/orbita/E13_instagram.png,https://www.tuconsultor.com/orbita/,,
387,,19:00,linkedin,"Un buen sistema de gestión: menos incendios, más decisiones.

TuConsultor: que dure.

Relación, Implicación o Compromiso: elige cuánto nos metemos.
👉 https://www.tuconsultor.com/orbita/?utm_source=linkedin&utm_medium=social&utm_campaign=orbita&utm_content=f13

#SistemasDeGestión #Consultoría #TuConsultor",https://www.tuconsultor.com/social-img/orbita/F13_linkedin.png,https://www.tuconsultor.com/orbita/,,
388,,19:00,instagram,"Un buen sistema de gestión: menos incendios, más decisiones.

TuConsultor: que dure.

Sistemas de gestión con acompañamiento a medida. TuConsultor desde 2006.
Enlace en bio.

❤️ Gestión con corazón desde 2006.

#SistemasDeGestión #Consultoría #TuConsultor #GestiónConCorazón #Orbita",https://www.tuconsultor.com/social-img/orbita/F13_instagram.png,https://www.tuconsultor.com/orbita/,,
389,,19:00,linkedin,"Arrancar un proyecto nuevo: 15 minutos.

Plantilla, hitos, equipo y a trabajar.

Orbita · PM Tool, el portal de gestión de TuConsultor.
👉 https://www.tuconsultor.com/orbita/?utm_source=linkedin&utm_medium=social&utm_campaign=orbita&utm_content=a14

#OrbitaPMTool #GestiónDeProyectos #TuConsultor",https://www.tuconsultor.com/social-img/orbita/A14_linkedin.png,https://www.tuconsultor.com/orbita/,,
390,,19:00,instagram,"Arrancar un proyecto nuevo: 15 minutos.

Plantilla, hitos, equipo y a trabajar.

Pide una demo de Orbita · PM Tool.
Enlace en bio.

❤️ Gestión con corazón desde 2006.

#OrbitaPMTool #GestiónDeProyectos #TuConsultor #GestiónConCorazón #Orbita",https://www.tuconsultor.com/social-img/orbita/A14_instagram.png,https://www.tuconsultor.com/orbita/,,
391,,19:00,linkedin,"El 80 % de las no conformidades se repiten. Porque nadie mira las anteriores.

Orbita sí las mira. Y te avisa.

Mantén tu ISO viva con Orbita · PM Tool.
👉 https://www.tuconsultor.com/orbita/?utm_source=linkedin&utm_medium=social&utm_campaign=orbita&utm_content=b14

#ISO9001 #SistemasDeGestión #TuConsultor",https://www.tuconsultor.com/social-img/orbita/B14_linkedin.png,https://www.tuconsultor.com/orbita/,,
392,,19:00,instagram,"El 80 % de las no conformidades se repiten. Porque nadie mira las anteriores.

Orbita sí las mira. Y te avisa.

Tu sistema de gestión, semana a semana, en Orbita.
Enlace en bio.

❤️ Gestión con corazón desde 2006.

#ISO9001 #SistemasDeGestión #TuConsultor #GestiónConCorazón #Orbita",https://www.tuconsultor.com/social-img/orbita/B14_instagram.png,https://www.tuconsultor.com/orbita/,,
393,,19:00,linkedin,"Carga de trabajo real, por persona. Antes de que alguien reviente.

No después.

Procesos con tareas, responsables y plazos. En Orbita.
👉 https://www.tuconsultor.com/orbita/?utm_source=linkedin&utm_medium=social&utm_campaign=orbita&utm_content=c14

#Procesos #Productividad #TuConsultor",https://www.tuconsultor.com/social-img/orbita/C14_linkedin.png,https://www.tuconsultor.com/orbita/,,
394,,19:00,instagram,"Carga de trabajo real, por persona. Antes de que alguien reviente.

No después.

Pide una demo de Orbita · PM Tool.
Enlace en bio.

❤️ Gestión con corazón desde 2006.

#Procesos #Productividad #TuConsultor #GestiónConCorazón #Orbita",https://www.tuconsultor.com/social-img/orbita/C14_instagram.png,https://www.tuconsultor.com/orbita/,,
395,,19:00,linkedin,"Deja de preparar el PowerPoint del estado del proyecto. Comparte la pantalla.

Ya está preparado.

Dashboard en tiempo real con Orbita · PM Tool.
👉 https://www.tuconsultor.com/orbita/?utm_source=linkedin&utm_medium=social&utm_campaign=orbita&utm_content=d14

#Dashboard #Dirección #TuConsultor",https://www.tuconsultor.com/social-img/orbita/D14_linkedin.png,https://www.tuconsultor.com/orbita/,,
396,,19:00,instagram,"Deja de preparar el PowerPoint del estado del proyecto. Comparte la pantalla.

Ya está preparado.

Pide una demo y mira tus proyectos en vivo.
Enlace en bio.

❤️ Gestión con corazón desde 2006.

#Dashboard #Dirección #TuConsultor #GestiónConCorazón #Orbita",https://www.tuconsultor.com/social-img/orbita/D14_instagram.png,https://www.tuconsultor.com/orbita/,,
397,,19:00,linkedin,"Documentos versionados, accesos por rol, evidencias con fecha.

Un portal que aguanta una auditoría.

Tu ISO en semanas, en un portal controlado. TuConsultor + Orbita.
👉 https://www.tuconsultor.com/orbita/?utm_source=linkedin&utm_medium=social&utm_campaign=orbita&utm_content=e14

#ISO9001 #Certificación #TuConsultor",https://www.tuconsultor.com/social-img/orbita/E14_linkedin.png,https://www.tuconsultor.com/orbita/,,
398,,19:00,instagram,"Documentos versionados, accesos por rol, evidencias con fecha.

Un portal que aguanta una auditoría.

Pide el plan por semanas de tu certificación.
Enlace en bio.

❤️ Gestión con corazón desde 2006.

#ISO9001 #Certificación #TuConsultor #GestiónConCorazón #Orbita",https://www.tuconsultor.com/social-img/orbita/E14_instagram.png,https://www.tuconsultor.com/orbita/,,
399,,19:00,linkedin,"Relación · Implicación · Compromiso. Sube o baja cuando quieras.

El portal sigue siendo el mismo.

Relación, Implicación o Compromiso: elige cuánto nos metemos.
👉 https://www.tuconsultor.com/orbita/?utm_source=linkedin&utm_medium=social&utm_campaign=orbita&utm_content=f14

#SistemasDeGestión #Consultoría #TuConsultor",https://www.tuconsultor.com/social-img/orbita/F14_linkedin.png,https://www.tuconsultor.com/orbita/,,
400,,19:00,instagram,"Relación · Implicación · Compromiso. Sube o baja cuando quieras.

El portal sigue siendo el mismo.

Sistemas de gestión con acompañamiento a medida. TuConsultor desde 2006.
Enlace en bio.

❤️ Gestión con corazón desde 2006.

#SistemasDeGestión #Consultoría #TuConsultor #GestiónConCorazón #Orbita",https://www.tuconsultor.com/social-img/orbita/F14_instagram.png,https://www.tuconsultor.com/orbita/,,
401,,19:00,linkedin,"Deja de gestionar de memoria. Empieza a gestionar por portal.

Todo queda. Todo se ve.

Orbita · PM Tool, el portal de gestión de TuConsultor.
👉 https://www.tuconsultor.com/orbita/?utm_source=linkedin&utm_medium=social&utm_campaign=orbita&utm_content=a15

#OrbitaPMTool #GestiónDeProyectos #TuConsultor",https://www.tuconsultor.com/social-img/orbita/A15_linkedin.png,https://www.tuconsultor.com/orbita/,,
402,,19:00,instagram,"Deja de gestionar de memoria. Empieza a gestionar por portal.

Todo queda. Todo se ve.

Pide una demo de Orbita · PM Tool.
Enlace en bio.

❤️ Gestión con corazón desde 2006.

#OrbitaPMTool #GestiónDeProyectos #TuConsultor #GestiónConCorazón #Orbita",https://www.tuconsultor.com/social-img/orbita/A15_instagram.png,https://www.tuconsultor.com/orbita/,,
403,,19:00,linkedin,"ISO no es papeleo. Es saber qué pasa antes de que pase.

Con un sistema que avisa, no que archiva.

Mantén tu ISO viva con Orbita · PM Tool.
👉 https://www.tuconsultor.com/orbita/?utm_source=linkedin&utm_medium=social&utm_campaign=orbita&utm_content=b15

#ISO9001 #SistemasDeGestión #TuConsultor",https://www.tuconsultor.com/social-img/orbita/B15_linkedin.png,https://www.tuconsultor.com/orbita/,,
404,,19:00,instagram,"ISO no es papeleo. Es saber qué pasa antes de que pase.

Con un sistema que avisa, no que archiva.

Tu sistema de gestión, semana a semana, en Orbita.
Enlace en bio.

❤️ Gestión con corazón desde 2006.

#ISO9001 #SistemasDeGestión #TuConsultor #GestiónConCorazón #Orbita",https://www.tuconsultor.com/social-img/orbita/B15_instagram.png,https://www.tuconsultor.com/orbita/,,
405,,19:00,linkedin,"Controlar el proceso no es vigilar a la gente. Es que nadie persiga a nadie.

Orbita lo hace por ti.

Procesos con tareas, responsables y plazos. En Orbita.
👉 https://www.tuconsultor.com/orbita/?utm_source=linkedin&utm_medium=social&utm_campaign=orbita&utm_content=c15

#Procesos #Productividad #TuConsultor",https://www.tuconsultor.com/social-img/orbita/C15_linkedin.png,https://www.tuconsultor.com/orbita/,,
406,,19:00,instagram,"Controlar el proceso no es vigilar a la gente. Es que nadie persiga a nadie.

Orbita lo hace por ti.

Pide una demo de Orbita · PM Tool.
Enlace en bio.

❤️ Gestión con corazón desde 2006.

#Procesos #Productividad #TuConsultor #GestiónConCorazón #Orbita",https://www.tuconsultor.com/social-img/orbita/C15_instagram.png,https://www.tuconsultor.com/orbita/,,
407,,19:00,linkedin,"El proyecto no avanza porque lo mires. Pero se desvía cuando no lo miras.

Míralo cada día. En 30 segundos.

Dashboard en tiempo real con Orbita · PM Tool.
👉 https://www.tuconsultor.com/orbita/?utm_source=linkedin&utm_medium=social&utm_campaign=orbita&utm_content=d15

#Dashboard #Dirección #TuConsultor",https://www.tuconsultor.com/social-img/orbita/D15_linkedin.png,https://www.tuconsultor.com/orbita/,,
408,,19:00,instagram,"El proyecto no avanza porque lo mires. Pero se desvía cuando no lo miras.

Míralo cada día. En 30 segundos.

Pide una demo y mira tus proyectos en vivo.
Enlace en bio.

❤️ Gestión con corazón desde 2006.

#Dashboard #Dirección #TuConsultor #GestiónConCorazón #Orbita",https://www.tuconsultor.com/social-img/orbita/D15_instagram.png,https://www.tuconsultor.com/orbita/,,
409,,19:00,linkedin,"Tu ISO en semanas es una promesa que se puede ver.

Semana a semana. En Orbita.

Tu ISO en semanas, en un portal controlado. TuConsultor + Orbita.
👉 https://www.tuconsultor.com/orbita/?utm_source=linkedin&utm_medium=social&utm_campaign=orbita&utm_content=e15

#ISO9001 #Certificación #TuConsultor",https://www.tuconsultor.com/social-img/orbita/E15_linkedin.png,https://www.tuconsultor.com/orbita/,,
410,,19:00,instagram,"Tu ISO en semanas es una promesa que se puede ver.

Semana a semana. En Orbita.

Pide el plan por semanas de tu certificación.
Enlace en bio.

❤️ Gestión con corazón desde 2006.

#ISO9001 #Certificación #TuConsultor #GestiónConCorazón #Orbita",https://www.tuconsultor.com/social-img/orbita/E15_instagram.png,https://www.tuconsultor.com/orbita/,,
411,,19:00,linkedin,"Un sistema bien acompañado se nota en la cuenta de resultados.

No solo en el certificado.

Relación, Implicación o Compromiso: elige cuánto nos metemos.
👉 https://www.tuconsultor.com/orbita/?utm_source=linkedin&utm_medium=social&utm_campaign=orbita&utm_content=f15

#SistemasDeGestión #Consultoría #TuConsultor",https://www.tuconsultor.com/social-img/orbita/F15_linkedin.png,https://www.tuconsultor.com/orbita/,,
412,,19:00,instagram,"Un sistema bien acompañado se nota en la cuenta de resultados.

No solo en el certificado.

Sistemas de gestión con acompañamiento a medida. TuConsultor desde 2006.
Enlace en bio.

❤️ Gestión con corazón desde 2006.

#SistemasDeGestión #Consultoría #TuConsultor #GestiónConCorazón #Orbita",https://www.tuconsultor.com/social-img/orbita/F15_instagram.png,https://www.tuconsultor.com/orbita/,,
413,,19:00,linkedin,"Calidad en un Excel. Proyectos en otro. Así no se gestiona. Se sobrevive.

Orbita · PM Tool: toda la gestión en un solo portal.

Pide una demo de Orbita · PM Tool.
👉 https://www.tuconsultor.com/orbita/?utm_source=linkedin&utm_medium=social&utm_campaign=orbita&utm_content=a01

#OrbitaPMTool #GestiónDeProyectos #TuConsultor",https://www.tuconsultor.com/social-img/orbita/A01_linkedin.png,https://www.tuconsultor.com/orbita/,,
414,,19:00,instagram,"Calidad en un Excel. Proyectos en otro. Así no se gestiona. Se sobrevive.

Orbita · PM Tool: toda la gestión en un solo portal.

Así trabajamos ahora con nuestros clientes.
Enlace en bio.

❤️ Gestión con corazón desde 2006.

#OrbitaPMTool #GestiónDeProyectos #TuConsultor #GestiónConCorazón #Orbita",https://www.tuconsultor.com/social-img/orbita/A01_instagram.png,https://www.tuconsultor.com/orbita/,,
415,,19:00,linkedin,"Tu ISO no falla en la auditoría. Falla los otros 364 días.

Con Orbita el sistema se mantiene cada semana, no la víspera.

Tu sistema de gestión, semana a semana, en Orbita.
👉 https://www.tuconsultor.com/orbita/?utm_source=linkedin&utm_medium=social&utm_campaign=orbita&utm_content=b01

#ISO9001 #SistemasDeGestión #TuConsultor",https://www.tuconsultor.com/social-img/orbita/B01_linkedin.png,https://www.tuconsultor.com/orbita/,,
416,,19:00,instagram,"Tu ISO no falla en la auditoría. Falla los otros 364 días.

Con Orbita el sistema se mantiene cada semana, no la víspera.

Pide una demo y trae tu última no conformidad.
Enlace en bio.

❤️ Gestión con corazón desde 2006.

#ISO9001 #SistemasDeGestión #TuConsultor #GestiónConCorazón #Orbita",https://www.tuconsultor.com/social-img/orbita/B01_instagram.png,https://www.tuconsultor.com/orbita/,,
417,,19:00,linkedin,"Sabes qué hay que hacer. Lo que no sabes es quién lo está haciendo.

Procesos con tareas, responsables y plazos que se ven.

Pide una demo de Orbita · PM Tool.
👉 https://www.tuconsultor.com/orbita/?utm_source=linkedin&utm_medium=social&utm_campaign=orbita&utm_content=c01

#Procesos #Productividad #TuConsultor",https://www.tuconsultor.com/social-img/orbita/C01_linkedin.png,https://www.tuconsultor.com/orbita/,,
418,,19:00,instagram,"Sabes qué hay que hacer. Lo que no sabes es quién lo está haciendo.

Procesos con tareas, responsables y plazos que se ven.

Cada proceso, sus tareas. Cada tarea, su dueño.
Enlace en bio.

❤️ Gestión con corazón desde 2006.

#Procesos #Productividad #TuConsultor #GestiónConCorazón #Orbita",https://www.tuconsultor.com/social-img/orbita/C01_instagram.png,https://www.tuconsultor.com/orbita/,,
419,,19:00,linkedin,"¿Cómo va el proyecto? Ya no es una pregunta. Es una pantalla.

Evolución en tiempo real. Sin pedir informes.

Pide una demo y mira tus proyectos en vivo.
👉 https://www.tuconsultor.com/orbita/?utm_source=linkedin&utm_medium=social&utm_campaign=orbita&utm_content=d01

#Dashboard #Dirección #TuConsultor",https://www.tuconsultor.com/social-img/orbita/D01_linkedin.png,https://www.tuconsultor.com/orbita/,,
420,,19:00,instagram,"¿Cómo va el proyecto? Ya no es una pregunta. Es una pantalla.

Evolución en tiempo real. Sin pedir informes.

Orbita · PM Tool: ver es la mitad del control.
Enlace en bio.

❤️ Gestión con corazón desde 2006.

#Dashboard #Dirección #TuConsultor #GestiónConCorazón #Orbita",https://www.tuconsultor.com/social-img/orbita/D01_instagram.png,https://www.tuconsultor.com/orbita/,,
421,,19:00,linkedin,"Tu ISO en semanas. No en un año de reuniones.

Portal controlado, plan cerrado, fechas a la vista.

Pide el plan por semanas de tu certificación.
👉 https://www.tuconsultor.com/orbita/?utm_source=linkedin&utm_medium=social&utm_campaign=orbita&utm_content=e01

#ISO9001 #Certificación #TuConsultor",https://www.tuconsultor.com/social-img/orbita/E01_linkedin.png,https://www.tuconsultor.com/orbita/,,
422,,19:00,instagram,"Tu ISO en semanas. No en un año de reuniones.

Portal controlado, plan cerrado, fechas a la vista.

Semanas contadas, hitos con evidencia. Orbita · PM Tool.
Enlace en bio.

❤️ Gestión con corazón desde 2006.

#ISO9001 #Certificación #TuConsultor #GestiónConCorazón #Orbita",https://www.tuconsultor.com/social-img/orbita/E01_instagram.png,https://www.tuconsultor.com/orbita/,,
423,,19:00,linkedin,"Relación, Implicación o Compromiso. Tres formas de trabajar contigo.

Una herramienta para las tres.

Sistemas de gestión con acompañamiento a medida. TuConsultor desde 2006.
👉 https://www.tuconsultor.com/orbita/?utm_source=linkedin&utm_medium=social&utm_campaign=orbita&utm_content=f01

#SistemasDeGestión #Consultoría #TuConsultor",https://www.tuconsultor.com/social-img/orbita/F01_linkedin.png,https://www.tuconsultor.com/orbita/,,
424,,19:00,instagram,"Relación, Implicación o Compromiso. Tres formas de trabajar contigo.

Una herramienta para las tres.

Pide una conversación de 20 minutos y te decimos qué modelo te encaja.
Enlace en bio.

❤️ Gestión con corazón desde 2006.

#SistemasDeGestión #Consultoría #TuConsultor #GestiónConCorazón #Orbita",https://www.tuconsultor.com/social-img/orbita/F01_instagram.png,https://www.tuconsultor.com/orbita/,,
425,,19:00,linkedin,"Un portal. Todos los proyectos. Todo el equipo. Y el cliente dentro.

Se acabó el ""te lo paso por correo"".

Pide una demo de Orbita · PM Tool.
👉 https://www.tuconsultor.com/orbita/?utm_source=linkedin&utm_medium=social&utm_campaign=orbita&utm_content=a02

#OrbitaPMTool #GestiónDeProyectos #TuConsultor",https://www.tuconsultor.com/social-img/orbita/A02_linkedin.png,https://www.tuconsultor.com/orbita/,,
426,,19:00,instagram,"Un portal. Todos los proyectos. Todo el equipo. Y el cliente dentro.

Se acabó el ""te lo paso por correo"".

Así trabajamos ahora con nuestros clientes.
Enlace en bio.

❤️ Gestión con corazón desde 2006.

#OrbitaPMTool #GestiónDeProyectos #TuConsultor #GestiónConCorazón #Orbita",https://www.tuconsultor.com/social-img/orbita/A02_instagram.png,https://www.tuconsultor.com/orbita/,,
427,,19:00,linkedin,"No conformidad abierta 8 meses. Nadie la vio. Nadie la buscó.

Cada acción con dueño, fecha y evidencia. A la vista.

Tu sistema de gestión, semana a semana, en Orbita.
👉 https://www.tuconsultor.com/orbita/?utm_source=linkedin&utm_medium=social&utm_campaign=orbita&utm_content=b02

#ISO9001 #SistemasDeGestión #TuConsultor",https://www.tuconsultor.com/social-img/orbita/B02_linkedin.png,https://www.tuconsultor.com/orbita/,,
428,,19:00,instagram,"No conformidad abierta 8 meses. Nadie la vio. Nadie la buscó.

Cada acción con dueño, fecha y evidencia. A la vista.

Pide una demo y trae tu última no conformidad.
Enlace en bio.

❤️ Gestión con corazón desde 2006.

#ISO9001 #SistemasDeGestión #TuConsultor #GestiónConCorazón #Orbita",https://www.tuconsultor.com/social-img/orbita/B02_instagram.png,https://www.tuconsultor.com/orbita/,,
429,,19:00,linkedin,"""Lo tengo pendiente"" no es un estado. Es una alarma.

Tareas por proceso, cada una con su semáforo.

Pide una demo de Orbita · PM Tool.
👉 https://www.tuconsultor.com/orbita/?utm_source=linkedin&utm_medium=social&utm_campaign=orbita&utm_content=c02

#Procesos #Productividad #TuConsultor",https://www.tuconsultor.com/social-img/orbita/C02_linkedin.png,https://www.tuconsultor.com/orbita/,,
430,,19:00,instagram,"""Lo tengo pendiente"" no es un estado. Es una alarma.

Tareas por proceso, cada una con su semáforo.

Cada proceso, sus tareas. Cada tarea, su dueño.
Enlace en bio.

❤️ Gestión con corazón desde 2006.

#Procesos #Productividad #TuConsultor #GestiónConCorazón #Orbita",https://www.tuconsultor.com/social-img/orbita/C02_instagram.png,https://www.tuconsultor.com/orbita/,,
431,,19:00,linkedin,"El informe de seguimiento del lunes ya estaba viejo el martes.

Dashboard en tiempo real. Para ti y para tu cliente.

Pide una demo y mira tus proyectos en vivo.
👉 https://www.tuconsultor.com/orbita/?utm_source=linkedin&utm_medium=social&utm_campaign=orbita&utm_content=d02

#Dashboard #Dirección #TuConsultor",https://www.tuconsultor.com/social-img/orbita/D02_linkedin.png,https://www.tuconsultor.com/orbita/,,
432,,19:00,instagram,"El informe de seguimiento del lunes ya estaba viejo el martes.

Dashboard en tiempo real. Para ti y para tu cliente.

Orbita · PM Tool: ver es la mitad del control.
Enlace en bio.

❤️ Gestión con corazón desde 2006.

#Dashboard #Dirección #TuConsultor #GestiónConCorazón #Orbita",https://www.tuconsultor.com/social-img/orbita/D02_instagram.png,https://www.tuconsultor.com/orbita/,,
433,,19:00,linkedin,"ISO 9001 desde cero: 12 semanas, un portal, un plan.

Cada semana sabes qué toca. Y quién.

Pide el plan por semanas de tu certificación.
👉 https://www.tuconsultor.com/orbita/?utm_source=linkedin&utm_medium=social&utm_campaign=orbita&utm_content=e02

#ISO9001 #Certificación #TuConsultor",https://www.tuconsultor.com/social-img/orbita/E02_linkedin.png,https://www.tuconsultor.com/orbita/,,
434,,19:00,instagram,"ISO 9001 desde cero: 12 semanas, un portal, un plan.

Cada semana sabes qué toca. Y quién.

Semanas contadas, hitos con evidencia. Orbita · PM Tool.
Enlace en bio.

❤️ Gestión con corazón desde 2006.

#ISO9001 #Certificación #TuConsultor #GestiónConCorazón #Orbita",https://www.tuconsultor.com/social-img/orbita/E02_instagram.png,https://www.tuconsultor.com/orbita/,,
435,,19:00,linkedin,"Relación: te acompañamos. Implicación: lo hacemos contigo. Compromiso: lo hacemos y respondemos.

Tú eliges la distancia.

Sistemas de gestión con acompañamiento a medida. TuConsultor desde 2006.
👉 https://www.tuconsultor.com/orbita/?utm_source=linkedin&utm_medium=social&utm_campaign=orbita&utm_content=f02

#SistemasDeGestión #Consultoría #TuConsultor",https://www.tuconsultor.com/social-img/orbita/F02_linkedin.png,https://www.tuconsultor.com/orbita/,,
436,,19:00,instagram,"Relación: te acompañamos. Implicación: lo hacemos contigo. Compromiso: lo hacemos y respondemos.

Tú eliges la distancia.

Pide una conversación de 20 minutos y te decimos qué modelo te encaja.
Enlace en bio.

❤️ Gestión con corazón desde 2006.

#SistemasDeGestión #Consultoría #TuConsultor #GestiónConCorazón #Orbita",https://www.tuconsultor.com/social-img/orbita/F02_instagram.png,https://www.tuconsultor.com/orbita/,,
437,,19:00,linkedin,"Cuatro carpetas, tres Drive y un WhatsApp. Eso no es un sistema.

Un portal donde todo tiene sitio y dueño.

Pide una demo de Orbita · PM Tool.
👉 https://www.tuconsultor.com/orbita/?utm_source=linkedin&utm_medium=social&utm_campaign=orbita&utm_content=a03

#OrbitaPMTool #GestiónDeProyectos #TuConsultor",https://www.tuconsultor.com/social-img/orbita/A03_linkedin.png,https://www.tuconsultor.com/orbita/,,
438,,19:00,instagram,"Cuatro carpetas, tres Drive y un WhatsApp. Eso no es un sistema.

Un portal donde todo tiene sitio y dueño.

Así trabajamos ahora con nuestros clientes.
Enlace en bio.

❤️ Gestión con corazón desde 2006.

#OrbitaPMTool #GestiónDeProyectos #TuConsultor #GestiónConCorazón #Orbita",https://www.tuconsultor.com/social-img/orbita/A03_instagram.png,https://www.tuconsultor.com/orbita/,,
439,,19:00,linkedin,"El sistema de gestión no es la carpeta. Es lo que pasa cada semana.

Orbita lo convierte en rutina.

Tu sistema de gestión, semana a semana, en Orbita.
👉 https://www.tuconsultor.com/orbita/?utm_source=linkedin&utm_medium=social&utm_campaign=orbita&utm_content=b03

#ISO9001 #SistemasDeGestión #TuConsultor",https://www.tuconsultor.com/social-img/orbita/B03_linkedin.png,https://www.tuconsultor.com/orbita/,,
440,,19:00,instagram,"El sistema de gestión no es la carpeta. Es lo que pasa cada semana.

Orbita lo convierte en rutina.

Pide una demo y trae tu última no conformidad.
Enlace en bio.

❤️ Gestión con corazón desde 2006.

#ISO9001 #SistemasDeGestión #TuConsultor #GestiónConCorazón #Orbita",https://www.tuconsultor.com/social-img/orbita/B03_instagram.png,https://www.tuconsultor.com/orbita/,,
441,,19:00,linkedin,"El procedimiento dice qué. Orbita dice quién y cuándo.

Cada proceso con sus tareas asignadas.

Pide una demo de Orbita · PM Tool.
👉 https://www.tuconsultor.com/orbita/?utm_source=linkedin&utm_medium=social&utm_campaign=orbita&utm_content=c03

#Procesos #Productividad #TuConsultor",https://www.tuconsultor.com/social-img/orbita/C03_linkedin.png,https://www.tuconsultor.com/orbita/,,
442,,19:00,instagram,"El procedimiento dice qué. Orbita dice quién y cuándo.

Cada proceso con sus tareas asignadas.

Cada proceso, sus tareas. Cada tarea, su dueño.
Enlace en bio.

❤️ Gestión con corazón desde 2006.

#Procesos #Productividad #TuConsultor #GestiónConCorazón #Orbita",https://www.tuconsultor.com/social-img/orbita/C03_instagram.png,https://www.tuconsultor.com/orbita/,,
443,,19:00,linkedin,"Un dashboard que se actualiza solo es una reunión menos.

Por semana. Cada semana.

Pide una demo y mira tus proyectos en vivo.
👉 https://www.tuconsultor.com/orbita/?utm_source=linkedin&utm_medium=social&utm_campaign=orbita&utm_content=d03

#Dashboard #Dirección #TuConsultor",https://www.tuconsultor.com/social-img/orbita/D03_linkedin.png,https://www.tuconsultor.com/orbita/,,
444,,19:00,instagram,"Un dashboard que se actualiza solo es una reunión menos.

Por semana. Cada semana.

Orbita · PM Tool: ver es la mitad del control.
Enlace en bio.

❤️ Gestión con corazón desde 2006.

#Dashboard #Dirección #TuConsultor #GestiónConCorazón #Orbita",https://www.tuconsultor.com/social-img/orbita/D03_instagram.png,https://www.tuconsultor.com/orbita/,,
445,,19:00,linkedin,"Certificarse no es lento. Es desordenado.

Ordénalo en un portal y mira lo que tarda.

Pide el plan por semanas de tu certificación.
👉 https://www.tuconsultor.com/orbita/?utm_source=linkedin&utm_medium=social&utm_campaign=orbita&utm_content=e03

#ISO9001 #Certificación #TuConsultor",https://www.tuconsultor.com/social-img/orbita/E03_linkedin.png,https://www.tuconsultor.com/orbita/,,
446,,19:00,instagram,"Certificarse no es lento. Es desordenado.

Ordénalo en un portal y mira lo que tarda.

Semanas contadas, hitos con evidencia. Orbita · PM Tool.
Enlace en bio.

❤️ Gestión con corazón desde 2006.

#ISO9001 #Certificación #TuConsultor #GestiónConCorazón #Orbita",https://www.tuconsultor.com/social-img/orbita/E03_instagram.png,https://www.tuconsultor.com/orbita/,,
447,,19:00,linkedin,"No vendemos horas. Vendemos un sistema que funciona.

Y un modelo de relación que lo mantiene.

Sistemas de gestión con acompañamiento a medida. TuConsultor desde 2006.
👉 https://www.tuconsultor.com/orbita/?utm_source=linkedin&utm_medium=social&utm_campaign=orbita&utm_content=f03

#SistemasDeGestión #Consultoría #TuConsultor",https://www.tuconsultor.com/social-img/orbita/F03_linkedin.png,https://www.tuconsultor.com/orbita/,,
448,,19:00,instagram,"No vendemos horas. Vendemos un sistema que funciona.

Y un modelo de relación que lo mantiene.

Pide una conversación de 20 minutos y te decimos qué modelo te encaja.
Enlace en bio.

❤️ Gestión con corazón desde 2006.

#SistemasDeGestión #Consultoría #TuConsultor #GestiónConCorazón #Orbita",https://www.tuconsultor.com/social-img/orbita/F03_instagram.png,https://www.tuconsultor.com/orbita/,,
449,,19:00,linkedin,"La versión buena del procedimiento está en el portátil de alguien.

En Orbita hay una versión. La vigente.

Pide una demo de Orbita · PM Tool.
👉 https://www.tuconsultor.com/orbita/?utm_source=linkedin&utm_medium=social&utm_campaign=orbita&utm_content=a04

#OrbitaPMTool #GestiónDeProyectos #TuConsultor",https://www.tuconsultor.com/social-img/orbita/A04_linkedin.png,https://www.tuconsultor.com/orbita/,,
450,,19:00,instagram,"La versión buena del procedimiento está en el portátil de alguien.

En Orbita hay una versión. La vigente.

Así trabajamos ahora con nuestros clientes.
Enlace en bio.

❤️ Gestión con corazón desde 2006.

#OrbitaPMTool #GestiónDeProyectos #TuConsultor #GestiónConCorazón #Orbita",https://www.tuconsultor.com/social-img/orbita/A04_instagram.png,https://www.tuconsultor.com/orbita/,,
451,,19:00,linkedin,"Auditoría interna en octubre. Evidencias desde enero.

Registrar en el momento, no la víspera.

Tu sistema de gestión, semana a semana, en Orbita.
👉 https://www.tuconsultor.com/orbita/?utm_source=linkedin&utm_medium=social&utm_campaign=orbita&utm_content=b04

#ISO9001 #SistemasDeGestión #TuConsultor",https://www.tuconsultor.com/social-img/orbita/B04_linkedin.png,https://www.tuconsultor.com/orbita/,,
452,,19:00,instagram,"Auditoría interna en octubre. Evidencias desde enero.

Registrar en el momento, no la víspera.

Pide una demo y trae tu última no conformidad.
Enlace en bio.

❤️ Gestión con corazón desde 2006.

#ISO9001 #SistemasDeGestión #TuConsultor #GestiónConCorazón #Orbita",https://www.tuconsultor.com/social-img/orbita/B04_instagram.png,https://www.tuconsultor.com/orbita/,,
453,,19:00,linkedin,"Un proceso sin tareas es un dibujo.

Orbita lo convierte en trabajo.

Pide una demo de Orbita · PM Tool.
👉 https://www.tuconsultor.com/orbita/?utm_source=linkedin&utm_medium=social&utm_campaign=orbita&utm_content=c04

#Procesos #Productividad #TuConsultor",https://www.tuconsultor.com/social-img/orbita/C04_linkedin.png,https://www.tuconsultor.com/orbita/,,
454,,19:00,instagram,"Un proceso sin tareas es un dibujo.

Orbita lo convierte en trabajo.

Cada proceso, sus tareas. Cada tarea, su dueño.
Enlace en bio.

❤️ Gestión con corazón desde 2006.

#Procesos #Productividad #TuConsultor #GestiónConCorazón #Orbita",https://www.tuconsultor.com/social-img/orbita/C04_instagram.png,https://www.tuconsultor.com/orbita/,,
455,,19:00,linkedin,"Verde, ámbar, rojo. Por proyecto, por hito, por persona.

Ahora. No a final de mes.

Pide una demo y mira tus proyectos en vivo.
👉 https://www.tuconsultor.com/orbita/?utm_source=linkedin&utm_medium=social&utm_campaign=orbita&utm_content=d04

#Dashboard #Dirección #TuConsultor",https://www.tuconsultor.com/social-img/orbita/D04_linkedin.png,https://www.tuconsultor.com/orbita/,,
456,,19:00,instagram,"Verde, ámbar, rojo. Por proyecto, por hito, por persona.

Ahora. No a final de mes.

Orbita · PM Tool: ver es la mitad del control.
Enlace en bio.

❤️ Gestión con corazón desde 2006.

#Dashboard #Dirección #TuConsultor #GestiónConCorazón #Orbita",https://www.tuconsultor.com/social-img/orbita/D04_instagram.png,https://www.tuconsultor.com/orbita/,,
457,,19:00,linkedin,"Semana 1: alcance. Semana 12: auditoría. Entre medias, nada al aire.

Todo en Orbita.

Pide el plan por semanas de tu certificación.
👉 https://www.tuconsultor.com/orbita/?utm_source=linkedin&utm_medium=social&utm_campaign=orbita&utm_content=e04

#ISO9001 #Certificación #TuConsultor",https://www.tuconsultor.com/social-img/orbita/E04_linkedin.png,https://www.tuconsultor.com/orbita/,,
458,,19:00,instagram,"Semana 1: alcance. Semana 12: auditoría. Entre medias, nada al aire.

Todo en Orbita.

Semanas contadas, hitos con evidencia. Orbita · PM Tool.
Enlace en bio.

❤️ Gestión con corazón desde 2006.

#ISO9001 #Certificación #TuConsultor #GestiónConCorazón #Orbita",https://www.tuconsultor.com/social-img/orbita/E04_instagram.png,https://www.tuconsultor.com/orbita/,,
459,,19:00,linkedin,"Tu sistema de gestión no es un proyecto. Es una relación.

Elige cuánta implicación necesitas.

Sistemas de gestión con acompañamiento a medida. TuConsultor desde 2006.
👉 https://www.tuconsultor.com/orbita/?utm_source=linkedin&utm_medium=social&utm_campaign=orbita&utm_content=f04

#SistemasDeGestión #Consultoría #TuConsultor",https://www.tuconsultor.com/social-img/orbita/F04_linkedin.png,https://www.tuconsultor.com/orbita/,,
460,,19:00,instagram,"Tu sistema de gestión no es un proyecto. Es una relación.

Elige cuánta implicación necesitas.

Pide una conversación de 20 minutos y te decimos qué modelo te encaja.
Enlace en bio.

❤️ Gestión con corazón desde 2006.

#SistemasDeGestión #Consultoría #TuConsultor #GestiónConCorazón #Orbita",https://www.tuconsultor.com/social-img/orbita/F04_instagram.png,https://www.tuconsultor.com/orbita/,,
461,,19:00,linkedin,"""¿Dónde está el último informe?"" Pregunta prohibida desde hoy.

Documentos, hitos y tareas en el mismo sitio.

Pide una demo de Orbita · PM Tool.
👉 https://www.tuconsultor.com/orbita/?utm_source=linkedin&utm_medium=social&utm_campaign=orbita&utm_content=a05

#OrbitaPMTool #GestiónDeProyectos #TuConsultor",https://www.tuconsultor.com/social-img/orbita/A05_linkedin.png,https://www.tuconsultor.com/orbita/,,
462,,19:00,instagram,"""¿Dónde está el último informe?"" Pregunta prohibida desde hoy.

Documentos, hitos y tareas en el mismo sitio.

Así trabajamos ahora con nuestros clientes.
Enlace en bio.

❤️ Gestión con corazón desde 2006.

#OrbitaPMTool #GestiónDeProyectos #TuConsultor #GestiónConCorazón #Orbita",https://www.tuconsultor.com/social-img/orbita/A05_instagram.png,https://www.tuconsultor.com/orbita/,,
463,,19:00,linkedin,"Acción correctiva sin fecha de cierre no es una acción. Es una intención.

Orbita no deja intenciones abiertas.

Tu sistema de gestión, semana a semana, en Orbita.
👉 https://www.tuconsultor.com/orbita/?utm_source=linkedin&utm_medium=social&utm_campaign=orbita&utm_content=b05

#ISO9001 #SistemasDeGestión #TuConsultor",https://www.tuconsultor.com/social-img/orbita/B05_linkedin.png,https://www.tuconsultor.com/orbita/,,
464,,19:00,instagram,"Acción correctiva sin fecha de cierre no es una acción. Es una intención.

Orbita no deja intenciones abiertas.

Pide una demo y trae tu última no conformidad.
Enlace en bio.

❤️ Gestión con corazón desde 2006.

#ISO9001 #SistemasDeGestión #TuConsultor #GestiónConCorazón #Orbita",https://www.tuconsultor.com/social-img/orbita/B05_instagram.png,https://www.tuconsultor.com/orbita/,,
465,,19:00,linkedin,"Tarea vencida tres días. Nadie preguntó. Nadie avisó.

Ahora avisa Orbita.

Pide una demo de Orbita · PM Tool.
👉 https://www.tuconsultor.com/orbita/?utm_source=linkedin&utm_medium=social&utm_campaign=orbita&utm_content=c05

#Procesos #Productividad #TuConsultor",https://www.tuconsultor.com/social-img/orbita/C05_linkedin.png,https://www.tuconsultor.com/orbita/,,
466,,19:00,instagram,"Tarea vencida tres días. Nadie preguntó. Nadie avisó.

Ahora avisa Orbita.

Cada proceso, sus tareas. Cada tarea, su dueño.
Enlace en bio.

❤️ Gestión con corazón desde 2006.

#Procesos #Productividad #TuConsultor #GestiónConCorazón #Orbita",https://www.tuconsultor.com/social-img/orbita/C05_instagram.png,https://www.tuconsultor.com/orbita/,,
467,,19:00,linkedin,"Tu cliente ve el avance antes de preguntarlo.

Y deja de preguntarlo.

Pide una demo y mira tus proyectos en vivo.
👉 https://www.tuconsultor.com/orbita/?utm_source=linkedin&utm_medium=social&utm_campaign=orbita&utm_content=d05

#Dashboard #Dirección #TuConsultor",https://www.tuconsultor.com/social-img/orbita/D05_linkedin.png,https://www.tuconsultor.com/orbita/,,
468,,19:00,instagram,"Tu cliente ve el avance antes de preguntarlo.

Y deja de preguntarlo.

Orbita · PM Tool: ver es la mitad del control.
Enlace en bio.

❤️ Gestión con corazón desde 2006.

#Dashboard #Dirección #TuConsultor #GestiónConCorazón #Orbita",https://www.tuconsultor.com/social-img/orbita/D05_instagram.png,https://www.tuconsultor.com/orbita/,,
469,,19:00,linkedin,"Un portal controlado significa que nadie improvisa.

Ni tú, ni tu equipo, ni tu consultor.

Pide el plan por semanas de tu certificación.
👉 https://www.tuconsultor.com/orbita/?utm_source=linkedin&utm_medium=social&utm_campaign=orbita&utm_content=e05

#ISO9001 #Certificación #TuConsultor",https://www.tuconsultor.com/social-img/orbita/E05_linkedin.png,https://www.tuconsultor.com/orbita/,,
470,,19:00,instagram,"Un portal controlado significa que nadie improvisa.

Ni tú, ni tu equipo, ni tu consultor.

Semanas contadas, hitos con evidencia. Orbita · PM Tool.
Enlace en bio.

❤️ Gestión con corazón desde 2006.

#ISO9001 #Certificación #TuConsultor #GestiónConCorazón #Orbita",https://www.tuconsultor.com/social-img/orbita/E05_instagram.png,https://www.tuconsultor.com/orbita/,,
471,,19:00,linkedin,"Con Relación, el sistema es tuyo y nosotros cerca. Con Compromiso, nosotros dentro.

Tú decides.

Sistemas de gestión con acompañamiento a medida. TuConsultor desde 2006.
👉 https://www.tuconsultor.com/orbita/?utm_source=linkedin&utm_medium=social&utm_campaign=orbita&utm_content=f05

#SistemasDeGestión #Consultoría #TuConsultor",https://www.tuconsultor.com/social-img/orbita/F05_linkedin.png,https://www.tuconsultor.com/orbita/,,
472,,19:00,instagram,"Con Relación, el sistema es tuyo y nosotros cerca. Con Compromiso, nosotros dentro.

Tú decides.

Pide una conversación de 20 minutos y te decimos qué modelo te encaja.
Enlace en bio.

❤️ Gestión con corazón desde 2006.

#SistemasDeGestión #Consultoría #TuConsultor #GestiónConCorazón #Orbita",https://www.tuconsultor.com/social-img/orbita/F05_instagram.png,https://www.tuconsultor.com/orbita/,,
473,,19:00,linkedin,"Tu consultor, tu equipo y tu auditor mirando la misma pantalla.

Un portal, tres puntos de vista, cero sorpresas.

Pide una demo de Orbita · PM Tool.
👉 https://www.tuconsultor.com/orbita/?utm_source=linkedin&utm_medium=social&utm_campaign=orbita&utm_content=a06

#OrbitaPMTool #GestiónDeProyectos #TuConsultor",https://www.tuconsultor.com/social-img/orbita/A06_linkedin.png,https://www.tuconsultor.com/orbita/,,
474,,19:00,instagram,"Tu consultor, tu equipo y tu auditor mirando la misma pantalla.

Un portal, tres puntos de vista, cero sorpresas.

Así trabajamos ahora con nuestros clientes.
Enlace en bio.

❤️ Gestión con corazón desde 2006.

#OrbitaPMTool #GestiónDeProyectos #TuConsultor #GestiónConCorazón #Orbita",https://www.tuconsultor.com/social-img/orbita/A06_instagram.png,https://www.tuconsultor.com/orbita/,,
475,,19:00,linkedin,"Tres normas. Un sistema. Cero duplicados.

9001, 14001 y 45001 comparten órbita.

Tu sistema de gestión, semana a semana, en Orbita.
👉 https://www.tuconsultor.com/orbita/?utm_source=linkedin&utm_medium=social&utm_campaign=orbita&utm_content=b06

#ISO9001 #SistemasDeGestión #TuConsultor",https://www.tuconsultor.com/social-img/orbita/B06_linkedin.png,https://www.tuconsultor.com/orbita/,,
476,,19:00,instagram,"Tres normas. Un sistema. Cero duplicados.

9001, 14001 y 45001 comparten órbita.

Pide una demo y trae tu última no conformidad.
Enlace en bio.

❤️ Gestión con corazón desde 2006.

#ISO9001 #SistemasDeGestión #TuConsultor #GestiónConCorazón #Orbita",https://www.tuconsultor.com/social-img/orbita/B06_instagram.png,https://www.tuconsultor.com/orbita/,,
477,,19:00,linkedin,"Delegar no es decirlo en la reunión. Es asignarlo, con fecha.

Y ver cuándo se hace.

Pide una demo de Orbita · PM Tool.
👉 https://www.tuconsultor.com/orbita/?utm_source=linkedin&utm_medium=social&utm_campaign=orbita&utm_content=c06

#Procesos #Productividad #TuConsultor",https://www.tuconsultor.com/social-img/orbita/C06_linkedin.png,https://www.tuconsultor.com/orbita/,,
478,,19:00,instagram,"Delegar no es decirlo en la reunión. Es asignarlo, con fecha.

Y ver cuándo se hace.

Cada proceso, sus tareas. Cada tarea, su dueño.
Enlace en bio.

❤️ Gestión con corazón desde 2006.

#Procesos #Productividad #TuConsultor #GestiónConCorazón #Orbita",https://www.tuconsultor.com/social-img/orbita/C06_instagram.png,https://www.tuconsultor.com/orbita/,,
479,,19:00,linkedin,"El porcentaje de avance real, no el que se dice en la reunión.

Calculado con lo que está hecho.

Pide una demo y mira tus proyectos en vivo.
👉 https://www.tuconsultor.com/orbita/?utm_source=linkedin&utm_medium=social&utm_campaign=orbita&utm_content=d06

#Dashboard #Dirección #TuConsultor",https://www.tuconsultor.com/social-img/orbita/D06_linkedin.png,https://www.tuconsultor.com/orbita/,,
480,,19:00,instagram,"El porcentaje de avance real, no el que se dice en la reunión.

Calculado con lo que está hecho.

Orbita · PM Tool: ver es la mitad del control.
Enlace en bio.

❤️ Gestión con corazón desde 2006.

#Dashboard #Dirección #TuConsultor #GestiónConCorazón #Orbita",https://www.tuconsultor.com/social-img/orbita/D06_instagram.png,https://www.tuconsultor.com/orbita/,,
481,,19:00,linkedin,"Sabes en qué semana estás y cuántas faltan.

Sin preguntarlo. Sin adivinarlo.

Pide el plan por semanas de tu certificación.
👉 https://www.tuconsultor.com/orbita/?utm_source=linkedin&utm_medium=social&utm_campaign=orbita&utm_content=e06

#ISO9001 #Certificación #TuConsultor",https://www.tuconsultor.com/social-img/orbita/E06_linkedin.png,https://www.tuconsultor.com/orbita/,,
482,,19:00,instagram,"Sabes en qué semana estás y cuántas faltan.

Sin preguntarlo. Sin adivinarlo.

Semanas contadas, hitos con evidencia. Orbita · PM Tool.
Enlace en bio.

❤️ Gestión con corazón desde 2006.

#ISO9001 #Certificación #TuConsultor #GestiónConCorazón #Orbita",https://www.tuconsultor.com/social-img/orbita/E06_instagram.png,https://www.tuconsultor.com/orbita/,,
483,,19:00,linkedin,"Veinte años implantando sistemas enseñan una cosa:

el modelo de trabajo importa más que la norma.

Sistemas de gestión con acompañamiento a medida. TuConsultor desde 2006.
👉 https://www.tuconsultor.com/orbita/?utm_source=linkedin&utm_medium=social&utm_campaign=orbita&utm_content=f06

#SistemasDeGestión #Consultoría #TuConsultor",https://www.tuconsultor.com/social-img/orbita/F06_linkedin.png,https://www.tuconsultor.com/orbita/,,
484,,19:00,instagram,"Veinte años implantando sistemas enseñan una cosa:

el modelo de trabajo importa más que la norma.

Pide una conversación de 20 minutos y te decimos qué modelo te encaja.
Enlace en bio.

❤️ Gestión con corazón desde 2006.

#SistemasDeGestión #Consultoría #TuConsultor #GestiónConCorazón #Orbita",https://www.tuconsultor.com/social-img/orbita/F06_instagram.png,https://www.tuconsultor.com/orbita/,,
485,,19:00,linkedin,"Integrar no es tener más pestañas. Es tener menos preguntas.

Orbita une proyectos, procesos y evidencias.

Pide una demo de Orbita · PM Tool.
👉 https://www.tuconsultor.com/orbita/?utm_source=linkedin&utm_medium=social&utm_campaign=orbita&utm_content=a07

#OrbitaPMTool #GestiónDeProyectos #TuConsultor",https://www.tuconsultor.com/social-img/orbita/A07_linkedin.png,https://www.tuconsultor.com/orbita/,,
486,,19:00,instagram,"Integrar no es tener más pestañas. Es tener menos preguntas.

Orbita une proyectos, procesos y evidencias.

Así trabajamos ahora con nuestros clientes.
Enlace en bio.

❤️ Gestión con corazón desde 2006.

#OrbitaPMTool #GestiónDeProyectos #TuConsultor #GestiónConCorazón #Orbita",https://www.tuconsultor.com/social-img/orbita/A07_instagram.png,https://www.tuconsultor.com/orbita/,,
487,,19:00,linkedin,"La revisión por la dirección ya no se prepara. Se abre.

Los datos llevan meses acumulándose solos.

Tu sistema de gestión, semana a semana, en Orbita.
👉 https://www.tuconsultor.com/orbita/?utm_source=linkedin&utm_medium=social&utm_campaign=orbita&utm_content=b07

#ISO9001 #SistemasDeGestión #TuConsultor",https://www.tuconsultor.com/social-img/orbita/B07_linkedin.png,https://www.tuconsultor.com/orbita/,,
488,,19:00,instagram,"La revisión por la dirección ya no se prepara. Se abre.

Los datos llevan meses acumulándose solos.

Pide una demo y trae tu última no conformidad.
Enlace en bio.

❤️ Gestión con corazón desde 2006.

#ISO9001 #SistemasDeGestión #TuConsultor #GestiónConCorazón #Orbita",https://www.tuconsultor.com/social-img/orbita/B07_instagram.png,https://www.tuconsultor.com/orbita/,,
489,,19:00,linkedin,"Diez personas, treinta procesos, doscientas tareas.

Una pantalla. Ningún hilo de correo.

Pide una demo de Orbita · PM Tool.
👉 https://www.tuconsultor.com/orbita/?utm_source=linkedin&utm_medium=social&utm_campaign=orbita&utm_content=c07

#Procesos #Productividad #TuConsultor",https://www.tuconsultor.com/social-img/orbita/C07_linkedin.png,https://www.tuconsultor.com/orbita/,,
490,,19:00,instagram,"Diez personas, treinta procesos, doscientas tareas.

Una pantalla. Ningún hilo de correo.

Cada proceso, sus tareas. Cada tarea, su dueño.
Enlace en bio.

❤️ Gestión con corazón desde 2006.

#Procesos #Productividad #TuConsultor #GestiónConCorazón #Orbita",https://www.tuconsultor.com/social-img/orbita/C07_instagram.png,https://www.tuconsultor.com/orbita/,,
491,,19:00,linkedin,"Todos los proyectos en una pantalla. Los que van mal, primero.

Prioridad automática.

Pide una demo y mira tus proyectos en vivo.
👉 https://www.tuconsultor.com/orbita/?utm_source=linkedin&utm_medium=social&utm_campaign=orbita&utm_content=d07

#Dashboard #Dirección #TuConsultor",https://www.tuconsultor.com/social-img/orbita/D07_linkedin.png,https://www.tuconsultor.com/orbita/,,
492,,19:00,instagram,"Todos los proyectos en una pantalla. Los que van mal, primero.

Prioridad automática.

Orbita · PM Tool: ver es la mitad del control.
Enlace en bio.

❤️ Gestión con corazón desde 2006.

#Dashboard #Dirección #TuConsultor #GestiónConCorazón #Orbita",https://www.tuconsultor.com/social-img/orbita/D07_instagram.png,https://www.tuconsultor.com/orbita/,,
493,,19:00,linkedin,"Tu sistema, tu documentación, tus evidencias. En tu portal. Con control de acceso.

No en el ordenador de nadie.

Pide el plan por semanas de tu certificación.
👉 https://www.tuconsultor.com/orbita/?utm_source=linkedin&utm_medium=social&utm_campaign=orbita&utm_content=e07

#ISO9001 #Certificación #TuConsultor",https://www.tuconsultor.com/social-img/orbita/E07_linkedin.png,https://www.tuconsultor.com/orbita/,,
494,,19:00,instagram,"Tu sistema, tu documentación, tus evidencias. En tu portal. Con control de acceso.

No en el ordenador de nadie.

Semanas contadas, hitos con evidencia. Orbita · PM Tool.
Enlace en bio.

❤️ Gestión con corazón desde 2006.

#ISO9001 #Certificación #TuConsultor #GestiónConCorazón #Orbita",https://www.tuconsultor.com/social-img/orbita/E07_instagram.png,https://www.tuconsultor.com/orbita/,,
495,,19:00,linkedin,"9001, 14001, 45001, 27001, EFQM. Distintas normas, mismo portal.

Mismo modelo de trabajo.

Sistemas de gestión con acompañamiento a medida. TuConsultor desde 2006.
👉 https://www.tuconsultor.com/orbita/?utm_source=linkedin&utm_medium=social&utm_campaign=orbita&utm_content=f07

#SistemasDeGestión #Consultoría #TuConsultor",https://www.tuconsultor.com/social-img/orbita/F07_linkedin.png,https://www.tuconsultor.com/orbita/,,
496,,19:00,instagram,"9001, 14001, 45001, 27001, EFQM. Distintas normas, mismo portal.

Mismo modelo de trabajo.

Pide una conversación de 20 minutos y te decimos qué modelo te encaja.
Enlace en bio.

❤️ Gestión con corazón desde 2006.

#SistemasDeGestión #Consultoría #TuConsultor #GestiónConCorazón #Orbita",https://www.tuconsultor.com/social-img/orbita/F07_instagram.png,https://www.tuconsultor.com/orbita/,,
497,,19:00,linkedin,"Cada herramienta nueva que añades resta una hora a la semana.

Una sola. Con todo dentro.

Pide una demo de Orbita · PM Tool.
👉 https://www.tuconsultor.com/orbita/?utm_source=linkedin&utm_medium=social&utm_campaign=orbita&utm_content=a08

#OrbitaPMTool #GestiónDeProyectos #TuConsultor",https://www.tuconsultor.com/social-img/orbita/A08_linkedin.png,https://www.tuconsultor.com/orbita/,,
498,,19:00,instagram,"Cada herramienta nueva que añades resta una hora a la semana.

Una sola. Con todo dentro.

Así trabajamos ahora con nuestros clientes.
Enlace en bio.

❤️ Gestión con corazón desde 2006.

#OrbitaPMTool #GestiónDeProyectos #TuConsultor #GestiónConCorazón #Orbita",https://www.tuconsultor.com/social-img/orbita/A08_instagram.png,https://www.tuconsultor.com/orbita/,,
499,,19:00,linkedin,"Indicadores que se actualizan solos son indicadores que se miran.

Los que se calculan a mano, no.

Tu sistema de gestión, semana a semana, en Orbita.
👉 https://www.tuconsultor.com/orbita/?utm_source=linkedin&utm_medium=social&utm_campaign=orbita&utm_content=b08

#ISO9001 #SistemasDeGestión #TuConsultor",https://www.tuconsultor.com/social-img/orbita/B08_linkedin.png,https://www.tuconsultor.com/orbita/,,
500,,19:00,instagram,"Indicadores que se actualizan solos son indicadores que se miran.

Los que se calculan a mano, no.

Pide una demo y trae tu última no conformidad.
Enlace en bio.

❤️ Gestión con corazón desde 2006.

#ISO9001 #SistemasDeGestión #TuConsultor #GestiónConCorazón #Orbita",https://www.tuconsultor.com/social-img/orbita/B08_instagram.png,https://www.tuconsultor.com/orbita/,,
501,,19:00,linkedin,"Cuando todo es urgente nada lo es.

Prioridad por proceso, no por quien más grita.

Pide una demo de Orbita · PM Tool.
👉 https://www.tuconsultor.com/orbita/?utm_source=linkedin&utm_medium=social&utm_campaign=orbita&utm_content=c08

#Procesos #Productividad #TuConsultor",https://www.tuconsultor.com/social-img/orbita/C08_linkedin.png,https://www.tuconsultor.com/orbita/,,
502,,19:00,instagram,"Cuando todo es urgente nada lo es.

Prioridad por proceso, no por quien más grita.

Cada proceso, sus tareas. Cada tarea, su dueño.
Enlace en bio.

❤️ Gestión con corazón desde 2006.

#Procesos #Productividad #TuConsultor #GestiónConCorazón #Orbita",https://www.tuconsultor.com/social-img/orbita/C08_instagram.png,https://www.tuconsultor.com/orbita/,,
503,,19:00,linkedin,"Hitos cumplidos, retrasados, en riesgo. En una sola vista.

Cada mañana, sin abrir un Excel.

Pide una demo y mira tus proyectos en vivo.
👉 https://www.tuconsultor.com/orbita/?utm_source=linkedin&utm_medium=social&utm_campaign=orbita&utm_content=d08

#Dashboard #Dirección #TuConsultor",https://www.tuconsultor.com/social-img/orbita/D08_linkedin.png,https://www.tuconsultor.com/orbita/,,
504,,19:00,instagram,"Hitos cumplidos, retrasados, en riesgo. En una sola vista.

Cada mañana, sin abrir un Excel.

Orbita · PM Tool: ver es la mitad del control.
Enlace en bio.

❤️ Gestión con corazón desde 2006.

#Dashboard #Dirección #TuConsultor #GestiónConCorazón #Orbita",https://www.tuconsultor.com/social-img/orbita/D08_instagram.png,https://www.tuconsultor.com/orbita/,,
505,,19:00,linkedin,"La certificación exprés no existe. La certificación ordenada, sí.

Semanas, no meses. Con método.

Pide el plan por semanas de tu certificación.
👉 https://www.tuconsultor.com/orbita/?utm_source=linkedin&utm_medium=social&utm_campaign=orbita&utm_content=e08

#ISO9001 #Certificación #TuConsultor",https://www.tuconsultor.com/social-img/orbita/E08_linkedin.png,https://www.tuconsultor.com/orbita/,,
506,,19:00,instagram,"La certificación exprés no existe. La certificación ordenada, sí.

Semanas, no meses. Con método.

Semanas contadas, hitos con evidencia. Orbita · PM Tool.
Enlace en bio.

❤️ Gestión con corazón desde 2006.

#ISO9001 #Certificación #TuConsultor #GestiónConCorazón #Orbita",https://www.tuconsultor.com/social-img/orbita/E08_instagram.png,https://www.tuconsultor.com/orbita/,,
507,,19:00,linkedin,"Implicación: reuniones semanales, hitos compartidos, portal común.

Ni más ni menos de lo que necesitas.

Sistemas de gestión con acompañamiento a medida. TuConsultor desde 2006.
👉 https://www.tuconsultor.com/orbita/?utm_source=linkedin&utm_medium=social&utm_campaign=orbita&utm_content=f08

#SistemasDeGestión #Consultoría #TuConsultor",https://www.tuconsultor.com/social-img/orbita/F08_linkedin.png,https://www.tuconsultor.com/orbita/,,
508,,19:00,instagram,"Implicación: reuniones semanales, hitos compartidos, portal común.

Ni más ni menos de lo que necesitas.

Pide una conversación de 20 minutos y te decimos qué modelo te encaja.
Enlace en bio.

❤️ Gestión con corazón desde 2006.

#SistemasDeGestión #Consultoría #TuConsultor #GestiónConCorazón #Orbita",https://www.tuconsultor.com/social-img/orbita/F08_instagram.png,https://www.tuconsultor.com/orbita/,,
509,,19:00,linkedin,"El correo no es un gestor de proyectos. Nunca lo fue.

Orbita · PM Tool sí.

Pide una demo de Orbita · PM Tool.
👉 https://www.tuconsultor.com/orbita/?utm_source=linkedin&utm_medium=social&utm_campaign=orbita&utm_content=a09

#OrbitaPMTool #GestiónDeProyectos #TuConsultor",https://www.tuconsultor.com/social-img/orbita/A09_linkedin.png,https://www.tuconsultor.com/orbita/,,
510,,19:00,instagram,"El correo no es un gestor de proyectos. Nunca lo fue.

Orbita · PM Tool sí.

Así trabajamos ahora con nuestros clientes.
Enlace en bio.

❤️ Gestión con corazón desde 2006.

#OrbitaPMTool #GestiónDeProyectos #TuConsultor #GestiónConCorazón #Orbita",https://www.tuconsultor.com/social-img/orbita/A09_instagram.png,https://www.tuconsultor.com/orbita/,,
511,,19:00,linkedin,"El auditor pregunta. Tú le enseñas la pantalla.

Y se acaba la conversación.

Tu sistema de gestión, semana a semana, en Orbita.
👉 https://www.tuconsultor.com/orbita/?utm_source=linkedin&utm_medium=social&utm_campaign=orbita&utm_content=b09

#ISO9001 #SistemasDeGestión #TuConsultor",https://www.tuconsultor.com/social-img/orbita/B09_linkedin.png,https://www.tuconsultor.com/orbita/,,
512,,19:00,instagram,"El auditor pregunta. Tú le enseñas la pantalla.

Y se acaba la conversación.

Pide una demo y trae tu última no conformidad.
Enlace en bio.

❤️ Gestión con corazón desde 2006.

#ISO9001 #SistemasDeGestión #TuConsultor #GestiónConCorazón #Orbita",https://www.tuconsultor.com/social-img/orbita/B09_instagram.png,https://www.tuconsultor.com/orbita/,,
513,,19:00,linkedin,"Lo que se mide con semáforo se hace antes del rojo.

Verde, ámbar, rojo. Y ya.

Pide una demo de Orbita · PM Tool.
👉 https://www.tuconsultor.com/orbita/?utm_source=linkedin&utm_medium=social&utm_campaign=orbita&utm_content=c09

#Procesos #Productividad #TuConsultor",https://www.tuconsultor.com/social-img/orbita/C09_linkedin.png,https://www.tuconsultor.com/orbita/,,
514,,19:00,instagram,"Lo que se mide con semáforo se hace antes del rojo.

Verde, ámbar, rojo. Y ya.

Cada proceso, sus tareas. Cada tarea, su dueño.
Enlace en bio.

❤️ Gestión con corazón desde 2006.

#Procesos #Productividad #TuConsultor #GestiónConCorazón #Orbita",https://www.tuconsultor.com/social-img/orbita/C09_instagram.png,https://www.tuconsultor.com/orbita/,,
515,,19:00,linkedin,"Dirección no quiere leer informes. Quiere ver semáforos.

Dashboard para quien decide.

Pide una demo y mira tus proyectos en vivo.
👉 https://www.tuconsultor.com/orbita/?utm_source=linkedin&utm_medium=social&utm_campaign=orbita&utm_content=d09

#Dashboard #Dirección #TuConsultor",https://www.tuconsultor.com/social-img/orbita/D09_linkedin.png,https://www.tuconsultor.com/orbita/,,
516,,19:00,instagram,"Dirección no quiere leer informes. Quiere ver semáforos.

Dashboard para quien decide.

Orbita · PM Tool: ver es la mitad del control.
Enlace en bio.

❤️ Gestión con corazón desde 2006.

#Dashboard #Dirección #TuConsultor #GestiónConCorazón #Orbita",https://www.tuconsultor.com/social-img/orbita/D09_instagram.png,https://www.tuconsultor.com/orbita/,,
517,,19:00,linkedin,"Cada semana un hito cerrado. Cada hito con evidencia.

Y la auditoría deja de dar miedo.

Pide el plan por semanas de tu certificación.
👉 https://www.tuconsultor.com/orbita/?utm_source=linkedin&utm_medium=social&utm_campaign=orbita&utm_content=e09

#ISO9001 #Certificación #TuConsultor",https://www.tuconsultor.com/social-img/orbita/E09_linkedin.png,https://www.tuconsultor.com/orbita/,,
518,,19:00,instagram,"Cada semana un hito cerrado. Cada hito con evidencia.

Y la auditoría deja de dar miedo.

Semanas contadas, hitos con evidencia. Orbita · PM Tool.
Enlace en bio.

❤️ Gestión con corazón desde 2006.

#ISO9001 #Certificación #TuConsultor #GestiónConCorazón #Orbita",https://www.tuconsultor.com/social-img/orbita/E09_instagram.png,https://www.tuconsultor.com/orbita/,,
519,,19:00,linkedin,"Compromiso es que respondemos del sistema en la auditoría.

Contigo. En la sala.

Sistemas de gestión con acompañamiento a medida. TuConsultor desde 2006.
👉 https://www.tuconsultor.com/orbita/?utm_source=linkedin&utm_medium=social&utm_campaign=orbita&utm_content=f09

#SistemasDeGestión #Consultoría #TuConsultor",https://www.tuconsultor.com/social-img/orbita/F09_linkedin.png,https://www.tuconsultor.com/orbita/,,
520,,19:00,instagram,"Compromiso es que respondemos del sistema en la auditoría.

Contigo. En la sala.

Pide una conversación de 20 minutos y te decimos qué modelo te encaja.
Enlace en bio.

❤️ Gestión con corazón desde 2006.

#SistemasDeGestión #Consultoría #TuConsultor #GestiónConCorazón #Orbita",https://www.tuconsultor.com/social-img/orbita/F09_instagram.png,https://www.tuconsultor.com/orbita/,,
521,,19:00,linkedin,"Lo que no está en el portal no existe.

Y eso es exactamente lo que quieres.

Pide una demo de Orbita · PM Tool.
👉 https://www.tuconsultor.com/orbita/?utm_source=linkedin&utm_medium=social&utm_campaign=orbita&utm_content=a10

#OrbitaPMTool #GestiónDeProyectos #TuConsultor",https://www.tuconsultor.com/social-img/orbita/A10_linkedin.png,https://www.tuconsultor.com/orbita/,,
522,,19:00,instagram,"Lo que no está en el portal no existe.

Y eso es exactamente lo que quieres.

Así trabajamos ahora con nuestros clientes.
Enlace en bio.

❤️ Gestión con corazón desde 2006.

#OrbitaPMTool #GestiónDeProyectos #TuConsultor #GestiónConCorazón #Orbita",https://www.tuconsultor.com/social-img/orbita/A10_instagram.png,https://www.tuconsultor.com/orbita/,,
523,,19:00,linkedin,"Tu certificado se renueva cada tres años. Tu sistema, cada semana.

O no es un sistema.

Tu sistema de gestión, semana a semana, en Orbita.
👉 https://www.tuconsultor.com/orbita/?utm_source=linkedin&utm_medium=social&utm_campaign=orbita&utm_content=b10

#ISO9001 #SistemasDeGestión #TuConsultor",https://www.tuconsultor.com/social-img/orbita/B10_linkedin.png,https://www.tuconsultor.com/orbita/,,
524,,19:00,instagram,"Tu certificado se renueva cada tres años. Tu sistema, cada semana.

O no es un sistema.

Pide una demo y trae tu última no conformidad.
Enlace en bio.

❤️ Gestión con corazón desde 2006.

#ISO9001 #SistemasDeGestión #TuConsultor #GestiónConCorazón #Orbita",https://www.tuconsultor.com/social-img/orbita/B10_instagram.png,https://www.tuconsultor.com/orbita/,,
525,,19:00,linkedin,"El mapa de procesos colgado en la pared no ejecuta nada.

El de Orbita, sí.

Pide una demo de Orbita · PM Tool.
👉 https://www.tuconsultor.com/orbita/?utm_source=linkedin&utm_medium=social&utm_campaign=orbita&utm_content=c10

#Procesos #Productividad #TuConsultor",https://www.tuconsultor.com/social-img/orbita/C10_linkedin.png,https://www.tuconsultor.com/orbita/,,
526,,19:00,instagram,"El mapa de procesos colgado en la pared no ejecuta nada.

El de Orbita, sí.

Cada proceso, sus tareas. Cada tarea, su dueño.
Enlace en bio.

❤️ Gestión con corazón desde 2006.

#Procesos #Productividad #TuConsultor #GestiónConCorazón #Orbita",https://www.tuconsultor.com/social-img/orbita/C10_instagram.png,https://www.tuconsultor.com/orbita/,,
527,,19:00,linkedin,"Lo que no se ve no se corrige a tiempo.

Ver es la mitad del control.

Pide una demo y mira tus proyectos en vivo.
👉 https://www.tuconsultor.com/orbita/?utm_source=linkedin&utm_medium=social&utm_campaign=orbita&utm_content=d10

#Dashboard #Dirección #TuConsultor",https://www.tuconsultor.com/social-img/orbita/D10_linkedin.png,https://www.tuconsultor.com/orbita/,,
528,,19:00,instagram,"Lo que no se ve no se corrige a tiempo.

Ver es la mitad del control.

Orbita · PM Tool: ver es la mitad del control.
Enlace en bio.

❤️ Gestión con corazón desde 2006.

#Dashboard #Dirección #TuConsultor #GestiónConCorazón #Orbita",https://www.tuconsultor.com/social-img/orbita/D10_instagram.png,https://www.tuconsultor.com/orbita/,,
529,,19:00,linkedin,"Empezar una ISO sin plan por semanas es empezar a alargarla.

Orbita trae el plan hecho.

Pide el plan por semanas de tu certificación.
👉 https://www.tuconsultor.com/orbita/?utm_source=linkedin&utm_medium=social&utm_campaign=orbita&utm_content=e10

#ISO9001 #Certificación #TuConsultor",https://www.tuconsultor.com/social-img/orbita/E10_linkedin.png,https://www.tuconsultor.com/orbita/,,
530,,19:00,instagram,"Empezar una ISO sin plan por semanas es empezar a alargarla.

Orbita trae el plan hecho.

Semanas contadas, hitos con evidencia. Orbita · PM Tool.
Enlace en bio.

❤️ Gestión con corazón desde 2006.

#ISO9001 #Certificación #TuConsultor #GestiónConCorazón #Orbita",https://www.tuconsultor.com/social-img/orbita/E10_instagram.png,https://www.tuconsultor.com/orbita/,,
531,,19:00,linkedin,"Un sistema de gestión sin acompañamiento envejece en un año.

Con modelo de relación, madura.

Sistemas de gestión con acompañamiento a medida. TuConsultor desde 2006.
👉 https://www.tuconsultor.com/orbita/?utm_source=linkedin&utm_medium=social&utm_campaign=orbita&utm_content=f10

#SistemasDeGestión #Consultoría #TuConsultor",https://www.tuconsultor.com/social-img/orbita/F10_linkedin.png,https://www.tuconsultor.com/orbita/,,
532,,19:00,instagram,"Un sistema de gestión sin acompañamiento envejece en un año.

Con modelo de relación, madura.

Pide una conversación de 20 minutos y te decimos qué modelo te encaja.
Enlace en bio.

❤️ Gestión con corazón desde 2006.

#SistemasDeGestión #Consultoría #TuConsultor #GestiónConCorazón #Orbita",https://www.tuconsultor.com/social-img/orbita/F10_instagram.png,https://www.tuconsultor.com/orbita/,,
533,,19:00,linkedin,"Reunión de seguimiento de 90 minutos para descubrir qué falta.

El portal ya lo sabía el lunes.

Pide una demo de Orbita · PM Tool.
👉 https://www.tuconsultor.com/orbita/?utm_source=linkedin&utm_medium=social&utm_campaign=orbita&utm_content=a11

#OrbitaPMTool #GestiónDeProyectos #TuConsultor",https://www.tuconsultor.com/social-img/orbita/A11_linkedin.png,https://www.tuconsultor.com/orbita/,,
534,,19:00,instagram,"Reunión de seguimiento de 90 minutos para descubrir qué falta.

El portal ya lo sabía el lunes.

Así trabajamos ahora con nuestros clientes.
Enlace en bio.

❤️ Gestión con corazón desde 2006.

#OrbitaPMTool #GestiónDeProyectos #TuConsultor #GestiónConCorazón #Orbita",https://www.tuconsultor.com/social-img/orbita/A11_instagram.png,https://www.tuconsultor.com/orbita/,,
535,,19:00,linkedin,"""Lo tenemos, pero hay que buscarlo"" es la frase que más cuesta en una auditoría.

Orbita la elimina.

Tu sistema de gestión, semana a semana, en Orbita.
👉 https://www.tuconsultor.com/orbita/?utm_source=linkedin&utm_medium=social&utm_campaign=orbita&utm_content=b11

#ISO9001 #SistemasDeGestión #TuConsultor",https://www.tuconsultor.com/social-img/orbita/B11_linkedin.png,https://www.tuconsultor.com/orbita/,,
536,,19:00,instagram,"""Lo tenemos, pero hay que buscarlo"" es la frase que más cuesta en una auditoría.

Orbita la elimina.

Pide una demo y trae tu última no conformidad.
Enlace en bio.

❤️ Gestión con corazón desde 2006.

#ISO9001 #SistemasDeGestión #TuConsultor #GestiónConCorazón #Orbita",https://www.tuconsultor.com/social-img/orbita/B11_instagram.png,https://www.tuconsultor.com/orbita/,,
537,,19:00,linkedin,"""¿Quién lleva esto?"" Nunca más en un correo.

Está en la tarea. Desde que se creó.

Pide una demo de Orbita · PM Tool.
👉 https://www.tuconsultor.com/orbita/?utm_source=linkedin&utm_medium=social&utm_campaign=orbita&utm_content=c11

#Procesos #Productividad #TuConsultor",https://www.tuconsultor.com/social-img/orbita/C11_linkedin.png,https://www.tuconsultor.com/orbita/,,
538,,19:00,instagram,"""¿Quién lleva esto?"" Nunca más en un correo.

Está en la tarea. Desde que se creó.

Cada proceso, sus tareas. Cada tarea, su dueño.
Enlace en bio.

❤️ Gestión con corazón desde 2006.

#Procesos #Productividad #TuConsultor #GestiónConCorazón #Orbita",https://www.tuconsultor.com/social-img/orbita/C11_instagram.png,https://www.tuconsultor.com/orbita/,,
539,,19:00,linkedin,"Desviación de plazo detectada hoy. No en el comité del mes que viene.

Ese mes es la diferencia.

Pide una demo y mira tus proyectos en vivo.
👉 https://www.tuconsultor.com/orbita/?utm_source=linkedin&utm_medium=social&utm_campaign=orbita&utm_content=d11

#Dashboard #Dirección #TuConsultor",https://www.tuconsultor.com/social-img/orbita/D11_linkedin.png,https://www.tuconsultor.com/orbita/,,
540,,19:00,instagram,"Desviación de plazo detectada hoy. No en el comité del mes que viene.

Ese mes es la diferencia.

Orbita · PM Tool: ver es la mitad del control.
Enlace en bio.

❤️ Gestión con corazón desde 2006.

#Dashboard #Dirección #TuConsultor #GestiónConCorazón #Orbita",https://www.tuconsultor.com/social-img/orbita/D11_instagram.png,https://www.tuconsultor.com/orbita/,,
541,,19:00,linkedin,"Control no es vigilancia. Es saber que el jueves estará hecho.

Porque está asignado y se ve.

Pide el plan por semanas de tu certificación.
👉 https://www.tuconsultor.com/orbita/?utm_source=linkedin&utm_medium=social&utm_campaign=orbita&utm_content=e11

#ISO9001 #Certificación #TuConsultor",https://www.tuconsultor.com/social-img/orbita/E11_linkedin.png,https://www.tuconsultor.com/orbita/,,
542,,19:00,instagram,"Control no es vigilancia. Es saber que el jueves estará hecho.

Porque está asignado y se ve.

Semanas contadas, hitos con evidencia. Orbita · PM Tool.
Enlace en bio.

❤️ Gestión con corazón desde 2006.

#ISO9001 #Certificación #TuConsultor #GestiónConCorazón #Orbita",https://www.tuconsultor.com/social-img/orbita/E11_instagram.png,https://www.tuconsultor.com/orbita/,,
543,,19:00,linkedin,"Desde 2006 gestionamos con corazón. Desde ahora, también con órbita.

Sistemas de gestión con acompañamiento a medida.

Sistemas de gestión con acompañamiento a medida. TuConsultor desde 2006.
👉 https://www.tuconsultor.com/orbita/?utm_source=linkedin&utm_medium=social&utm_campaign=orbita&utm_content=f11

#SistemasDeGestión #Consultoría #TuConsultor",https://www.tuconsultor.com/social-img/orbita/F11_linkedin.png,https://www.tuconsultor.com/orbita/,,
544,,19:00,instagram,"Desde 2006 gestionamos con corazón. Desde ahora, también con órbita.

Sistemas de gestión con acompañamiento a medida.

Pide una conversación de 20 minutos y te decimos qué modelo te encaja.
Enlace en bio.

❤️ Gestión con corazón desde 2006.

#SistemasDeGestión #Consultoría #TuConsultor #GestiónConCorazón #Orbita",https://www.tuconsultor.com/social-img/orbita/F11_instagram.png,https://www.tuconsultor.com/orbita/,,
545,,19:00,linkedin,"Cliente, consultor y equipo en la misma órbita.

Gestión compartida, no repartida.

Pide una demo de Orbita · PM Tool.
👉 https://www.tuconsultor.com/orbita/?utm_source=linkedin&utm_medium=social&utm_campaign=orbita&utm_content=a12

#OrbitaPMTool #GestiónDeProyectos #TuConsultor",https://www.tuconsultor.com/social-img/orbita/A12_linkedin.png,https://www.tuconsultor.com/orbita/,,
546,,19:00,instagram,"Cliente, consultor y equipo en la misma órbita.

Gestión compartida, no repartida.

Así trabajamos ahora con nuestros clientes.
Enlace en bio.

❤️ Gestión con corazón desde 2006.

#OrbitaPMTool #GestiónDeProyectos #TuConsultor #GestiónConCorazón #Orbita",https://www.tuconsultor.com/social-img/orbita/A12_instagram.png,https://www.tuconsultor.com/orbita/,,
547,,19:00,linkedin,"Riesgos con dueño. Oportunidades con fecha.

Lo demás es una matriz decorativa.

Tu sistema de gestión, semana a semana, en Orbita.
👉 https://www.tuconsultor.com/orbita/?utm_source=linkedin&utm_medium=social&utm_campaign=orbita&utm_content=b12

#ISO9001 #SistemasDeGestión #TuConsultor",https://www.tuconsultor.com/social-img/orbita/B12_linkedin.png,https://www.tuconsultor.com/orbita/,,
548,,19:00,instagram,"Riesgos con dueño. Oportunidades con fecha.

Lo demás es una matriz decorativa.

Pide una demo y trae tu última no conformidad.
Enlace en bio.

❤️ Gestión con corazón desde 2006.

#ISO9001 #SistemasDeGestión #TuConsultor #GestiónConCorazón #Orbita",https://www.tuconsultor.com/social-img/orbita/B12_instagram.png,https://www.tuconsultor.com/orbita/,,
549,,19:00,linkedin,"Cada proceso deja rastro: qué, quién, cuándo, evidencia.

Sin pedírselo a nadie.

Pide una demo de Orbita · PM Tool.
👉 https://www.tuconsultor.com/orbita/?utm_source=linkedin&utm_medium=social&utm_campaign=orbita&utm_content=c12

#Procesos #Productividad #TuConsultor",https://www.tuconsultor.com/social-img/orbita/C12_linkedin.png,https://www.tuconsultor.com/orbita/,,
550,,19:00,instagram,"Cada proceso deja rastro: qué, quién, cuándo, evidencia.

Sin pedírselo a nadie.

Cada proceso, sus tareas. Cada tarea, su dueño.
Enlace en bio.

❤️ Gestión con corazón desde 2006.

#Procesos #Productividad #TuConsultor #GestiónConCorazón #Orbita",https://www.tuconsultor.com/social-img/orbita/C12_instagram.png,https://www.tuconsultor.com/orbita/,,
551,,19:00,linkedin,"Tiempo real no es un lujo. Es dejar de decidir con datos viejos.

Orbita muestra lo que hay. Ahora.

Pide una demo y mira tus proyectos en vivo.
👉 https://www.tuconsultor.com/orbita/?utm_source=linkedin&utm_medium=social&utm_campaign=orbita&utm_content=d12

#Dashboard #Dirección #TuConsultor",https://www.tuconsultor.com/social-img/orbita/D12_linkedin.png,https://www.tuconsultor.com/orbita/,,
552,,19:00,instagram,"Tiempo real no es un lujo. Es dejar de decidir con datos viejos.

Orbita muestra lo que hay. Ahora.

Orbita · PM Tool: ver es la mitad del control.
Enlace en bio.

❤️ Gestión con corazón desde 2006.

#Dashboard #Dirección #TuConsultor #GestiónConCorazón #Orbita",https://www.tuconsultor.com/social-img/orbita/D12_instagram.png,https://www.tuconsultor.com/orbita/,,
553,,19:00,linkedin,"¿Cuánto tarda una ISO? Lo que tarde la semana más lenta.

Orbita te dice cuál es. Y por qué.

Pide el plan por semanas de tu certificación.
👉 https://www.tuconsultor.com/orbita/?utm_source=linkedin&utm_medium=social&utm_campaign=orbita&utm_content=e12

#ISO9001 #Certificación #TuConsultor",https://www.tuconsultor.com/social-img/orbita/E12_linkedin.png,https://www.tuconsultor.com/orbita/,,
554,,19:00,instagram,"¿Cuánto tarda una ISO? Lo que tarde la semana más lenta.

Orbita te dice cuál es. Y por qué.

Semanas contadas, hitos con evidencia. Orbita · PM Tool.
Enlace en bio.

❤️ Gestión con corazón desde 2006.

#ISO9001 #Certificación #TuConsultor #GestiónConCorazón #Orbita",https://www.tuconsultor.com/social-img/orbita/E12_instagram.png,https://www.tuconsultor.com/orbita/,,
555,,19:00,linkedin,"No todos los clientes necesitan lo mismo. Por eso hay tres modelos.

Y solo uno es el tuyo.

Sistemas de gestión con acompañamiento a medida. TuConsultor desde 2006.
👉 https://www.tuconsultor.com/orbita/?utm_source=linkedin&utm_medium=social&utm_campaign=orbita&utm_content=f12

#SistemasDeGestión #Consultoría #TuConsultor",https://www.tuconsultor.com/social-img/orbita/F12_linkedin.png,https://www.tuconsultor.com/orbita/,,
556,,19:00,instagram,"No todos los clientes necesitan lo mismo. Por eso hay tres modelos.

Y solo uno es el tuyo.

Pide una conversación de 20 minutos y te decimos qué modelo te encaja.
Enlace en bio.

❤️ Gestión con corazón desde 2006.

#SistemasDeGestión #Consultoría #TuConsultor #GestiónConCorazón #Orbita",https://www.tuconsultor.com/social-img/orbita/F12_instagram.png,https://www.tuconsultor.com/orbita/,,
557,,19:00,linkedin,"No necesitas más disciplina. Necesitas un sitio.

Orbita pone el sitio. La disciplina viene sola.

Pide una demo de Orbita · PM Tool.
👉 https://www.tuconsultor.com/orbita/?utm_source=linkedin&utm_medium=social&utm_campaign=orbita&utm_content=a13

#OrbitaPMTool #GestiónDeProyectos #TuConsultor",https://www.tuconsultor.com/social-img/orbita/A13_linkedin.png,https://www.tuconsultor.com/orbita/,,
558,,19:00,instagram,"No necesitas más disciplina. Necesitas un sitio.

Orbita pone el sitio. La disciplina viene sola.

Así trabajamos ahora con nuestros clientes.
Enlace en bio.

❤️ Gestión con corazón desde 2006.

#OrbitaPMTool #GestiónDeProyectos #TuConsultor #GestiónConCorazón #Orbita",https://www.tuconsultor.com/social-img/orbita/A13_instagram.png,https://www.tuconsultor.com/orbita/,,
559,,19:00,linkedin,"Formación registrada, competencia evaluada, evidencia guardada.

Automáticamente. No ""cuando pueda"".

Tu sistema de gestión, semana a semana, en Orbita.
👉 https://www.tuconsultor.com/orbita/?utm_source=linkedin&utm_medium=social&utm_campaign=orbita&utm_content=b13

#ISO9001 #SistemasDeGestión #TuConsultor",https://www.tuconsultor.com/social-img/orbita/B13_linkedin.png,https://www.tuconsultor.com/orbita/,,
560,,19:00,instagram,"Formación registrada, competencia evaluada, evidencia guardada.

Automáticamente. No ""cuando pueda"".

Pide una demo y trae tu última no conformidad.
Enlace en bio.

❤️ Gestión con corazón desde 2006.

#ISO9001 #SistemasDeGestión #TuConsultor #GestiónConCorazón #Orbita",https://www.tuconsultor.com/social-img/orbita/B13_instagram.png,https://www.tuconsultor.com/orbita/,,
561,,19:00,linkedin,"Calibración, revisión, formación. Se crean solas. No se olvidan solas.

Tareas recurrentes con dueño y fecha.

Pide una demo de Orbita · PM Tool.
👉 https://www.tuconsultor.com/orbita/?utm_source=linkedin&utm_medium=social&utm_campaign=orbita&utm_content=c13

#Procesos #Productividad #TuConsultor",https://www.tuconsultor.com/social-img/orbita/C13_linkedin.png,https://www.tuconsultor.com/orbita/,,
562,,19:00,instagram,"Calibración, revisión, formación. Se crean solas. No se olvidan solas.

Tareas recurrentes con dueño y fecha.

Cada proceso, sus tareas. Cada tarea, su dueño.
Enlace en bio.

❤️ Gestión con corazón desde 2006.

#Procesos #Productividad #TuConsultor #GestiónConCorazón #Orbita",https://www.tuconsultor.com/social-img/orbita/C13_instagram.png,https://www.tuconsultor.com/orbita/,,
563,,19:00,linkedin,"Un dashboard por cliente. Uno global para ti.

Los dos, en vivo.

Pide una demo y mira tus proyectos en vivo.
👉 https://www.tuconsultor.com/orbita/?utm_source=linkedin&utm_medium=social&utm_campaign=orbita&utm_content=d13

#Dashboard #Dirección #TuConsultor",https://www.tuconsultor.com/social-img/orbita/D13_linkedin.png,https://www.tuconsultor.com/orbita/,,
564,,19:00,instagram,"Un dashboard por cliente. Uno global para ti.

Los dos, en vivo.

Orbita · PM Tool: ver es la mitad del control.
Enlace en bio.

❤️ Gestión con corazón desde 2006.

#Dashboard #Dirección #TuConsultor #GestiónConCorazón #Orbita",https://www.tuconsultor.com/social-img/orbita/D13_instagram.png,https://www.tuconsultor.com/orbita/,,
565,,19:00,linkedin,"El portal es tuyo. El método, de TuConsultor.

Las semanas, contadas.

Pide el plan por semanas de tu certificación.
👉 https://www.tuconsultor.com/orbita/?utm_source=linkedin&utm_medium=social&utm_campaign=orbita&utm_content=e13

#ISO9001 #Certificación #TuConsultor",https://www.tuconsultor.com/social-img/orbita/E13_linkedin.png,https://www.tuconsultor.com/orbita/,,
566,,19:00,instagram,"El portal es tuyo. El método, de TuConsultor.

Las semanas, contadas.

Semanas contadas, hitos con evidencia. Orbita · PM Tool.
Enlace en bio.

❤️ Gestión con corazón desde 2006.

#ISO9001 #Certificación #TuConsultor #GestiónConCorazón #Orbita",https://www.tuconsultor.com/social-img/orbita/E13_instagram.png,https://www.tuconsultor.com/orbita/,,
567,,19:00,linkedin,"Un buen sistema de gestión: menos incendios, más decisiones.

TuConsultor: que dure.

Sistemas de gestión con acompañamiento a medida. TuConsultor desde 2006.
👉 https://www.tuconsultor.com/orbita/?utm_source=linkedin&utm_medium=social&utm_campaign=orbita&utm_content=f13

#SistemasDeGestión #Consultoría #TuConsultor",https://www.tuconsultor.com/social-img/orbita/F13_linkedin.png,https://www.tuconsultor.com/orbita/,,
568,,19:00,instagram,"Un buen sistema de gestión: menos incendios, más decisiones.

TuConsultor: que dure.

Pide una conversación de 20 minutos y te decimos qué modelo te encaja.
Enlace en bio.

❤️ Gestión con corazón desde 2006.

#SistemasDeGestión #Consultoría #TuConsultor #GestiónConCorazón #Orbita",https://www.tuconsultor.com/social-img/orbita/F13_instagram.png,https://www.tuconsultor.com/orbita/,,
569,,19:00,linkedin,"Arrancar un proyecto nuevo: 15 minutos.

Plantilla, hitos, equipo y a trabajar.

Pide una demo de Orbita · PM Tool.
👉 https://www.tuconsultor.com/orbita/?utm_source=linkedin&utm_medium=social&utm_campaign=orbita&utm_content=a14

#OrbitaPMTool #GestiónDeProyectos #TuConsultor",https://www.tuconsultor.com/social-img/orbita/A14_linkedin.png,https://www.tuconsultor.com/orbita/,,
570,,19:00,instagram,"Arrancar un proyecto nuevo: 15 minutos.

Plantilla, hitos, equipo y a trabajar.

Así trabajamos ahora con nuestros clientes.
Enlace en bio.

❤️ Gestión con corazón desde 2006.

#OrbitaPMTool #GestiónDeProyectos #TuConsultor #GestiónConCorazón #Orbita",https://www.tuconsultor.com/social-img/orbita/A14_instagram.png,https://www.tuconsultor.com/orbita/,,
571,,19:00,linkedin,"El 80 % de las no conformidades se repiten. Porque nadie mira las anteriores.

Orbita sí las mira. Y te avisa.

Tu sistema de gestión, semana a semana, en Orbita.
👉 https://www.tuconsultor.com/orbita/?utm_source=linkedin&utm_medium=social&utm_campaign=orbita&utm_content=b14

#ISO9001 #SistemasDeGestión #TuConsultor",https://www.tuconsultor.com/social-img/orbita/B14_linkedin.png,https://www.tuconsultor.com/orbita/,,
572,,19:00,instagram,"El 80 % de las no conformidades se repiten. Porque nadie mira las anteriores.

Orbita sí las mira. Y te avisa.

Pide una demo y trae tu última no conformidad.
Enlace en bio.

❤️ Gestión con corazón desde 2006.

#ISO9001 #SistemasDeGestión #TuConsultor #GestiónConCorazón #Orbita",https://www.tuconsultor.com/social-img/orbita/B14_instagram.png,https://www.tuconsultor.com/orbita/,,
573,,19:00,linkedin,"Carga de trabajo real, por persona. Antes de que alguien reviente.

No después.

Pide una demo de Orbita · PM Tool.
👉 https://www.tuconsultor.com/orbita/?utm_source=linkedin&utm_medium=social&utm_campaign=orbita&utm_content=c14

#Procesos #Productividad #TuConsultor",https://www.tuconsultor.com/social-img/orbita/C14_linkedin.png,https://www.tuconsultor.com/orbita/,,
574,,19:00,instagram,"Carga de trabajo real, por persona. Antes de que alguien reviente.

No después.

Cada proceso, sus tareas. Cada tarea, su dueño.
Enlace en bio.

❤️ Gestión con corazón desde 2006.

#Procesos #Productividad #TuConsultor #GestiónConCorazón #Orbita",https://www.tuconsultor.com/social-img/orbita/C14_instagram.png,https://www.tuconsultor.com/orbita/,,
575,,19:00,linkedin,"Deja de preparar el PowerPoint del estado del proyecto. Comparte la pantalla.

Ya está preparado.

Pide una demo y mira tus proyectos en vivo.
👉 https://www.tuconsultor.com/orbita/?utm_source=linkedin&utm_medium=social&utm_campaign=orbita&utm_content=d14

#Dashboard #Dirección #TuConsultor",https://www.tuconsultor.com/social-img/orbita/D14_linkedin.png,https://www.tuconsultor.com/orbita/,,
576,,19:00,instagram,"Deja de preparar el PowerPoint del estado del proyecto. Comparte la pantalla.

Ya está preparado.

Orbita · PM Tool: ver es la mitad del control.
Enlace en bio.

❤️ Gestión con corazón desde 2006.

#Dashboard #Dirección #TuConsultor #GestiónConCorazón #Orbita",https://www.tuconsultor.com/social-img/orbita/D14_instagram.png,https://www.tuconsultor.com/orbita/,,
577,,19:00,linkedin,"Documentos versionados, accesos por rol, evidencias con fecha.

Un portal que aguanta una auditoría.

Pide el plan por semanas de tu certificación.
👉 https://www.tuconsultor.com/orbita/?utm_source=linkedin&utm_medium=social&utm_campaign=orbita&utm_content=e14

#ISO9001 #Certificación #TuConsultor",https://www.tuconsultor.com/social-img/orbita/E14_linkedin.png,https://www.tuconsultor.com/orbita/,,
578,,19:00,instagram,"Documentos versionados, accesos por rol, evidencias con fecha.

Un portal que aguanta una auditoría.

Semanas contadas, hitos con evidencia. Orbita · PM Tool.
Enlace en bio.

❤️ Gestión con corazón desde 2006.

#ISO9001 #Certificación #TuConsultor #GestiónConCorazón #Orbita",https://www.tuconsultor.com/social-img/orbita/E14_instagram.png,https://www.tuconsultor.com/orbita/,,
579,,19:00,linkedin,"Relación · Implicación · Compromiso. Sube o baja cuando quieras.

El portal sigue siendo el mismo.

Sistemas de gestión con acompañamiento a medida. TuConsultor desde 2006.
👉 https://www.tuconsultor.com/orbita/?utm_source=linkedin&utm_medium=social&utm_campaign=orbita&utm_content=f14

#SistemasDeGestión #Consultoría #TuConsultor",https://www.tuconsultor.com/social-img/orbita/F14_linkedin.png,https://www.tuconsultor.com/orbita/,,
580,,19:00,instagram,"Relación · Implicación · Compromiso. Sube o baja cuando quieras.

El portal sigue siendo el mismo.

Pide una conversación de 20 minutos y te decimos qué modelo te encaja.
Enlace en bio.

❤️ Gestión con corazón desde 2006.

#SistemasDeGestión #Consultoría #TuConsultor #GestiónConCorazón #Orbita",https://www.tuconsultor.com/social-img/orbita/F14_instagram.png,https://www.tuconsultor.com/orbita/,,
581,,19:00,linkedin,"Deja de gestionar de memoria. Empieza a gestionar por portal.

Todo queda. Todo se ve.

Pide una demo de Orbita · PM Tool.
👉 https://www.tuconsultor.com/orbita/?utm_source=linkedin&utm_medium=social&utm_campaign=orbita&utm_content=a15

#OrbitaPMTool #GestiónDeProyectos #TuConsultor",https://www.tuconsultor.com/social-img/orbita/A15_linkedin.png,https://www.tuconsultor.com/orbita/,,
582,,19:00,instagram,"Deja de gestionar de memoria. Empieza a gestionar por portal.

Todo queda. Todo se ve.

Así trabajamos ahora con nuestros clientes.
Enlace en bio.

❤️ Gestión con corazón desde 2006.

#OrbitaPMTool #GestiónDeProyectos #TuConsultor #GestiónConCorazón #Orbita",https://www.tuconsultor.com/social-img/orbita/A15_instagram.png,https://www.tuconsultor.com/orbita/,,
583,,19:00,linkedin,"ISO no es papeleo. Es saber qué pasa antes de que pase.

Con un sistema que avisa, no que archiva.

Tu sistema de gestión, semana a semana, en Orbita.
👉 https://www.tuconsultor.com/orbita/?utm_source=linkedin&utm_medium=social&utm_campaign=orbita&utm_content=b15

#ISO9001 #SistemasDeGestión #TuConsultor",https://www.tuconsultor.com/social-img/orbita/B15_linkedin.png,https://www.tuconsultor.com/orbita/,,
584,,19:00,instagram,"ISO no es papeleo. Es saber qué pasa antes de que pase.

Con un sistema que avisa, no que archiva.

Pide una demo y trae tu última no conformidad.
Enlace en bio.

❤️ Gestión con corazón desde 2006.

#ISO9001 #SistemasDeGestión #TuConsultor #GestiónConCorazón #Orbita",https://www.tuconsultor.com/social-img/orbita/B15_instagram.png,https://www.tuconsultor.com/orbita/,,
585,,19:00,linkedin,"Controlar el proceso no es vigilar a la gente. Es que nadie persiga a nadie.

Orbita lo hace por ti.

Pide una demo de Orbita · PM Tool.
👉 https://www.tuconsultor.com/orbita/?utm_source=linkedin&utm_medium=social&utm_campaign=orbita&utm_content=c15

#Procesos #Productividad #TuConsultor",https://www.tuconsultor.com/social-img/orbita/C15_linkedin.png,https://www.tuconsultor.com/orbita/,,
586,,19:00,instagram,"Controlar el proceso no es vigilar a la gente. Es que nadie persiga a nadie.

Orbita lo hace por ti.

Cada proceso, sus tareas. Cada tarea, su dueño.
Enlace en bio.

❤️ Gestión con corazón desde 2006.

#Procesos #Productividad #TuConsultor #GestiónConCorazón #Orbita",https://www.tuconsultor.com/social-img/orbita/C15_instagram.png,https://www.tuconsultor.com/orbita/,,
587,,19:00,linkedin,"El proyecto no avanza porque lo mires. Pero se desvía cuando no lo miras.

Míralo cada día. En 30 segundos.

Pide una demo y mira tus proyectos en vivo.
👉 https://www.tuconsultor.com/orbita/?utm_source=linkedin&utm_medium=social&utm_campaign=orbita&utm_content=d15

#Dashboard #Dirección #TuConsultor",https://www.tuconsultor.com/social-img/orbita/D15_linkedin.png,https://www.tuconsultor.com/orbita/,,
588,,19:00,instagram,"El proyecto no avanza porque lo mires. Pero se desvía cuando no lo miras.

Míralo cada día. En 30 segundos.

Orbita · PM Tool: ver es la mitad del control.
Enlace en bio.

❤️ Gestión con corazón desde 2006.

#Dashboard #Dirección #TuConsultor #GestiónConCorazón #Orbita",https://www.tuconsultor.com/social-img/orbita/D15_instagram.png,https://www.tuconsultor.com/orbita/,,
589,,19:00,linkedin,"Tu ISO en semanas es una promesa que se puede ver.

Semana a semana. En Orbita.

Pide el plan por semanas de tu certificación.
👉 https://www.tuconsultor.com/orbita/?utm_source=linkedin&utm_medium=social&utm_campaign=orbita&utm_content=e15

#ISO9001 #Certificación #TuConsultor",https://www.tuconsultor.com/social-img/orbita/E15_linkedin.png,https://www.tuconsultor.com/orbita/,,
590,,19:00,instagram,"Tu ISO en semanas es una promesa que se puede ver.

Semana a semana. En Orbita.

Semanas contadas, hitos con evidencia. Orbita · PM Tool.
Enlace en bio.

❤️ Gestión con corazón desde 2006.

#ISO9001 #Certificación #TuConsultor #GestiónConCorazón #Orbita",https://www.tuconsultor.com/social-img/orbita/E15_instagram.png,https://www.tuconsultor.com/orbita/,,
591,,19:00,linkedin,"Un sistema bien acompañado se nota en la cuenta de resultados.

No solo en el certificado.

Sistemas de gestión con acompañamiento a medida. TuConsultor desde 2006.
👉 https://www.tuconsultor.com/orbita/?utm_source=linkedin&utm_medium=social&utm_campaign=orbita&utm_content=f15

#SistemasDeGestión #Consultoría #TuConsultor",https://www.tuconsultor.com/social-img/orbita/F15_linkedin.png,https://www.tuconsultor.com/orbita/,,
592,,19:00,instagram,"Un sistema bien acompañado se nota en la cuenta de resultados.

No solo en el certificado.

Pide una conversación de 20 minutos y te decimos qué modelo te encaja.
Enlace en bio.

❤️ Gestión con corazón desde 2006.

#SistemasDeGestión #Consultoría #TuConsultor #GestiónConCorazón #Orbita",https://www.tuconsultor.com/social-img/orbita/F15_instagram.png,https://www.tuconsultor.com/orbita/,,
593,,19:00,linkedin,"Calidad en un Excel. Proyectos en otro. Así no se gestiona. Se sobrevive.

Orbita · PM Tool: toda la gestión en un solo portal.

Así trabajamos ahora con nuestros clientes.
👉 https://www.tuconsultor.com/orbita/?utm_source=linkedin&utm_medium=social&utm_campaign=orbita&utm_content=a01

#OrbitaPMTool #GestiónDeProyectos #TuConsultor",https://www.tuconsultor.com/social-img/orbita/A01_linkedin.png,https://www.tuconsultor.com/orbita/,,
594,,19:00,instagram,"Calidad en un Excel. Proyectos en otro. Así no se gestiona. Se sobrevive.

Orbita · PM Tool: toda la gestión en un solo portal.

Un portal. Todo dentro. Orbita · PM Tool.
Enlace en bio.

❤️ Gestión con corazón desde 2006.

#OrbitaPMTool #GestiónDeProyectos #TuConsultor #GestiónConCorazón #Orbita",https://www.tuconsultor.com/social-img/orbita/A01_instagram.png,https://www.tuconsultor.com/orbita/,,
595,,19:00,linkedin,"Tu ISO no falla en la auditoría. Falla los otros 364 días.

Con Orbita el sistema se mantiene cada semana, no la víspera.

Pide una demo y trae tu última no conformidad.
👉 https://www.tuconsultor.com/orbita/?utm_source=linkedin&utm_medium=social&utm_campaign=orbita&utm_content=b01

#ISO9001 #SistemasDeGestión #TuConsultor",https://www.tuconsultor.com/social-img/orbita/B01_linkedin.png,https://www.tuconsultor.com/orbita/,,
596,,19:00,instagram,"Tu ISO no falla en la auditoría. Falla los otros 364 días.

Con Orbita el sistema se mantiene cada semana, no la víspera.

Orbita · PM Tool: la ISO que no se oxida.
Enlace en bio.

❤️ Gestión con corazón desde 2006.

#ISO9001 #SistemasDeGestión #TuConsultor #GestiónConCorazón #Orbita",https://www.tuconsultor.com/social-img/orbita/B01_instagram.png,https://www.tuconsultor.com/orbita/,,
597,,19:00,linkedin,"Sabes qué hay que hacer. Lo que no sabes es quién lo está haciendo.

Procesos con tareas, responsables y plazos que se ven.

Cada proceso, sus tareas. Cada tarea, su dueño.
👉 https://www.tuconsultor.com/orbita/?utm_source=linkedin&utm_medium=social&utm_campaign=orbita&utm_content=c01

#Procesos #Productividad #TuConsultor",https://www.tuconsultor.com/social-img/orbita/C01_linkedin.png,https://www.tuconsultor.com/orbita/,,
598,,19:00,instagram,"Sabes qué hay que hacer. Lo que no sabes es quién lo está haciendo.

Procesos con tareas, responsables y plazos que se ven.

Orbita · PM Tool: el mapa de procesos que ejecuta.
Enlace en bio.

❤️ Gestión con corazón desde 2006.

#Procesos #Productividad #TuConsultor #GestiónConCorazón #Orbita",https://www.tuconsultor.com/social-img/orbita/C01_instagram.png,https://www.tuconsultor.com/orbita/,,
599,,19:00,linkedin,"¿Cómo va el proyecto? Ya no es una pregunta. Es una pantalla.

Evolución en tiempo real. Sin pedir informes.

Orbita · PM Tool: ver es la mitad del control.
👉 https://www.tuconsultor.com/orbita/?utm_source=linkedin&utm_medium=social&utm_campaign=orbita&utm_content=d01

#Dashboard #Dirección #TuConsultor",https://www.tuconsultor.com/social-img/orbita/D01_linkedin.png,https://www.tuconsultor.com/orbita/,,
600,,19:00,instagram,"¿Cómo va el proyecto? Ya no es una pregunta. Es una pantalla.

Evolución en tiempo real. Sin pedir informes.

Tu cliente lo ve. Tú lo ves. Nadie pregunta.
Enlace en bio.

❤️ Gestión con corazón desde 2006.

#Dashboard #Dirección #TuConsultor #GestiónConCorazón #Orbita",https://www.tuconsultor.com/social-img/orbita/D01_instagram.png,https://www.tuconsultor.com/orbita/,,
601,,19:00,linkedin,"Tu ISO en semanas. No en un año de reuniones.

Portal controlado, plan cerrado, fechas a la vista.

Semanas contadas, hitos con evidencia. Orbita · PM Tool.
👉 https://www.tuconsultor.com/orbita/?utm_source=linkedin&utm_medium=social&utm_campaign=orbita&utm_content=e01

#ISO9001 #Certificación #TuConsultor",https://www.tuconsultor.com/social-img/orbita/E01_linkedin.png,https://www.tuconsultor.com/orbita/,,
602,,19:00,instagram,"Tu ISO en semanas. No en un año de reuniones.

Portal controlado, plan cerrado, fechas a la vista.

Certificación ordenada, no exprés. Con método TuConsultor.
Enlace en bio.

❤️ Gestión con corazón desde 2006.

#ISO9001 #Certificación #TuConsultor #GestiónConCorazón #Orbita",https://www.tuconsultor.com/social-img/orbita/E01_instagram.png,https://www.tuconsultor.com/orbita/,,
603,,19:00,linkedin,"Relación, Implicación o Compromiso. Tres formas de trabajar contigo.

Una herramienta para las tres.

Pide una conversación de 20 minutos y te decimos qué modelo te encaja.
👉 https://www.tuconsultor.com/orbita/?utm_source=linkedin&utm_medium=social&utm_campaign=orbita&utm_content=f01

#SistemasDeGestión #Consultoría #TuConsultor",https://www.tuconsultor.com/social-img/orbita/F01_linkedin.png,https://www.tuconsultor.com/orbita/,,
604,,19:00,instagram,"Relación, Implicación o Compromiso. Tres formas de trabajar contigo.

Una herramienta para las tres.

Un sistema que dura, no un certificado que caduca.
Enlace en bio.

❤️ Gestión con corazón desde 2006.

#SistemasDeGestión #Consultoría #TuConsultor #GestiónConCorazón #Orbita",https://www.tuconsultor.com/social-img/orbita/F01_instagram.png,https://www.tuconsultor.com/orbita/,,
605,,19:00,linkedin,"Un portal. Todos los proyectos. Todo el equipo. Y el cliente dentro.

Se acabó el ""te lo paso por correo"".

Así trabajamos ahora con nuestros clientes.
👉 https://www.tuconsultor.com/orbita/?utm_source=linkedin&utm_medium=social&utm_campaign=orbita&utm_content=a02

#OrbitaPMTool #GestiónDeProyectos #TuConsultor",https://www.tuconsultor.com/social-img/orbita/A02_linkedin.png,https://www.tuconsultor.com/orbita/,,
606,,19:00,instagram,"Un portal. Todos los proyectos. Todo el equipo. Y el cliente dentro.

Se acabó el ""te lo paso por correo"".

Un portal. Todo dentro. Orbita · PM Tool.
Enlace en bio.

❤️ Gestión con corazón desde 2006.

#OrbitaPMTool #GestiónDeProyectos #TuConsultor #GestiónConCorazón #Orbita",https://www.tuconsultor.com/social-img/orbita/A02_instagram.png,https://www.tuconsultor.com/orbita/,,
607,,19:00,linkedin,"No conformidad abierta 8 meses. Nadie la vio. Nadie la buscó.

Cada acción con dueño, fecha y evidencia. A la vista.

Pide una demo y trae tu última no conformidad.
👉 https://www.tuconsultor.com/orbita/?utm_source=linkedin&utm_medium=social&utm_campaign=orbita&utm_content=b02

#ISO9001 #SistemasDeGestión #TuConsultor",https://www.tuconsultor.com/social-img/orbita/B02_linkedin.png,https://www.tuconsultor.com/orbita/,,
608,,19:00,instagram,"No conformidad abierta 8 meses. Nadie la vio. Nadie la buscó.

Cada acción con dueño, fecha y evidencia. A la vista.

Orbita · PM Tool: la ISO que no se oxida.
Enlace en bio.

❤️ Gestión con corazón desde 2006.

#ISO9001 #SistemasDeGestión #TuConsultor #GestiónConCorazón #Orbita",https://www.tuconsultor.com/social-img/orbita/B02_instagram.png,https://www.tuconsultor.com/orbita/,,
609,,19:00,linkedin,"""Lo tengo pendiente"" no es un estado. Es una alarma.

Tareas por proceso, cada una con su semáforo.

Cada proceso, sus tareas. Cada tarea, su dueño.
👉 https://www.tuconsultor.com/orbita/?utm_source=linkedin&utm_medium=social&utm_campaign=orbita&utm_content=c02

#Procesos #Productividad #TuConsultor",https://www.tuconsultor.com/social-img/orbita/C02_linkedin.png,https://www.tuconsultor.com/orbita/,,
610,,19:00,instagram,"""Lo tengo pendiente"" no es un estado. Es una alarma.

Tareas por proceso, cada una con su semáforo.

Orbita · PM Tool: el mapa de procesos que ejecuta.
Enlace en bio.

❤️ Gestión con corazón desde 2006.

#Procesos #Productividad #TuConsultor #GestiónConCorazón #Orbita",https://www.tuconsultor.com/social-img/orbita/C02_instagram.png,https://www.tuconsultor.com/orbita/,,
611,,19:00,linkedin,"El informe de seguimiento del lunes ya estaba viejo el martes.

Dashboard en tiempo real. Para ti y para tu cliente.

Orbita · PM Tool: ver es la mitad del control.
👉 https://www.tuconsultor.com/orbita/?utm_source=linkedin&utm_medium=social&utm_campaign=orbita&utm_content=d02

#Dashboard #Dirección #TuConsultor",https://www.tuconsultor.com/social-img/orbita/D02_linkedin.png,https://www.tuconsultor.com/orbita/,,
612,,19:00,instagram,"El informe de seguimiento del lunes ya estaba viejo el martes.

Dashboard en tiempo real. Para ti y para tu cliente.

Tu cliente lo ve. Tú lo ves. Nadie pregunta.
Enlace en bio.

❤️ Gestión con corazón desde 2006.

#Dashboard #Dirección #TuConsultor #GestiónConCorazón #Orbita",https://www.tuconsultor.com/social-img/orbita/D02_instagram.png,https://www.tuconsultor.com/orbita/,,
613,,19:00,linkedin,"ISO 9001 desde cero: 12 semanas, un portal, un plan.

Cada semana sabes qué toca. Y quién.

Semanas contadas, hitos con evidencia. Orbita · PM Tool.
👉 https://www.tuconsultor.com/orbita/?utm_source=linkedin&utm_medium=social&utm_campaign=orbita&utm_content=e02

#ISO9001 #Certificación #TuConsultor",https://www.tuconsultor.com/social-img/orbita/E02_linkedin.png,https://www.tuconsultor.com/orbita/,,
614,,19:00,instagram,"ISO 9001 desde cero: 12 semanas, un portal, un plan.

Cada semana sabes qué toca. Y quién.

Certificación ordenada, no exprés. Con método TuConsultor.
Enlace en bio.

❤️ Gestión con corazón desde 2006.

#ISO9001 #Certificación #TuConsultor #GestiónConCorazón #Orbita",https://www.tuconsultor.com/social-img/orbita/E02_instagram.png,https://www.tuconsultor.com/orbita/,,
615,,19:00,linkedin,"Relación: te acompañamos. Implicación: lo hacemos contigo. Compromiso: lo hacemos y respondemos.

Tú eliges la distancia.

Pide una conversación de 20 minutos y te decimos qué modelo te encaja.
👉 https://www.tuconsultor.com/orbita/?utm_source=linkedin&utm_medium=social&utm_campaign=orbita&utm_content=f02

#SistemasDeGestión #Consultoría #TuConsultor",https://www.tuconsultor.com/social-img/orbita/F02_linkedin.png,https://www.tuconsultor.com/orbita/,,
616,,19:00,instagram,"Relación: te acompañamos. Implicación: lo hacemos contigo. Compromiso: lo hacemos y respondemos.

Tú eliges la distancia.

Un sistema que dura, no un certificado que caduca.
Enlace en bio.

❤️ Gestión con corazón desde 2006.

#SistemasDeGestión #Consultoría #TuConsultor #GestiónConCorazón #Orbita",https://www.tuconsultor.com/social-img/orbita/F02_instagram.png,https://www.tuconsultor.com/orbita/,,
617,,19:00,linkedin,"Cuatro carpetas, tres Drive y un WhatsApp. Eso no es un sistema.

Un portal donde todo tiene sitio y dueño.

Así trabajamos ahora con nuestros clientes.
👉 https://www.tuconsultor.com/orbita/?utm_source=linkedin&utm_medium=social&utm_campaign=orbita&utm_content=a03

#OrbitaPMTool #GestiónDeProyectos #TuConsultor",https://www.tuconsultor.com/social-img/orbita/A03_linkedin.png,https://www.tuconsultor.com/orbita/,,
618,,19:00,instagram,"Cuatro carpetas, tres Drive y un WhatsApp. Eso no es un sistema.

Un portal donde todo tiene sitio y dueño.

Un portal. Todo dentro. Orbita · PM Tool.
Enlace en bio.

❤️ Gestión con corazón desde 2006.

#OrbitaPMTool #GestiónDeProyectos #TuConsultor #GestiónConCorazón #Orbita",https://www.tuconsultor.com/social-img/orbita/A03_instagram.png,https://www.tuconsultor.com/orbita/,,
619,,19:00,linkedin,"El sistema de gestión no es la carpeta. Es lo que pasa cada semana.

Orbita lo convierte en rutina.

Pide una demo y trae tu última no conformidad.
👉 https://www.tuconsultor.com/orbita/?utm_source=linkedin&utm_medium=social&utm_campaign=orbita&utm_content=b03

#ISO9001 #SistemasDeGestión #TuConsultor",https://www.tuconsultor.com/social-img/orbita/B03_linkedin.png,https://www.tuconsultor.com/orbita/,,
620,,19:00,instagram,"El sistema de gestión no es la carpeta. Es lo que pasa cada semana.

Orbita lo convierte en rutina.

Orbita · PM Tool: la ISO que no se oxida.
Enlace en bio.

❤️ Gestión con corazón desde 2006.

#ISO9001 #SistemasDeGestión #TuConsultor #GestiónConCorazón #Orbita",https://www.tuconsultor.com/social-img/orbita/B03_instagram.png,https://www.tuconsultor.com/orbita/,,
621,,19:00,linkedin,"El procedimiento dice qué. Orbita dice quién y cuándo.

Cada proceso con sus tareas asignadas.

Cada proceso, sus tareas. Cada tarea, su dueño.
👉 https://www.tuconsultor.com/orbita/?utm_source=linkedin&utm_medium=social&utm_campaign=orbita&utm_content=c03

#Procesos #Productividad #TuConsultor",https://www.tuconsultor.com/social-img/orbita/C03_linkedin.png,https://www.tuconsultor.com/orbita/,,
622,,19:00,instagram,"El procedimiento dice qué. Orbita dice quién y cuándo.

Cada proceso con sus tareas asignadas.

Orbita · PM Tool: el mapa de procesos que ejecuta.
Enlace en bio.

❤️ Gestión con corazón desde 2006.

#Procesos #Productividad #TuConsultor #GestiónConCorazón #Orbita",https://www.tuconsultor.com/social-img/orbita/C03_instagram.png,https://www.tuconsultor.com/orbita/,,
623,,19:00,linkedin,"Un dashboard que se actualiza solo es una reunión menos.

Por semana. Cada semana.

Orbita · PM Tool: ver es la mitad del control.
👉 https://www.tuconsultor.com/orbita/?utm_source=linkedin&utm_medium=social&utm_campaign=orbita&utm_content=d03

#Dashboard #Dirección #TuConsultor",https://www.tuconsultor.com/social-img/orbita/D03_linkedin.png,https://www.tuconsultor.com/orbita/,,
624,,19:00,instagram,"Un dashboard que se actualiza solo es una reunión menos.

Por semana. Cada semana.

Tu cliente lo ve. Tú lo ves. Nadie pregunta.
Enlace en bio.

❤️ Gestión con corazón desde 2006.

#Dashboard #Dirección #TuConsultor #GestiónConCorazón #Orbita",https://www.tuconsultor.com/social-img/orbita/D03_instagram.png,https://www.tuconsultor.com/orbita/,,
625,,19:00,linkedin,"Certificarse no es lento. Es desordenado.

Ordénalo en un portal y mira lo que tarda.

Semanas contadas, hitos con evidencia. Orbita · PM Tool.
👉 https://www.tuconsultor.com/orbita/?utm_source=linkedin&utm_medium=social&utm_campaign=orbita&utm_content=e03

#ISO9001 #Certificación #TuConsultor",https://www.tuconsultor.com/social-img/orbita/E03_linkedin.png,https://www.tuconsultor.com/orbita/,,
626,,19:00,instagram,"Certificarse no es lento. Es desordenado.

Ordénalo en un portal y mira lo que tarda.

Certificación ordenada, no exprés. Con método TuConsultor.
Enlace en bio.

❤️ Gestión con corazón desde 2006.

#ISO9001 #Certificación #TuConsultor #GestiónConCorazón #Orbita",https://www.tuconsultor.com/social-img/orbita/E03_instagram.png,https://www.tuconsultor.com/orbita/,,
627,,19:00,linkedin,"No vendemos horas. Vendemos un sistema que funciona.

Y un modelo de relación que lo mantiene.

Pide una conversación de 20 minutos y te decimos qué modelo te encaja.
👉 https://www.tuconsultor.com/orbita/?utm_source=linkedin&utm_medium=social&utm_campaign=orbita&utm_content=f03

#SistemasDeGestión #Consultoría #TuConsultor",https://www.tuconsultor.com/social-img/orbita/F03_linkedin.png,https://www.tuconsultor.com/orbita/,,
628,,19:00,instagram,"No vendemos horas. Vendemos un sistema que funciona.

Y un modelo de relación que lo mantiene.

Un sistema que dura, no un certificado que caduca.
Enlace en bio.

❤️ Gestión con corazón desde 2006.

#SistemasDeGestión #Consultoría #TuConsultor #GestiónConCorazón #Orbita",https://www.tuconsultor.com/social-img/orbita/F03_instagram.png,https://www.tuconsultor.com/orbita/,,
629,,19:00,linkedin,"La versión buena del procedimiento está en el portátil de alguien.

En Orbita hay una versión. La vigente.

Así trabajamos ahora con nuestros clientes.
👉 https://www.tuconsultor.com/orbita/?utm_source=linkedin&utm_medium=social&utm_campaign=orbita&utm_content=a04

#OrbitaPMTool #GestiónDeProyectos #TuConsultor",https://www.tuconsultor.com/social-img/orbita/A04_linkedin.png,https://www.tuconsultor.com/orbita/,,
630,,19:00,instagram,"La versión buena del procedimiento está en el portátil de alguien.

En Orbita hay una versión. La vigente.

Un portal. Todo dentro. Orbita · PM Tool.
Enlace en bio.

❤️ Gestión con corazón desde 2006.

#OrbitaPMTool #GestiónDeProyectos #TuConsultor #GestiónConCorazón #Orbita",https://www.tuconsultor.com/social-img/orbita/A04_instagram.png,https://www.tuconsultor.com/orbita/,,
631,,19:00,linkedin,"Auditoría interna en octubre. Evidencias desde enero.

Registrar en el momento, no la víspera.

Pide una demo y trae tu última no conformidad.
👉 https://www.tuconsultor.com/orbita/?utm_source=linkedin&utm_medium=social&utm_campaign=orbita&utm_content=b04

#ISO9001 #SistemasDeGestión #TuConsultor",https://www.tuconsultor.com/social-img/orbita/B04_linkedin.png,https://www.tuconsultor.com/orbita/,,
632,,19:00,instagram,"Auditoría interna en octubre. Evidencias desde enero.

Registrar en el momento, no la víspera.

Orbita · PM Tool: la ISO que no se oxida.
Enlace en bio.

❤️ Gestión con corazón desde 2006.

#ISO9001 #SistemasDeGestión #TuConsultor #GestiónConCorazón #Orbita",https://www.tuconsultor.com/social-img/orbita/B04_instagram.png,https://www.tuconsultor.com/orbita/,,
633,,19:00,linkedin,"Un proceso sin tareas es un dibujo.

Orbita lo convierte en trabajo.

Cada proceso, sus tareas. Cada tarea, su dueño.
👉 https://www.tuconsultor.com/orbita/?utm_source=linkedin&utm_medium=social&utm_campaign=orbita&utm_content=c04

#Procesos #Productividad #TuConsultor",https://www.tuconsultor.com/social-img/orbita/C04_linkedin.png,https://www.tuconsultor.com/orbita/,,
634,,19:00,instagram,"Un proceso sin tareas es un dibujo.

Orbita lo convierte en trabajo.

Orbita · PM Tool: el mapa de procesos que ejecuta.
Enlace en bio.

❤️ Gestión con corazón desde 2006.

#Procesos #Productividad #TuConsultor #GestiónConCorazón #Orbita",https://www.tuconsultor.com/social-img/orbita/C04_instagram.png,https://www.tuconsultor.com/orbita/,,
635,,19:00,linkedin,"Verde, ámbar, rojo. Por proyecto, por hito, por persona.

Ahora. No a final de mes.

Orbita · PM Tool: ver es la mitad del control.
👉 https://www.tuconsultor.com/orbita/?utm_source=linkedin&utm_medium=social&utm_campaign=orbita&utm_content=d04

#Dashboard #Dirección #TuConsultor",https://www.tuconsultor.com/social-img/orbita/D04_linkedin.png,https://www.tuconsultor.com/orbita/,,
636,,19:00,instagram,"Verde, ámbar, rojo. Por proyecto, por hito, por persona.

Ahora. No a final de mes.

Tu cliente lo ve. Tú lo ves. Nadie pregunta.
Enlace en bio.

❤️ Gestión con corazón desde 2006.

#Dashboard #Dirección #TuConsultor #GestiónConCorazón #Orbita",https://www.tuconsultor.com/social-img/orbita/D04_instagram.png,https://www.tuconsultor.com/orbita/,,
637,,19:00,linkedin,"Semana 1: alcance. Semana 12: auditoría. Entre medias, nada al aire.

Todo en Orbita.

Semanas contadas, hitos con evidencia. Orbita · PM Tool.
👉 https://www.tuconsultor.com/orbita/?utm_source=linkedin&utm_medium=social&utm_campaign=orbita&utm_content=e04

#ISO9001 #Certificación #TuConsultor",https://www.tuconsultor.com/social-img/orbita/E04_linkedin.png,https://www.tuconsultor.com/orbita/,,
638,,19:00,instagram,"Semana 1: alcance. Semana 12: auditoría. Entre medias, nada al aire.

Todo en Orbita.

Certificación ordenada, no exprés. Con método TuConsultor.
Enlace en bio.

❤️ Gestión con corazón desde 2006.

#ISO9001 #Certificación #TuConsultor #GestiónConCorazón #Orbita",https://www.tuconsultor.com/social-img/orbita/E04_instagram.png,https://www.tuconsultor.com/orbita/,,
639,,19:00,linkedin,"Tu sistema de gestión no es un proyecto. Es una relación.

Elige cuánta implicación necesitas.

Pide una conversación de 20 minutos y te decimos qué modelo te encaja.
👉 https://www.tuconsultor.com/orbita/?utm_source=linkedin&utm_medium=social&utm_campaign=orbita&utm_content=f04

#SistemasDeGestión #Consultoría #TuConsultor",https://www.tuconsultor.com/social-img/orbita/F04_linkedin.png,https://www.tuconsultor.com/orbita/,,
640,,19:00,instagram,"Tu sistema de gestión no es un proyecto. Es una relación.

Elige cuánta implicación necesitas.

Un sistema que dura, no un certificado que caduca.
Enlace en bio.

❤️ Gestión con corazón desde 2006.

#SistemasDeGestión #Consultoría #TuConsultor #GestiónConCorazón #Orbita",https://www.tuconsultor.com/social-img/orbita/F04_instagram.png,https://www.tuconsultor.com/orbita/,,
641,,19:00,linkedin,"""¿Dónde está el último informe?"" Pregunta prohibida desde hoy.

Documentos, hitos y tareas en el mismo sitio.

Así trabajamos ahora con nuestros clientes.
👉 https://www.tuconsultor.com/orbita/?utm_source=linkedin&utm_medium=social&utm_campaign=orbita&utm_content=a05

#OrbitaPMTool #GestiónDeProyectos #TuConsultor",https://www.tuconsultor.com/social-img/orbita/A05_linkedin.png,https://www.tuconsultor.com/orbita/,,
642,,19:00,instagram,"""¿Dónde está el último informe?"" Pregunta prohibida desde hoy.

Documentos, hitos y tareas en el mismo sitio.

Un portal. Todo dentro. Orbita · PM Tool.
Enlace en bio.

❤️ Gestión con corazón desde 2006.

#OrbitaPMTool #GestiónDeProyectos #TuConsultor #GestiónConCorazón #Orbita",https://www.tuconsultor.com/social-img/orbita/A05_instagram.png,https://www.tuconsultor.com/orbita/,,
643,,19:00,linkedin,"Acción correctiva sin fecha de cierre no es una acción. Es una intención.

Orbita no deja intenciones abiertas.

Pide una demo y trae tu última no conformidad.
👉 https://www.tuconsultor.com/orbita/?utm_source=linkedin&utm_medium=social&utm_campaign=orbita&utm_content=b05

#ISO9001 #SistemasDeGestión #TuConsultor",https://www.tuconsultor.com/social-img/orbita/B05_linkedin.png,https://www.tuconsultor.com/orbita/,,
644,,19:00,instagram,"Acción correctiva sin fecha de cierre no es una acción. Es una intención.

Orbita no deja intenciones abiertas.

Orbita · PM Tool: la ISO que no se oxida.
Enlace en bio.

❤️ Gestión con corazón desde 2006.

#ISO9001 #SistemasDeGestión #TuConsultor #GestiónConCorazón #Orbita",https://www.tuconsultor.com/social-img/orbita/B05_instagram.png,https://www.tuconsultor.com/orbita/,,
645,,19:00,linkedin,"Tarea vencida tres días. Nadie preguntó. Nadie avisó.

Ahora avisa Orbita.

Cada proceso, sus tareas. Cada tarea, su dueño.
👉 https://www.tuconsultor.com/orbita/?utm_source=linkedin&utm_medium=social&utm_campaign=orbita&utm_content=c05

#Procesos #Productividad #TuConsultor",https://www.tuconsultor.com/social-img/orbita/C05_linkedin.png,https://www.tuconsultor.com/orbita/,,
646,,19:00,instagram,"Tarea vencida tres días. Nadie preguntó. Nadie avisó.

Ahora avisa Orbita.

Orbita · PM Tool: el mapa de procesos que ejecuta.
Enlace en bio.

❤️ Gestión con corazón desde 2006.

#Procesos #Productividad #TuConsultor #GestiónConCorazón #Orbita",https://www.tuconsultor.com/social-img/orbita/C05_instagram.png,https://www.tuconsultor.com/orbita/,,
647,,19:00,linkedin,"Tu cliente ve el avance antes de preguntarlo.

Y deja de preguntarlo.

Orbita · PM Tool: ver es la mitad del control.
👉 https://www.tuconsultor.com/orbita/?utm_source=linkedin&utm_medium=social&utm_campaign=orbita&utm_content=d05

#Dashboard #Dirección #TuConsultor",https://www.tuconsultor.com/social-img/orbita/D05_linkedin.png,https://www.tuconsultor.com/orbita/,,
648,,19:00,instagram,"Tu cliente ve el avance antes de preguntarlo.

Y deja de preguntarlo.

Tu cliente lo ve. Tú lo ves. Nadie pregunta.
Enlace en bio.

❤️ Gestión con corazón desde 2006.

#Dashboard #Dirección #TuConsultor #GestiónConCorazón #Orbita",https://www.tuconsultor.com/social-img/orbita/D05_instagram.png,https://www.tuconsultor.com/orbita/,,
649,,19:00,linkedin,"Un portal controlado significa que nadie improvisa.

Ni tú, ni tu equipo, ni tu consultor.

Semanas contadas, hitos con evidencia. Orbita · PM Tool.
👉 https://www.tuconsultor.com/orbita/?utm_source=linkedin&utm_medium=social&utm_campaign=orbita&utm_content=e05

#ISO9001 #Certificación #TuConsultor",https://www.tuconsultor.com/social-img/orbita/E05_linkedin.png,https://www.tuconsultor.com/orbita/,,
650,,19:00,instagram,"Un portal controlado significa que nadie improvisa.

Ni tú, ni tu equipo, ni tu consultor.

Certificación ordenada, no exprés. Con método TuConsultor.
Enlace en bio.

❤️ Gestión con corazón desde 2006.

#ISO9001 #Certificación #TuConsultor #GestiónConCorazón #Orbita",https://www.tuconsultor.com/social-img/orbita/E05_instagram.png,https://www.tuconsultor.com/orbita/,,
651,,19:00,linkedin,"Con Relación, el sistema es tuyo y nosotros cerca. Con Compromiso, nosotros dentro.

Tú decides.

Pide una conversación de 20 minutos y te decimos qué modelo te encaja.
👉 https://www.tuconsultor.com/orbita/?utm_source=linkedin&utm_medium=social&utm_campaign=orbita&utm_content=f05

#SistemasDeGestión #Consultoría #TuConsultor",https://www.tuconsultor.com/social-img/orbita/F05_linkedin.png,https://www.tuconsultor.com/orbita/,,
652,,19:00,instagram,"Con Relación, el sistema es tuyo y nosotros cerca. Con Compromiso, nosotros dentro.

Tú decides.

Un sistema que dura, no un certificado que caduca.
Enlace en bio.

❤️ Gestión con corazón desde 2006.

#SistemasDeGestión #Consultoría #TuConsultor #GestiónConCorazón #Orbita",https://www.tuconsultor.com/social-img/orbita/F05_instagram.png,https://www.tuconsultor.com/orbita/,,
653,,19:00,linkedin,"Tu consultor, tu equipo y tu auditor mirando la misma pantalla.

Un portal, tres puntos de vista, cero sorpresas.

Así trabajamos ahora con nuestros clientes.
👉 https://www.tuconsultor.com/orbita/?utm_source=linkedin&utm_medium=social&utm_campaign=orbita&utm_content=a06

#OrbitaPMTool #GestiónDeProyectos #TuConsultor",https://www.tuconsultor.com/social-img/orbita/A06_linkedin.png,https://www.tuconsultor.com/orbita/,,
654,,19:00,instagram,"Tu consultor, tu equipo y tu auditor mirando la misma pantalla.

Un portal, tres puntos de vista, cero sorpresas.

Un portal. Todo dentro. Orbita · PM Tool.
Enlace en bio.

❤️ Gestión con corazón desde 2006.

#OrbitaPMTool #GestiónDeProyectos #TuConsultor #GestiónConCorazón #Orbita",https://www.tuconsultor.com/social-img/orbita/A06_instagram.png,https://www.tuconsultor.com/orbita/,,
655,,19:00,linkedin,"Tres normas. Un sistema. Cero duplicados.

9001, 14001 y 45001 comparten órbita.

Pide una demo y trae tu última no conformidad.
👉 https://www.tuconsultor.com/orbita/?utm_source=linkedin&utm_medium=social&utm_campaign=orbita&utm_content=b06

#ISO9001 #SistemasDeGestión #TuConsultor",https://www.tuconsultor.com/social-img/orbita/B06_linkedin.png,https://www.tuconsultor.com/orbita/,,
656,,19:00,instagram,"Tres normas. Un sistema. Cero duplicados.

9001, 14001 y 45001 comparten órbita.

Orbita · PM Tool: la ISO que no se oxida.
Enlace en bio.

❤️ Gestión con corazón desde 2006.

#ISO9001 #SistemasDeGestión #TuConsultor #GestiónConCorazón #Orbita",https://www.tuconsultor.com/social-img/orbita/B06_instagram.png,https://www.tuconsultor.com/orbita/,,
657,,19:00,linkedin,"Delegar no es decirlo en la reunión. Es asignarlo, con fecha.

Y ver cuándo se hace.

Cada proceso, sus tareas. Cada tarea, su dueño.
👉 https://www.tuconsultor.com/orbita/?utm_source=linkedin&utm_medium=social&utm_campaign=orbita&utm_content=c06

#Procesos #Productividad #TuConsultor",https://www.tuconsultor.com/social-img/orbita/C06_linkedin.png,https://www.tuconsultor.com/orbita/,,
658,,19:00,instagram,"Delegar no es decirlo en la reunión. Es asignarlo, con fecha.

Y ver cuándo se hace.

Orbita · PM Tool: el mapa de procesos que ejecuta.
Enlace en bio.

❤️ Gestión con corazón desde 2006.

#Procesos #Productividad #TuConsultor #GestiónConCorazón #Orbita",https://www.tuconsultor.com/social-img/orbita/C06_instagram.png,https://www.tuconsultor.com/orbita/,,
659,,19:00,linkedin,"El porcentaje de avance real, no el que se dice en la reunión.

Calculado con lo que está hecho.

Orbita · PM Tool: ver es la mitad del control.
👉 https://www.tuconsultor.com/orbita/?utm_source=linkedin&utm_medium=social&utm_campaign=orbita&utm_content=d06

#Dashboard #Dirección #TuConsultor",https://www.tuconsultor.com/social-img/orbita/D06_linkedin.png,https://www.tuconsultor.com/orbita/,,
660,,19:00,instagram,"El porcentaje de avance real, no el que se dice en la reunión.

Calculado con lo que está hecho.

Tu cliente lo ve. Tú lo ves. Nadie pregunta.
Enlace en bio.

❤️ Gestión con corazón desde 2006.

#Dashboard #Dirección #TuConsultor #GestiónConCorazón #Orbita",https://www.tuconsultor.com/social-img/orbita/D06_instagram.png,https://www.tuconsultor.com/orbita/,,
661,,19:00,linkedin,"Sabes en qué semana estás y cuántas faltan.

Sin preguntarlo. Sin adivinarlo.

Semanas contadas, hitos con evidencia. Orbita · PM Tool.
👉 https://www.tuconsultor.com/orbita/?utm_source=linkedin&utm_medium=social&utm_campaign=orbita&utm_content=e06

#ISO9001 #Certificación #TuConsultor",https://www.tuconsultor.com/social-img/orbita/E06_linkedin.png,https://www.tuconsultor.com/orbita/,,
662,,19:00,instagram,"Sabes en qué semana estás y cuántas faltan.

Sin preguntarlo. Sin adivinarlo.

Certificación ordenada, no exprés. Con método TuConsultor.
Enlace en bio.

❤️ Gestión con corazón desde 2006.

#ISO9001 #Certificación #TuConsultor #GestiónConCorazón #Orbita",https://www.tuconsultor.com/social-img/orbita/E06_instagram.png,https://www.tuconsultor.com/orbita/,,
663,,19:00,linkedin,"Veinte años implantando sistemas enseñan una cosa:

el modelo de trabajo importa más que la norma.

Pide una conversación de 20 minutos y te decimos qué modelo te encaja.
👉 https://www.tuconsultor.com/orbita/?utm_source=linkedin&utm_medium=social&utm_campaign=orbita&utm_content=f06

#SistemasDeGestión #Consultoría #TuConsultor",https://www.tuconsultor.com/social-img/orbita/F06_linkedin.png,https://www.tuconsultor.com/orbita/,,
664,,19:00,instagram,"Veinte años implantando sistemas enseñan una cosa:

el modelo de trabajo importa más que la norma.

Un sistema que dura, no un certificado que caduca.
Enlace en bio.

❤️ Gestión con corazón desde 2006.

#SistemasDeGestión #Consultoría #TuConsultor #GestiónConCorazón #Orbita",https://www.tuconsultor.com/social-img/orbita/F06_instagram.png,https://www.tuconsultor.com/orbita/,,
665,,19:00,linkedin,"Integrar no es tener más pestañas. Es tener menos preguntas.

Orbita une proyectos, procesos y evidencias.

Así trabajamos ahora con nuestros clientes.
👉 https://www.tuconsultor.com/orbita/?utm_source=linkedin&utm_medium=social&utm_campaign=orbita&utm_content=a07

#OrbitaPMTool #GestiónDeProyectos #TuConsultor",https://www.tuconsultor.com/social-img/orbita/A07_linkedin.png,https://www.tuconsultor.com/orbita/,,
666,,19:00,instagram,"Integrar no es tener más pestañas. Es tener menos preguntas.

Orbita une proyectos, procesos y evidencias.

Un portal. Todo dentro. Orbita · PM Tool.
Enlace en bio.

❤️ Gestión con corazón desde 2006.

#OrbitaPMTool #GestiónDeProyectos #TuConsultor #GestiónConCorazón #Orbita",https://www.tuconsultor.com/social-img/orbita/A07_instagram.png,https://www.tuconsultor.com/orbita/,,
667,,19:00,linkedin,"La revisión por la dirección ya no se prepara. Se abre.

Los datos llevan meses acumulándose solos.

Pide una demo y trae tu última no conformidad.
👉 https://www.tuconsultor.com/orbita/?utm_source=linkedin&utm_medium=social&utm_campaign=orbita&utm_content=b07

#ISO9001 #SistemasDeGestión #TuConsultor",https://www.tuconsultor.com/social-img/orbita/B07_linkedin.png,https://www.tuconsultor.com/orbita/,,
668,,19:00,instagram,"La revisión por la dirección ya no se prepara. Se abre.

Los datos llevan meses acumulándose solos.

Orbita · PM Tool: la ISO que no se oxida.
Enlace en bio.

❤️ Gestión con corazón desde 2006.

#ISO9001 #SistemasDeGestión #TuConsultor #GestiónConCorazón #Orbita",https://www.tuconsultor.com/social-img/orbita/B07_instagram.png,https://www.tuconsultor.com/orbita/,,
669,,19:00,linkedin,"Diez personas, treinta procesos, doscientas tareas.

Una pantalla. Ningún hilo de correo.

Cada proceso, sus tareas. Cada tarea, su dueño.
👉 https://www.tuconsultor.com/orbita/?utm_source=linkedin&utm_medium=social&utm_campaign=orbita&utm_content=c07

#Procesos #Productividad #TuConsultor",https://www.tuconsultor.com/social-img/orbita/C07_linkedin.png,https://www.tuconsultor.com/orbita/,,
670,,19:00,instagram,"Diez personas, treinta procesos, doscientas tareas.

Una pantalla. Ningún hilo de correo.

Orbita · PM Tool: el mapa de procesos que ejecuta.
Enlace en bio.

❤️ Gestión con corazón desde 2006.

#Procesos #Productividad #TuConsultor #GestiónConCorazón #Orbita",https://www.tuconsultor.com/social-img/orbita/C07_instagram.png,https://www.tuconsultor.com/orbita/,,
671,,19:00,linkedin,"Todos los proyectos en una pantalla. Los que van mal, primero.

Prioridad automática.

Orbita · PM Tool: ver es la mitad del control.
👉 https://www.tuconsultor.com/orbita/?utm_source=linkedin&utm_medium=social&utm_campaign=orbita&utm_content=d07

#Dashboard #Dirección #TuConsultor",https://www.tuconsultor.com/social-img/orbita/D07_linkedin.png,https://www.tuconsultor.com/orbita/,,
672,,19:00,instagram,"Todos los proyectos en una pantalla. Los que van mal, primero.

Prioridad automática.

Tu cliente lo ve. Tú lo ves. Nadie pregunta.
Enlace en bio.

❤️ Gestión con corazón desde 2006.

#Dashboard #Dirección #TuConsultor #GestiónConCorazón #Orbita",https://www.tuconsultor.com/social-img/orbita/D07_instagram.png,https://www.tuconsultor.com/orbita/,,
673,,19:00,linkedin,"Tu sistema, tu documentación, tus evidencias. En tu portal. Con control de acceso.

No en el ordenador de nadie.

Semanas contadas, hitos con evidencia. Orbita · PM Tool.
👉 https://www.tuconsultor.com/orbita/?utm_source=linkedin&utm_medium=social&utm_campaign=orbita&utm_content=e07

#ISO9001 #Certificación #TuConsultor",https://www.tuconsultor.com/social-img/orbita/E07_linkedin.png,https://www.tuconsultor.com/orbita/,,
674,,19:00,instagram,"Tu sistema, tu documentación, tus evidencias. En tu portal. Con control de acceso.

No en el ordenador de nadie.

Certificación ordenada, no exprés. Con método TuConsultor.
Enlace en bio.

❤️ Gestión con corazón desde 2006.

#ISO9001 #Certificación #TuConsultor #GestiónConCorazón #Orbita",https://www.tuconsultor.com/social-img/orbita/E07_instagram.png,https://www.tuconsultor.com/orbita/,,
675,,19:00,linkedin,"9001, 14001, 45001, 27001, EFQM. Distintas normas, mismo portal.

Mismo modelo de trabajo.

Pide una conversación de 20 minutos y te decimos qué modelo te encaja.
👉 https://www.tuconsultor.com/orbita/?utm_source=linkedin&utm_medium=social&utm_campaign=orbita&utm_content=f07

#SistemasDeGestión #Consultoría #TuConsultor",https://www.tuconsultor.com/social-img/orbita/F07_linkedin.png,https://www.tuconsultor.com/orbita/,,
676,,19:00,instagram,"9001, 14001, 45001, 27001, EFQM. Distintas normas, mismo portal.

Mismo modelo de trabajo.

Un sistema que dura, no un certificado que caduca.
Enlace en bio.

❤️ Gestión con corazón desde 2006.

#SistemasDeGestión #Consultoría #TuConsultor #GestiónConCorazón #Orbita",https://www.tuconsultor.com/social-img/orbita/F07_instagram.png,https://www.tuconsultor.com/orbita/,,
677,,19:00,linkedin,"Cada herramienta nueva que añades resta una hora a la semana.

Una sola. Con todo dentro.

Así trabajamos ahora con nuestros clientes.
👉 https://www.tuconsultor.com/orbita/?utm_source=linkedin&utm_medium=social&utm_campaign=orbita&utm_content=a08

#OrbitaPMTool #GestiónDeProyectos #TuConsultor",https://www.tuconsultor.com/social-img/orbita/A08_linkedin.png,https://www.tuconsultor.com/orbita/,,
678,,19:00,instagram,"Cada herramienta nueva que añades resta una hora a la semana.

Una sola. Con todo dentro.

Un portal. Todo dentro. Orbita · PM Tool.
Enlace en bio.

❤️ Gestión con corazón desde 2006.

#OrbitaPMTool #GestiónDeProyectos #TuConsultor #GestiónConCorazón #Orbita",https://www.tuconsultor.com/social-img/orbita/A08_instagram.png,https://www.tuconsultor.com/orbita/,,
679,,19:00,linkedin,"Indicadores que se actualizan solos son indicadores que se miran.

Los que se calculan a mano, no.

Pide una demo y trae tu última no conformidad.
👉 https://www.tuconsultor.com/orbita/?utm_source=linkedin&utm_medium=social&utm_campaign=orbita&utm_content=b08

#ISO9001 #SistemasDeGestión #TuConsultor",https://www.tuconsultor.com/social-img/orbita/B08_linkedin.png,https://www.tuconsultor.com/orbita/,,
680,,19:00,instagram,"Indicadores que se actualizan solos son indicadores que se miran.

Los que se calculan a mano, no.

Orbita · PM Tool: la ISO que no se oxida.
Enlace en bio.

❤️ Gestión con corazón desde 2006.

#ISO9001 #SistemasDeGestión #TuConsultor #GestiónConCorazón #Orbita",https://www.tuconsultor.com/social-img/orbita/B08_instagram.png,https://www.tuconsultor.com/orbita/,,
681,,19:00,linkedin,"Cuando todo es urgente nada lo es.

Prioridad por proceso, no por quien más grita.

Cada proceso, sus tareas. Cada tarea, su dueño.
👉 https://www.tuconsultor.com/orbita/?utm_source=linkedin&utm_medium=social&utm_campaign=orbita&utm_content=c08

#Procesos #Productividad #TuConsultor",https://www.tuconsultor.com/social-img/orbita/C08_linkedin.png,https://www.tuconsultor.com/orbita/,,
682,,19:00,instagram,"Cuando todo es urgente nada lo es.

Prioridad por proceso, no por quien más grita.

Orbita · PM Tool: el mapa de procesos que ejecuta.
Enlace en bio.

❤️ Gestión con corazón desde 2006.

#Procesos #Productividad #TuConsultor #GestiónConCorazón #Orbita",https://www.tuconsultor.com/social-img/orbita/C08_instagram.png,https://www.tuconsultor.com/orbita/,,
683,,19:00,linkedin,"Hitos cumplidos, retrasados, en riesgo. En una sola vista.

Cada mañana, sin abrir un Excel.

Orbita · PM Tool: ver es la mitad del control.
👉 https://www.tuconsultor.com/orbita/?utm_source=linkedin&utm_medium=social&utm_campaign=orbita&utm_content=d08

#Dashboard #Dirección #TuConsultor",https://www.tuconsultor.com/social-img/orbita/D08_linkedin.png,https://www.tuconsultor.com/orbita/,,
684,,19:00,instagram,"Hitos cumplidos, retrasados, en riesgo. En una sola vista.

Cada mañana, sin abrir un Excel.

Tu cliente lo ve. Tú lo ves. Nadie pregunta.
Enlace en bio.

❤️ Gestión con corazón desde 2006.

#Dashboard #Dirección #TuConsultor #GestiónConCorazón #Orbita",https://www.tuconsultor.com/social-img/orbita/D08_instagram.png,https://www.tuconsultor.com/orbita/,,
685,,19:00,linkedin,"La certificación exprés no existe. La certificación ordenada, sí.

Semanas, no meses. Con método.

Semanas contadas, hitos con evidencia. Orbita · PM Tool.
👉 https://www.tuconsultor.com/orbita/?utm_source=linkedin&utm_medium=social&utm_campaign=orbita&utm_content=e08

#ISO9001 #Certificación #TuConsultor",https://www.tuconsultor.com/social-img/orbita/E08_linkedin.png,https://www.tuconsultor.com/orbita/,,
686,,19:00,instagram,"La certificación exprés no existe. La certificación ordenada, sí.

Semanas, no meses. Con método.

Certificación ordenada, no exprés. Con método TuConsultor.
Enlace en bio.

❤️ Gestión con corazón desde 2006.

#ISO9001 #Certificación #TuConsultor #GestiónConCorazón #Orbita",https://www.tuconsultor.com/social-img/orbita/E08_instagram.png,https://www.tuconsultor.com/orbita/,,
687,,19:00,linkedin,"Implicación: reuniones semanales, hitos compartidos, portal común.

Ni más ni menos de lo que necesitas.

Pide una conversación de 20 minutos y te decimos qué modelo te encaja.
👉 https://www.tuconsultor.com/orbita/?utm_source=linkedin&utm_medium=social&utm_campaign=orbita&utm_content=f08

#SistemasDeGestión #Consultoría #TuConsultor",https://www.tuconsultor.com/social-img/orbita/F08_linkedin.png,https://www.tuconsultor.com/orbita/,,
688,,19:00,instagram,"Implicación: reuniones semanales, hitos compartidos, portal común.

Ni más ni menos de lo que necesitas.

Un sistema que dura, no un certificado que caduca.
Enlace en bio.

❤️ Gestión con corazón desde 2006.

#SistemasDeGestión #Consultoría #TuConsultor #GestiónConCorazón #Orbita",https://www.tuconsultor.com/social-img/orbita/F08_instagram.png,https://www.tuconsultor.com/orbita/,,
689,,19:00,linkedin,"El correo no es un gestor de proyectos. Nunca lo fue.

Orbita · PM Tool sí.

Así trabajamos ahora con nuestros clientes.
👉 https://www.tuconsultor.com/orbita/?utm_source=linkedin&utm_medium=social&utm_campaign=orbita&utm_content=a09

#OrbitaPMTool #GestiónDeProyectos #TuConsultor",https://www.tuconsultor.com/social-img/orbita/A09_linkedin.png,https://www.tuconsultor.com/orbita/,,
690,,19:00,instagram,"El correo no es un gestor de proyectos. Nunca lo fue.

Orbita · PM Tool sí.

Un portal. Todo dentro. Orbita · PM Tool.
Enlace en bio.

❤️ Gestión con corazón desde 2006.

#OrbitaPMTool #GestiónDeProyectos #TuConsultor #GestiónConCorazón #Orbita",https://www.tuconsultor.com/social-img/orbita/A09_instagram.png,https://www.tuconsultor.com/orbita/,,
691,,19:00,linkedin,"El auditor pregunta. Tú le enseñas la pantalla.

Y se acaba la conversación.

Pide una demo y trae tu última no conformidad.
👉 https://www.tuconsultor.com/orbita/?utm_source=linkedin&utm_medium=social&utm_campaign=orbita&utm_content=b09

#ISO9001 #SistemasDeGestión #TuConsultor",https://www.tuconsultor.com/social-img/orbita/B09_linkedin.png,https://www.tuconsultor.com/orbita/,,
692,,19:00,instagram,"El auditor pregunta. Tú le enseñas la pantalla.

Y se acaba la conversación.

Orbita · PM Tool: la ISO que no se oxida.
Enlace en bio.

❤️ Gestión con corazón desde 2006.

#ISO9001 #SistemasDeGestión #TuConsultor #GestiónConCorazón #Orbita",https://www.tuconsultor.com/social-img/orbita/B09_instagram.png,https://www.tuconsultor.com/orbita/,,
693,,19:00,linkedin,"Lo que se mide con semáforo se hace antes del rojo.

Verde, ámbar, rojo. Y ya.

Cada proceso, sus tareas. Cada tarea, su dueño.
👉 https://www.tuconsultor.com/orbita/?utm_source=linkedin&utm_medium=social&utm_campaign=orbita&utm_content=c09

#Procesos #Productividad #TuConsultor",https://www.tuconsultor.com/social-img/orbita/C09_linkedin.png,https://www.tuconsultor.com/orbita/,,
694,,19:00,instagram,"Lo que se mide con semáforo se hace antes del rojo.

Verde, ámbar, rojo. Y ya.

Orbita · PM Tool: el mapa de procesos que ejecuta.
Enlace en bio.

❤️ Gestión con corazón desde 2006.

#Procesos #Productividad #TuConsultor #GestiónConCorazón #Orbita",https://www.tuconsultor.com/social-img/orbita/C09_instagram.png,https://www.tuconsultor.com/orbita/,,
695,,19:00,linkedin,"Dirección no quiere leer informes. Quiere ver semáforos.

Dashboard para quien decide.

Orbita · PM Tool: ver es la mitad del control.
👉 https://www.tuconsultor.com/orbita/?utm_source=linkedin&utm_medium=social&utm_campaign=orbita&utm_content=d09

#Dashboard #Dirección #TuConsultor",https://www.tuconsultor.com/social-img/orbita/D09_linkedin.png,https://www.tuconsultor.com/orbita/,,
696,,19:00,instagram,"Dirección no quiere leer informes. Quiere ver semáforos.

Dashboard para quien decide.

Tu cliente lo ve. Tú lo ves. Nadie pregunta.
Enlace en bio.

❤️ Gestión con corazón desde 2006.

#Dashboard #Dirección #TuConsultor #GestiónConCorazón #Orbita",https://www.tuconsultor.com/social-img/orbita/D09_instagram.png,https://www.tuconsultor.com/orbita/,,
697,,19:00,linkedin,"Cada semana un hito cerrado. Cada hito con evidencia.

Y la auditoría deja de dar miedo.

Semanas contadas, hitos con evidencia. Orbita · PM Tool.
👉 https://www.tuconsultor.com/orbita/?utm_source=linkedin&utm_medium=social&utm_campaign=orbita&utm_content=e09

#ISO9001 #Certificación #TuConsultor",https://www.tuconsultor.com/social-img/orbita/E09_linkedin.png,https://www.tuconsultor.com/orbita/,,
698,,19:00,instagram,"Cada semana un hito cerrado. Cada hito con evidencia.

Y la auditoría deja de dar miedo.

Certificación ordenada, no exprés. Con método TuConsultor.
Enlace en bio.

❤️ Gestión con corazón desde 2006.

#ISO9001 #Certificación #TuConsultor #GestiónConCorazón #Orbita",https://www.tuconsultor.com/social-img/orbita/E09_instagram.png,https://www.tuconsultor.com/orbita/,,
699,,19:00,linkedin,"Compromiso es que respondemos del sistema en la auditoría.

Contigo. En la sala.

Pide una conversación de 20 minutos y te decimos qué modelo te encaja.
👉 https://www.tuconsultor.com/orbita/?utm_source=linkedin&utm_medium=social&utm_campaign=orbita&utm_content=f09

#SistemasDeGestión #Consultoría #TuConsultor",https://www.tuconsultor.com/social-img/orbita/F09_linkedin.png,https://www.tuconsultor.com/orbita/,,
700,,19:00,instagram,"Compromiso es que respondemos del sistema en la auditoría.

Contigo. En la sala.

Un sistema que dura, no un certificado que caduca.
Enlace en bio.

❤️ Gestión con corazón desde 2006.

#SistemasDeGestión #Consultoría #TuConsultor #GestiónConCorazón #Orbita",https://www.tuconsultor.com/social-img/orbita/F09_instagram.png,https://www.tuconsultor.com/orbita/,,
701,,19:00,linkedin,"Lo que no está en el portal no existe.

Y eso es exactamente lo que quieres.

Así trabajamos ahora con nuestros clientes.
👉 https://www.tuconsultor.com/orbita/?utm_source=linkedin&utm_medium=social&utm_campaign=orbita&utm_content=a10

#OrbitaPMTool #GestiónDeProyectos #TuConsultor",https://www.tuconsultor.com/social-img/orbita/A10_linkedin.png,https://www.tuconsultor.com/orbita/,,
702,,19:00,instagram,"Lo que no está en el portal no existe.

Y eso es exactamente lo que quieres.

Un portal. Todo dentro. Orbita · PM Tool.
Enlace en bio.

❤️ Gestión con corazón desde 2006.

#OrbitaPMTool #GestiónDeProyectos #TuConsultor #GestiónConCorazón #Orbita",https://www.tuconsultor.com/social-img/orbita/A10_instagram.png,https://www.tuconsultor.com/orbita/,,
703,,19:00,linkedin,"Tu certificado se renueva cada tres años. Tu sistema, cada semana.

O no es un sistema.

Pide una demo y trae tu última no conformidad.
👉 https://www.tuconsultor.com/orbita/?utm_source=linkedin&utm_medium=social&utm_campaign=orbita&utm_content=b10

#ISO9001 #SistemasDeGestión #TuConsultor",https://www.tuconsultor.com/social-img/orbita/B10_linkedin.png,https://www.tuconsultor.com/orbita/,,
704,,19:00,instagram,"Tu certificado se renueva cada tres años. Tu sistema, cada semana.

O no es un sistema.

Orbita · PM Tool: la ISO que no se oxida.
Enlace en bio.

❤️ Gestión con corazón desde 2006.

#ISO9001 #SistemasDeGestión #TuConsultor #GestiónConCorazón #Orbita",https://www.tuconsultor.com/social-img/orbita/B10_instagram.png,https://www.tuconsultor.com/orbita/,,
705,,19:00,linkedin,"El mapa de procesos colgado en la pared no ejecuta nada.

El de Orbita, sí.

Cada proceso, sus tareas. Cada tarea, su dueño.
👉 https://www.tuconsultor.com/orbita/?utm_source=linkedin&utm_medium=social&utm_campaign=orbita&utm_content=c10

#Procesos #Productividad #TuConsultor",https://www.tuconsultor.com/social-img/orbita/C10_linkedin.png,https://www.tuconsultor.com/orbita/,,
706,,19:00,instagram,"El mapa de procesos colgado en la pared no ejecuta nada.

El de Orbita, sí.

Orbita · PM Tool: el mapa de procesos que ejecuta.
Enlace en bio.

❤️ Gestión con corazón desde 2006.

#Procesos #Productividad #TuConsultor #GestiónConCorazón #Orbita",https://www.tuconsultor.com/social-img/orbita/C10_instagram.png,https://www.tuconsultor.com/orbita/,,
707,,19:00,linkedin,"Lo que no se ve no se corrige a tiempo.

Ver es la mitad del control.

Orbita · PM Tool: ver es la mitad del control.
👉 https://www.tuconsultor.com/orbita/?utm_source=linkedin&utm_medium=social&utm_campaign=orbita&utm_content=d10

#Dashboard #Dirección #TuConsultor",https://www.tuconsultor.com/social-img/orbita/D10_linkedin.png,https://www.tuconsultor.com/orbita/,,
708,,19:00,instagram,"Lo que no se ve no se corrige a tiempo.

Ver es la mitad del control.

Tu cliente lo ve. Tú lo ves. Nadie pregunta.
Enlace en bio.

❤️ Gestión con corazón desde 2006.

#Dashboard #Dirección #TuConsultor #GestiónConCorazón #Orbita",https://www.tuconsultor.com/social-img/orbita/D10_instagram.png,https://www.tuconsultor.com/orbita/,,
709,,19:00,linkedin,"Empezar una ISO sin plan por semanas es empezar a alargarla.

Orbita trae el plan hecho.

Semanas contadas, hitos con evidencia. Orbita · PM Tool.
👉 https://www.tuconsultor.com/orbita/?utm_source=linkedin&utm_medium=social&utm_campaign=orbita&utm_content=e10

#ISO9001 #Certificación #TuConsultor",https://www.tuconsultor.com/social-img/orbita/E10_linkedin.png,https://www.tuconsultor.com/orbita/,,
710,,19:00,instagram,"Empezar una ISO sin plan por semanas es empezar a alargarla.

Orbita trae el plan hecho.

Certificación ordenada, no exprés. Con método TuConsultor.
Enlace en bio.

❤️ Gestión con corazón desde 2006.

#ISO9001 #Certificación #TuConsultor #GestiónConCorazón #Orbita",https://www.tuconsultor.com/social-img/orbita/E10_instagram.png,https://www.tuconsultor.com/orbita/,,
711,,19:00,linkedin,"Un sistema de gestión sin acompañamiento envejece en un año.

Con modelo de relación, madura.

Pide una conversación de 20 minutos y te decimos qué modelo te encaja.
👉 https://www.tuconsultor.com/orbita/?utm_source=linkedin&utm_medium=social&utm_campaign=orbita&utm_content=f10

#SistemasDeGestión #Consultoría #TuConsultor",https://www.tuconsultor.com/social-img/orbita/F10_linkedin.png,https://www.tuconsultor.com/orbita/,,
712,,19:00,instagram,"Un sistema de gestión sin acompañamiento envejece en un año.

Con modelo de relación, madura.

Un sistema que dura, no un certificado que caduca.
Enlace en bio.

❤️ Gestión con corazón desde 2006.

#SistemasDeGestión #Consultoría #TuConsultor #GestiónConCorazón #Orbita",https://www.tuconsultor.com/social-img/orbita/F10_instagram.png,https://www.tuconsultor.com/orbita/,,
713,,19:00,linkedin,"Reunión de seguimiento de 90 minutos para descubrir qué falta.

El portal ya lo sabía el lunes.

Así trabajamos ahora con nuestros clientes.
👉 https://www.tuconsultor.com/orbita/?utm_source=linkedin&utm_medium=social&utm_campaign=orbita&utm_content=a11

#OrbitaPMTool #GestiónDeProyectos #TuConsultor",https://www.tuconsultor.com/social-img/orbita/A11_linkedin.png,https://www.tuconsultor.com/orbita/,,
714,,19:00,instagram,"Reunión de seguimiento de 90 minutos para descubrir qué falta.

El portal ya lo sabía el lunes.

Un portal. Todo dentro. Orbita · PM Tool.
Enlace en bio.

❤️ Gestión con corazón desde 2006.

#OrbitaPMTool #GestiónDeProyectos #TuConsultor #GestiónConCorazón #Orbita",https://www.tuconsultor.com/social-img/orbita/A11_instagram.png,https://www.tuconsultor.com/orbita/,,
715,,19:00,linkedin,"""Lo tenemos, pero hay que buscarlo"" es la frase que más cuesta en una auditoría.

Orbita la elimina.

Pide una demo y trae tu última no conformidad.
👉 https://www.tuconsultor.com/orbita/?utm_source=linkedin&utm_medium=social&utm_campaign=orbita&utm_content=b11

#ISO9001 #SistemasDeGestión #TuConsultor",https://www.tuconsultor.com/social-img/orbita/B11_linkedin.png,https://www.tuconsultor.com/orbita/,,
716,,19:00,instagram,"""Lo tenemos, pero hay que buscarlo"" es la frase que más cuesta en una auditoría.

Orbita la elimina.

Orbita · PM Tool: la ISO que no se oxida.
Enlace en bio.

❤️ Gestión con corazón desde 2006.

#ISO9001 #SistemasDeGestión #TuConsultor #GestiónConCorazón #Orbita",https://www.tuconsultor.com/social-img/orbita/B11_instagram.png,https://www.tuconsultor.com/orbita/,,
717,,19:00,linkedin,"""¿Quién lleva esto?"" Nunca más en un correo.

Está en la tarea. Desde que se creó.

Cada proceso, sus tareas. Cada tarea, su dueño.
👉 https://www.tuconsultor.com/orbita/?utm_source=linkedin&utm_medium=social&utm_campaign=orbita&utm_content=c11

#Procesos #Productividad #TuConsultor",https://www.tuconsultor.com/social-img/orbita/C11_linkedin.png,https://www.tuconsultor.com/orbita/,,
718,,19:00,instagram,"""¿Quién lleva esto?"" Nunca más en un correo.

Está en la tarea. Desde que se creó.

Orbita · PM Tool: el mapa de procesos que ejecuta.
Enlace en bio.

❤️ Gestión con corazón desde 2006.

#Procesos #Productividad #TuConsultor #GestiónConCorazón #Orbita",https://www.tuconsultor.com/social-img/orbita/C11_instagram.png,https://www.tuconsultor.com/orbita/,,
719,,19:00,linkedin,"Desviación de plazo detectada hoy. No en el comité del mes que viene.

Ese mes es la diferencia.

Orbita · PM Tool: ver es la mitad del control.
👉 https://www.tuconsultor.com/orbita/?utm_source=linkedin&utm_medium=social&utm_campaign=orbita&utm_content=d11

#Dashboard #Dirección #TuConsultor",https://www.tuconsultor.com/social-img/orbita/D11_linkedin.png,https://www.tuconsultor.com/orbita/,,
720,,19:00,instagram,"Desviación de plazo detectada hoy. No en el comité del mes que viene.

Ese mes es la diferencia.

Tu cliente lo ve. Tú lo ves. Nadie pregunta.
Enlace en bio.

❤️ Gestión con corazón desde 2006.

#Dashboard #Dirección #TuConsultor #GestiónConCorazón #Orbita",https://www.tuconsultor.com/social-img/orbita/D11_instagram.png,https://www.tuconsultor.com/orbita/,,
721,,19:00,linkedin,"Control no es vigilancia. Es saber que el jueves estará hecho.

Porque está asignado y se ve.

Semanas contadas, hitos con evidencia. Orbita · PM Tool.
👉 https://www.tuconsultor.com/orbita/?utm_source=linkedin&utm_medium=social&utm_campaign=orbita&utm_content=e11

#ISO9001 #Certificación #TuConsultor",https://www.tuconsultor.com/social-img/orbita/E11_linkedin.png,https://www.tuconsultor.com/orbita/,,
722,,19:00,instagram,"Control no es vigilancia. Es saber que el jueves estará hecho.

Porque está asignado y se ve.

Certificación ordenada, no exprés. Con método TuConsultor.
Enlace en bio.

❤️ Gestión con corazón desde 2006.

#ISO9001 #Certificación #TuConsultor #GestiónConCorazón #Orbita",https://www.tuconsultor.com/social-img/orbita/E11_instagram.png,https://www.tuconsultor.com/orbita/,,
723,,19:00,linkedin,"Desde 2006 gestionamos con corazón. Desde ahora, también con órbita.

Sistemas de gestión con acompañamiento a medida.

Pide una conversación de 20 minutos y te decimos qué modelo te encaja.
👉 https://www.tuconsultor.com/orbita/?utm_source=linkedin&utm_medium=social&utm_campaign=orbita&utm_content=f11

#SistemasDeGestión #Consultoría #TuConsultor",https://www.tuconsultor.com/social-img/orbita/F11_linkedin.png,https://www.tuconsultor.com/orbita/,,
724,,19:00,instagram,"Desde 2006 gestionamos con corazón. Desde ahora, también con órbita.

Sistemas de gestión con acompañamiento a medida.

Un sistema que dura, no un certificado que caduca.
Enlace en bio.

❤️ Gestión con corazón desde 2006.

#SistemasDeGestión #Consultoría #TuConsultor #GestiónConCorazón #Orbita",https://www.tuconsultor.com/social-img/orbita/F11_instagram.png,https://www.tuconsultor.com/orbita/,,
725,,19:00,linkedin,"Cliente, consultor y equipo en la misma órbita.

Gestión compartida, no repartida.

Así trabajamos ahora con nuestros clientes.
👉 https://www.tuconsultor.com/orbita/?utm_source=linkedin&utm_medium=social&utm_campaign=orbita&utm_content=a12

#OrbitaPMTool #GestiónDeProyectos #TuConsultor",https://www.tuconsultor.com/social-img/orbita/A12_linkedin.png,https://www.tuconsultor.com/orbita/,,
726,,19:00,instagram,"Cliente, consultor y equipo en la misma órbita.

Gestión compartida, no repartida.

Un portal. Todo dentro. Orbita · PM Tool.
Enlace en bio.

❤️ Gestión con corazón desde 2006.

#OrbitaPMTool #GestiónDeProyectos #TuConsultor #GestiónConCorazón #Orbita",https://www.tuconsultor.com/social-img/orbita/A12_instagram.png,https://www.tuconsultor.com/orbita/,,
727,,19:00,linkedin,"Riesgos con dueño. Oportunidades con fecha.

Lo demás es una matriz decorativa.

Pide una demo y trae tu última no conformidad.
👉 https://www.tuconsultor.com/orbita/?utm_source=linkedin&utm_medium=social&utm_campaign=orbita&utm_content=b12

#ISO9001 #SistemasDeGestión #TuConsultor",https://www.tuconsultor.com/social-img/orbita/B12_linkedin.png,https://www.tuconsultor.com/orbita/,,
728,,19:00,instagram,"Riesgos con dueño. Oportunidades con fecha.

Lo demás es una matriz decorativa.

Orbita · PM Tool: la ISO que no se oxida.
Enlace en bio.

❤️ Gestión con corazón desde 2006.

#ISO9001 #SistemasDeGestión #TuConsultor #GestiónConCorazón #Orbita",https://www.tuconsultor.com/social-img/orbita/B12_instagram.png,https://www.tuconsultor.com/orbita/,,
729,,19:00,linkedin,"Cada proceso deja rastro: qué, quién, cuándo, evidencia.

Sin pedírselo a nadie.

Cada proceso, sus tareas. Cada tarea, su dueño.
👉 https://www.tuconsultor.com/orbita/?utm_source=linkedin&utm_medium=social&utm_campaign=orbita&utm_content=c12

#Procesos #Productividad #TuConsultor",https://www.tuconsultor.com/social-img/orbita/C12_linkedin.png,https://www.tuconsultor.com/orbita/,,
730,,19:00,instagram,"Cada proceso deja rastro: qué, quién, cuándo, evidencia.

Sin pedírselo a nadie.

Orbita · PM Tool: el mapa de procesos que ejecuta.
Enlace en bio.

❤️ Gestión con corazón desde 2006.

#Procesos #Productividad #TuConsultor #GestiónConCorazón #Orbita",https://www.tuconsultor.com/social-img/orbita/C12_instagram.png,https://www.tuconsultor.com/orbita/,,
731,,19:00,linkedin,"Tiempo real no es un lujo. Es dejar de decidir con datos viejos.

Orbita muestra lo que hay. Ahora.

Orbita · PM Tool: ver es la mitad del control.
👉 https://www.tuconsultor.com/orbita/?utm_source=linkedin&utm_medium=social&utm_campaign=orbita&utm_content=d12

#Dashboard #Dirección #TuConsultor",https://www.tuconsultor.com/social-img/orbita/D12_linkedin.png,https://www.tuconsultor.com/orbita/,,
732,,19:00,instagram,"Tiempo real no es un lujo. Es dejar de decidir con datos viejos.

Orbita muestra lo que hay. Ahora.

Tu cliente lo ve. Tú lo ves. Nadie pregunta.
Enlace en bio.

❤️ Gestión con corazón desde 2006.

#Dashboard #Dirección #TuConsultor #GestiónConCorazón #Orbita",https://www.tuconsultor.com/social-img/orbita/D12_instagram.png,https://www.tuconsultor.com/orbita/,,
733,,19:00,linkedin,"¿Cuánto tarda una ISO? Lo que tarde la semana más lenta.

Orbita te dice cuál es. Y por qué.

Semanas contadas, hitos con evidencia. Orbita · PM Tool.
👉 https://www.tuconsultor.com/orbita/?utm_source=linkedin&utm_medium=social&utm_campaign=orbita&utm_content=e12

#ISO9001 #Certificación #TuConsultor",https://www.tuconsultor.com/social-img/orbita/E12_linkedin.png,https://www.tuconsultor.com/orbita/,,
734,,19:00,instagram,"¿Cuánto tarda una ISO? Lo que tarde la semana más lenta.

Orbita te dice cuál es. Y por qué.

Certificación ordenada, no exprés. Con método TuConsultor.
Enlace en bio.

❤️ Gestión con corazón desde 2006.

#ISO9001 #Certificación #TuConsultor #GestiónConCorazón #Orbita",https://www.tuconsultor.com/social-img/orbita/E12_instagram.png,https://www.tuconsultor.com/orbita/,,
735,,19:00,linkedin,"No todos los clientes necesitan lo mismo. Por eso hay tres modelos.

Y solo uno es el tuyo.

Pide una conversación de 20 minutos y te decimos qué modelo te encaja.
👉 https://www.tuconsultor.com/orbita/?utm_source=linkedin&utm_medium=social&utm_campaign=orbita&utm_content=f12

#SistemasDeGestión #Consultoría #TuConsultor",https://www.tuconsultor.com/social-img/orbita/F12_linkedin.png,https://www.tuconsultor.com/orbita/,,
736,,19:00,instagram,"No todos los clientes necesitan lo mismo. Por eso hay tres modelos.

Y solo uno es el tuyo.

Un sistema que dura, no un certificado que caduca.
Enlace en bio.

❤️ Gestión con corazón desde 2006.

#SistemasDeGestión #Consultoría #TuConsultor #GestiónConCorazón #Orbita",https://www.tuconsultor.com/social-img/orbita/F12_instagram.png,https://www.tuconsultor.com/orbita/,,
737,,19:00,linkedin,"No necesitas más disciplina. Necesitas un sitio.

Orbita pone el sitio. La disciplina viene sola.

Así trabajamos ahora con nuestros clientes.
👉 https://www.tuconsultor.com/orbita/?utm_source=linkedin&utm_medium=social&utm_campaign=orbita&utm_content=a13

#OrbitaPMTool #GestiónDeProyectos #TuConsultor",https://www.tuconsultor.com/social-img/orbita/A13_linkedin.png,https://www.tuconsultor.com/orbita/,,
738,,19:00,instagram,"No necesitas más disciplina. Necesitas un sitio.

Orbita pone el sitio. La disciplina viene sola.

Un portal. Todo dentro. Orbita · PM Tool.
Enlace en bio.

❤️ Gestión con corazón desde 2006.

#OrbitaPMTool #GestiónDeProyectos #TuConsultor #GestiónConCorazón #Orbita",https://www.tuconsultor.com/social-img/orbita/A13_instagram.png,https://www.tuconsultor.com/orbita/,,
739,,19:00,linkedin,"Formación registrada, competencia evaluada, evidencia guardada.

Automáticamente. No ""cuando pueda"".

Pide una demo y trae tu última no conformidad.
👉 https://www.tuconsultor.com/orbita/?utm_source=linkedin&utm_medium=social&utm_campaign=orbita&utm_content=b13

#ISO9001 #SistemasDeGestión #TuConsultor",https://www.tuconsultor.com/social-img/orbita/B13_linkedin.png,https://www.tuconsultor.com/orbita/,,
740,,19:00,instagram,"Formación registrada, competencia evaluada, evidencia guardada.

Automáticamente. No ""cuando pueda"".

Orbita · PM Tool: la ISO que no se oxida.
Enlace en bio.

❤️ Gestión con corazón desde 2006.

#ISO9001 #SistemasDeGestión #TuConsultor #GestiónConCorazón #Orbita",https://www.tuconsultor.com/social-img/orbita/B13_instagram.png,https://www.tuconsultor.com/orbita/,,
741,,19:00,linkedin,"Calibración, revisión, formación. Se crean solas. No se olvidan solas.

Tareas recurrentes con dueño y fecha.

Cada proceso, sus tareas. Cada tarea, su dueño.
👉 https://www.tuconsultor.com/orbita/?utm_source=linkedin&utm_medium=social&utm_campaign=orbita&utm_content=c13

#Procesos #Productividad #TuConsultor",https://www.tuconsultor.com/social-img/orbita/C13_linkedin.png,https://www.tuconsultor.com/orbita/,,
742,,19:00,instagram,"Calibración, revisión, formación. Se crean solas. No se olvidan solas.

Tareas recurrentes con dueño y fecha.

Orbita · PM Tool: el mapa de procesos que ejecuta.
Enlace en bio.

❤️ Gestión con corazón desde 2006.

#Procesos #Productividad #TuConsultor #GestiónConCorazón #Orbita",https://www.tuconsultor.com/social-img/orbita/C13_instagram.png,https://www.tuconsultor.com/orbita/,,
743,,19:00,linkedin,"Un dashboard por cliente. Uno global para ti.

Los dos, en vivo.

Orbita · PM Tool: ver es la mitad del control.
👉 https://www.tuconsultor.com/orbita/?utm_source=linkedin&utm_medium=social&utm_campaign=orbita&utm_content=d13

#Dashboard #Dirección #TuConsultor",https://www.tuconsultor.com/social-img/orbita/D13_linkedin.png,https://www.tuconsultor.com/orbita/,,
744,,19:00,instagram,"Un dashboard por cliente. Uno global para ti.

Los dos, en vivo.

Tu cliente lo ve. Tú lo ves. Nadie pregunta.
Enlace en bio.

❤️ Gestión con corazón desde 2006.

#Dashboard #Dirección #TuConsultor #GestiónConCorazón #Orbita",https://www.tuconsultor.com/social-img/orbita/D13_instagram.png,https://www.tuconsultor.com/orbita/,,
745,,19:00,linkedin,"El portal es tuyo. El método, de TuConsultor.

Las semanas, contadas.

Semanas contadas, hitos con evidencia. Orbita · PM Tool.
👉 https://www.tuconsultor.com/orbita/?utm_source=linkedin&utm_medium=social&utm_campaign=orbita&utm_content=e13

#ISO9001 #Certificación #TuConsultor",https://www.tuconsultor.com/social-img/orbita/E13_linkedin.png,https://www.tuconsultor.com/orbita/,,
746,,19:00,instagram,"El portal es tuyo. El método, de TuConsultor.

Las semanas, contadas.

Certificación ordenada, no exprés. Con método TuConsultor.
Enlace en bio.

❤️ Gestión con corazón desde 2006.

#ISO9001 #Certificación #TuConsultor #GestiónConCorazón #Orbita",https://www.tuconsultor.com/social-img/orbita/E13_instagram.png,https://www.tuconsultor.com/orbita/,,
747,,19:00,linkedin,"Un buen sistema de gestión: menos incendios, más decisiones.

TuConsultor: que dure.

Pide una conversación de 20 minutos y te decimos qué modelo te encaja.
👉 https://www.tuconsultor.com/orbita/?utm_source=linkedin&utm_medium=social&utm_campaign=orbita&utm_content=f13

#SistemasDeGestión #Consultoría #TuConsultor",https://www.tuconsultor.com/social-img/orbita/F13_linkedin.png,https://www.tuconsultor.com/orbita/,,
748,,19:00,instagram,"Un buen sistema de gestión: menos incendios, más decisiones.

TuConsultor: que dure.

Un sistema que dura, no un certificado que caduca.
Enlace en bio.

❤️ Gestión con corazón desde 2006.

#SistemasDeGestión #Consultoría #TuConsultor #GestiónConCorazón #Orbita",https://www.tuconsultor.com/social-img/orbita/F13_instagram.png,https://www.tuconsultor.com/orbita/,,
749,,19:00,linkedin,"Arrancar un proyecto nuevo: 15 minutos.

Plantilla, hitos, equipo y a trabajar.

Así trabajamos ahora con nuestros clientes.
👉 https://www.tuconsultor.com/orbita/?utm_source=linkedin&utm_medium=social&utm_campaign=orbita&utm_content=a14

#OrbitaPMTool #GestiónDeProyectos #TuConsultor",https://www.tuconsultor.com/social-img/orbita/A14_linkedin.png,https://www.tuconsultor.com/orbita/,,
750,,19:00,instagram,"Arrancar un proyecto nuevo: 15 minutos.

Plantilla, hitos, equipo y a trabajar.

Un portal. Todo dentro. Orbita · PM Tool.
Enlace en bio.

❤️ Gestión con corazón desde 2006.

#OrbitaPMTool #GestiónDeProyectos #TuConsultor #GestiónConCorazón #Orbita",https://www.tuconsultor.com/social-img/orbita/A14_instagram.png,https://www.tuconsultor.com/orbita/,,
751,,19:00,linkedin,"El 80 % de las no conformidades se repiten. Porque nadie mira las anteriores.

Orbita sí las mira. Y te avisa.

Pide una demo y trae tu última no conformidad.
👉 https://www.tuconsultor.com/orbita/?utm_source=linkedin&utm_medium=social&utm_campaign=orbita&utm_content=b14

#ISO9001 #SistemasDeGestión #TuConsultor",https://www.tuconsultor.com/social-img/orbita/B14_linkedin.png,https://www.tuconsultor.com/orbita/,,
752,,19:00,instagram,"El 80 % de las no conformidades se repiten. Porque nadie mira las anteriores.

Orbita sí las mira. Y te avisa.

Orbita · PM Tool: la ISO que no se oxida.
Enlace en bio.

❤️ Gestión con corazón desde 2006.

#ISO9001 #SistemasDeGestión #TuConsultor #GestiónConCorazón #Orbita",https://www.tuconsultor.com/social-img/orbita/B14_instagram.png,https://www.tuconsultor.com/orbita/,,
753,,19:00,linkedin,"Carga de trabajo real, por persona. Antes de que alguien reviente.

No después.

Cada proceso, sus tareas. Cada tarea, su dueño.
👉 https://www.tuconsultor.com/orbita/?utm_source=linkedin&utm_medium=social&utm_campaign=orbita&utm_content=c14

#Procesos #Productividad #TuConsultor",https://www.tuconsultor.com/social-img/orbita/C14_linkedin.png,https://www.tuconsultor.com/orbita/,,
754,,19:00,instagram,"Carga de trabajo real, por persona. Antes de que alguien reviente.

No después.

Orbita · PM Tool: el mapa de procesos que ejecuta.
Enlace en bio.

❤️ Gestión con corazón desde 2006.

#Procesos #Productividad #TuConsultor #GestiónConCorazón #Orbita",https://www.tuconsultor.com/social-img/orbita/C14_instagram.png,https://www.tuconsultor.com/orbita/,,
755,,19:00,linkedin,"Deja de preparar el PowerPoint del estado del proyecto. Comparte la pantalla.

Ya está preparado.

Orbita · PM Tool: ver es la mitad del control.
👉 https://www.tuconsultor.com/orbita/?utm_source=linkedin&utm_medium=social&utm_campaign=orbita&utm_content=d14

#Dashboard #Dirección #TuConsultor",https://www.tuconsultor.com/social-img/orbita/D14_linkedin.png,https://www.tuconsultor.com/orbita/,,
756,,19:00,instagram,"Deja de preparar el PowerPoint del estado del proyecto. Comparte la pantalla.

Ya está preparado.

Tu cliente lo ve. Tú lo ves. Nadie pregunta.
Enlace en bio.

❤️ Gestión con corazón desde 2006.

#Dashboard #Dirección #TuConsultor #GestiónConCorazón #Orbita",https://www.tuconsultor.com/social-img/orbita/D14_instagram.png,https://www.tuconsultor.com/orbita/,,
757,,19:00,linkedin,"Documentos versionados, accesos por rol, evidencias con fecha.

Un portal que aguanta una auditoría.

Semanas contadas, hitos con evidencia. Orbita · PM Tool.
👉 https://www.tuconsultor.com/orbita/?utm_source=linkedin&utm_medium=social&utm_campaign=orbita&utm_content=e14

#ISO9001 #Certificación #TuConsultor",https://www.tuconsultor.com/social-img/orbita/E14_linkedin.png,https://www.tuconsultor.com/orbita/,,
758,,19:00,instagram,"Documentos versionados, accesos por rol, evidencias con fecha.

Un portal que aguanta una auditoría.

Certificación ordenada, no exprés. Con método TuConsultor.
Enlace en bio.

❤️ Gestión con corazón desde 2006.

#ISO9001 #Certificación #TuConsultor #GestiónConCorazón #Orbita",https://www.tuconsultor.com/social-img/orbita/E14_instagram.png,https://www.tuconsultor.com/orbita/,,
759,,19:00,linkedin,"Relación · Implicación · Compromiso. Sube o baja cuando quieras.

El portal sigue siendo el mismo.

Pide una conversación de 20 minutos y te decimos qué modelo te encaja.
👉 https://www.tuconsultor.com/orbita/?utm_source=linkedin&utm_medium=social&utm_campaign=orbita&utm_content=f14

#SistemasDeGestión #Consultoría #TuConsultor",https://www.tuconsultor.com/social-img/orbita/F14_linkedin.png,https://www.tuconsultor.com/orbita/,,
760,,19:00,instagram,"Relación · Implicación · Compromiso. Sube o baja cuando quieras.

El portal sigue siendo el mismo.

Un sistema que dura, no un certificado que caduca.
Enlace en bio.

❤️ Gestión con corazón desde 2006.

#SistemasDeGestión #Consultoría #TuConsultor #GestiónConCorazón #Orbita",https://www.tuconsultor.com/social-img/orbita/F14_instagram.png,https://www.tuconsultor.com/orbita/,,
761,,19:00,linkedin,"Deja de gestionar de memoria. Empieza a gestionar por portal.

Todo queda. Todo se ve.

Así trabajamos ahora con nuestros clientes.
👉 https://www.tuconsultor.com/orbita/?utm_source=linkedin&utm_medium=social&utm_campaign=orbita&utm_content=a15

#OrbitaPMTool #GestiónDeProyectos #TuConsultor",https://www.tuconsultor.com/social-img/orbita/A15_linkedin.png,https://www.tuconsultor.com/orbita/,,
762,,19:00,instagram,"Deja de gestionar de memoria. Empieza a gestionar por portal.

Todo queda. Todo se ve.

Un portal. Todo dentro. Orbita · PM Tool.
Enlace en bio.

❤️ Gestión con corazón desde 2006.

#OrbitaPMTool #GestiónDeProyectos #TuConsultor #GestiónConCorazón #Orbita",https://www.tuconsultor.com/social-img/orbita/A15_instagram.png,https://www.tuconsultor.com/orbita/,,
763,,19:00,linkedin,"ISO no es papeleo. Es saber qué pasa antes de que pase.

Con un sistema que avisa, no que archiva.

Pide una demo y trae tu última no conformidad.
👉 https://www.tuconsultor.com/orbita/?utm_source=linkedin&utm_medium=social&utm_campaign=orbita&utm_content=b15

#ISO9001 #SistemasDeGestión #TuConsultor",https://www.tuconsultor.com/social-img/orbita/B15_linkedin.png,https://www.tuconsultor.com/orbita/,,
764,,19:00,instagram,"ISO no es papeleo. Es saber qué pasa antes de que pase.

Con un sistema que avisa, no que archiva.

Orbita · PM Tool: la ISO que no se oxida.
Enlace en bio.

❤️ Gestión con corazón desde 2006.

#ISO9001 #SistemasDeGestión #TuConsultor #GestiónConCorazón #Orbita",https://www.tuconsultor.com/social-img/orbita/B15_instagram.png,https://www.tuconsultor.com/orbita/,,
765,,19:00,linkedin,"Controlar el proceso no es vigilar a la gente. Es que nadie persiga a nadie.

Orbita lo hace por ti.

Cada proceso, sus tareas. Cada tarea, su dueño.
👉 https://www.tuconsultor.com/orbita/?utm_source=linkedin&utm_medium=social&utm_campaign=orbita&utm_content=c15

#Procesos #Productividad #TuConsultor",https://www.tuconsultor.com/social-img/orbita/C15_linkedin.png,https://www.tuconsultor.com/orbita/,,
766,,19:00,instagram,"Controlar el proceso no es vigilar a la gente. Es que nadie persiga a nadie.

Orbita lo hace por ti.

Orbita · PM Tool: el mapa de procesos que ejecuta.
Enlace en bio.

❤️ Gestión con corazón desde 2006.

#Procesos #Productividad #TuConsultor #GestiónConCorazón #Orbita",https://www.tuconsultor.com/social-img/orbita/C15_instagram.png,https://www.tuconsultor.com/orbita/,,
767,,19:00,linkedin,"El proyecto no avanza porque lo mires. Pero se desvía cuando no lo miras.

Míralo cada día. En 30 segundos.

Orbita · PM Tool: ver es la mitad del control.
👉 https://www.tuconsultor.com/orbita/?utm_source=linkedin&utm_medium=social&utm_campaign=orbita&utm_content=d15

#Dashboard #Dirección #TuConsultor",https://www.tuconsultor.com/social-img/orbita/D15_linkedin.png,https://www.tuconsultor.com/orbita/,,
768,,19:00,instagram,"El proyecto no avanza porque lo mires. Pero se desvía cuando no lo miras.

Míralo cada día. En 30 segundos.

Tu cliente lo ve. Tú lo ves. Nadie pregunta.
Enlace en bio.

❤️ Gestión con corazón desde 2006.

#Dashboard #Dirección #TuConsultor #GestiónConCorazón #Orbita",https://www.tuconsultor.com/social-img/orbita/D15_instagram.png,https://www.tuconsultor.com/orbita/,,
769,,19:00,linkedin,"Tu ISO en semanas es una promesa que se puede ver.

Semana a semana. En Orbita.

Semanas contadas, hitos con evidencia. Orbita · PM Tool.
👉 https://www.tuconsultor.com/orbita/?utm_source=linkedin&utm_medium=social&utm_campaign=orbita&utm_content=e15

#ISO9001 #Certificación #TuConsultor",https://www.tuconsultor.com/social-img/orbita/E15_linkedin.png,https://www.tuconsultor.com/orbita/,,
770,,19:00,instagram,"Tu ISO en semanas es una promesa que se puede ver.

Semana a semana. En Orbita.

Certificación ordenada, no exprés. Con método TuConsultor.
Enlace en bio.

❤️ Gestión con corazón desde 2006.

#ISO9001 #Certificación #TuConsultor #GestiónConCorazón #Orbita",https://www.tuconsultor.com/social-img/orbita/E15_instagram.png,https://www.tuconsultor.com/orbita/,,
771,,19:00,linkedin,"Un sistema bien acompañado se nota en la cuenta de resultados.

No solo en el certificado.

Pide una conversación de 20 minutos y te decimos qué modelo te encaja.
👉 https://www.tuconsultor.com/orbita/?utm_source=linkedin&utm_medium=social&utm_campaign=orbita&utm_content=f15

#SistemasDeGestión #Consultoría #TuConsultor",https://www.tuconsultor.com/social-img/orbita/F15_linkedin.png,https://www.tuconsultor.com/orbita/,,
772,,19:00,instagram,"Un sistema bien acompañado se nota en la cuenta de resultados.

No solo en el certificado.

Un sistema que dura, no un certificado que caduca.
Enlace en bio.

❤️ Gestión con corazón desde 2006.

#SistemasDeGestión #Consultoría #TuConsultor #GestiónConCorazón #Orbita",https://www.tuconsultor.com/social-img/orbita/F15_instagram.png,https://www.tuconsultor.com/orbita/,,
773,,19:00,linkedin,"Calidad en un Excel. Proyectos en otro. Así no se gestiona. Se sobrevive.

Orbita · PM Tool: toda la gestión en un solo portal.

Un portal. Todo dentro. Orbita · PM Tool.
👉 https://www.tuconsultor.com/orbita/?utm_source=linkedin&utm_medium=social&utm_campaign=orbita&utm_content=a01

#OrbitaPMTool #GestiónDeProyectos #TuConsultor",https://www.tuconsultor.com/social-img/orbita/A01_linkedin.png,https://www.tuconsultor.com/orbita/,,
774,,19:00,instagram,"Calidad en un Excel. Proyectos en otro. Así no se gestiona. Se sobrevive.

Orbita · PM Tool: toda la gestión en un solo portal.

Orbita · PM Tool, el portal de gestión de TuConsultor.
Enlace en bio.

❤️ Gestión con corazón desde 2006.

#OrbitaPMTool #GestiónDeProyectos #TuConsultor #GestiónConCorazón #Orbita",https://www.tuconsultor.com/social-img/orbita/A01_instagram.png,https://www.tuconsultor.com/orbita/,,
775,,19:00,linkedin,"Tu ISO no falla en la auditoría. Falla los otros 364 días.

Con Orbita el sistema se mantiene cada semana, no la víspera.

Orbita · PM Tool: la ISO que no se oxida.
👉 https://www.tuconsultor.com/orbita/?utm_source=linkedin&utm_medium=social&utm_campaign=orbita&utm_content=b01

#ISO9001 #SistemasDeGestión #TuConsultor",https://www.tuconsultor.com/social-img/orbita/B01_linkedin.png,https://www.tuconsultor.com/orbita/,,
776,,19:00,instagram,"Tu ISO no falla en la auditoría. Falla los otros 364 días.

Con Orbita el sistema se mantiene cada semana, no la víspera.

Mantén tu ISO viva con Orbita · PM Tool.
Enlace en bio.

❤️ Gestión con corazón desde 2006.

#ISO9001 #SistemasDeGestión #TuConsultor #GestiónConCorazón #Orbita",https://www.tuconsultor.com/social-img/orbita/B01_instagram.png,https://www.tuconsultor.com/orbita/,,
777,,19:00,linkedin,"Sabes qué hay que hacer. Lo que no sabes es quién lo está haciendo.

Procesos con tareas, responsables y plazos que se ven.

Orbita · PM Tool: el mapa de procesos que ejecuta.
👉 https://www.tuconsultor.com/orbita/?utm_source=linkedin&utm_medium=social&utm_campaign=orbita&utm_content=c01

#Procesos #Productividad #TuConsultor",https://www.tuconsultor.com/social-img/orbita/C01_linkedin.png,https://www.tuconsultor.com/orbita/,,
778,,19:00,instagram,"Sabes qué hay que hacer. Lo que no sabes es quién lo está haciendo.

Procesos con tareas, responsables y plazos que se ven.

Procesos con tareas, responsables y plazos. En Orbita.
Enlace en bio.

❤️ Gestión con corazón desde 2006.

#Procesos #Productividad #TuConsultor #GestiónConCorazón #Orbita",https://www.tuconsultor.com/social-img/orbita/C01_instagram.png,https://www.tuconsultor.com/orbita/,,
779,,19:00,linkedin,"¿Cómo va el proyecto? Ya no es una pregunta. Es una pantalla.

Evolución en tiempo real. Sin pedir informes.

Tu cliente lo ve. Tú lo ves. Nadie pregunta.
👉 https://www.tuconsultor.com/orbita/?utm_source=linkedin&utm_medium=social&utm_campaign=orbita&utm_content=d01

#Dashboard #Dirección #TuConsultor",https://www.tuconsultor.com/social-img/orbita/D01_linkedin.png,https://www.tuconsultor.com/orbita/,,
780,,19:00,instagram,"¿Cómo va el proyecto? Ya no es una pregunta. Es una pantalla.

Evolución en tiempo real. Sin pedir informes.

Dashboard en tiempo real con Orbita · PM Tool.
Enlace en bio.

❤️ Gestión con corazón desde 2006.

#Dashboard #Dirección #TuConsultor #GestiónConCorazón #Orbita",https://www.tuconsultor.com/social-img/orbita/D01_instagram.png,https://www.tuconsultor.com/orbita/,,
781,,19:00,linkedin,"Tu ISO en semanas. No en un año de reuniones.

Portal controlado, plan cerrado, fechas a la vista.

Certificación ordenada, no exprés. Con método TuConsultor.
👉 https://www.tuconsultor.com/orbita/?utm_source=linkedin&utm_medium=social&utm_campaign=orbita&utm_content=e01

#ISO9001 #Certificación #TuConsultor",https://www.tuconsultor.com/social-img/orbita/E01_linkedin.png,https://www.tuconsultor.com/orbita/,,
782,,19:00,instagram,"Tu ISO en semanas. No en un año de reuniones.

Portal controlado, plan cerrado, fechas a la vista.

Tu ISO en semanas, en un portal controlado. TuConsultor + Orbita.
Enlace en bio.

❤️ Gestión con corazón desde 2006.

#ISO9001 #Certificación #TuConsultor #GestiónConCorazón #Orbita",https://www.tuconsultor.com/social-img/orbita/E01_instagram.png,https://www.tuconsultor.com/orbita/,,
783,,19:00,linkedin,"Relación, Implicación o Compromiso. Tres formas de trabajar contigo.

Una herramienta para las tres.

Un sistema que dura, no un certificado que caduca.
👉 https://www.tuconsultor.com/orbita/?utm_source=linkedin&utm_medium=social&utm_campaign=orbita&utm_content=f01

#SistemasDeGestión #Consultoría #TuConsultor",https://www.tuconsultor.com/social-img/orbita/F01_linkedin.png,https://www.tuconsultor.com/orbita/,,
784,,19:00,instagram,"Relación, Implicación o Compromiso. Tres formas de trabajar contigo.

Una herramienta para las tres.

Relación, Implicación o Compromiso: elige cuánto nos metemos.
Enlace en bio.

❤️ Gestión con corazón desde 2006.

#SistemasDeGestión #Consultoría #TuConsultor #GestiónConCorazón #Orbita",https://www.tuconsultor.com/social-img/orbita/F01_instagram.png,https://www.tuconsultor.com/orbita/,,
785,,19:00,linkedin,"Un portal. Todos los proyectos. Todo el equipo. Y el cliente dentro.

Se acabó el ""te lo paso por correo"".

Un portal. Todo dentro. Orbita · PM Tool.
👉 https://www.tuconsultor.com/orbita/?utm_source=linkedin&utm_medium=social&utm_campaign=orbita&utm_content=a02

#OrbitaPMTool #GestiónDeProyectos #TuConsultor",https://www.tuconsultor.com/social-img/orbita/A02_linkedin.png,https://www.tuconsultor.com/orbita/,,
786,,19:00,instagram,"Un portal. Todos los proyectos. Todo el equipo. Y el cliente dentro.

Se acabó el ""te lo paso por correo"".

Orbita · PM Tool, el portal de gestión de TuConsultor.
Enlace en bio.

❤️ Gestión con corazón desde 2006.

#OrbitaPMTool #GestiónDeProyectos #TuConsultor #GestiónConCorazón #Orbita",https://www.tuconsultor.com/social-img/orbita/A02_instagram.png,https://www.tuconsultor.com/orbita/,,
787,,19:00,linkedin,"No conformidad abierta 8 meses. Nadie la vio. Nadie la buscó.

Cada acción con dueño, fecha y evidencia. A la vista.

Orbita · PM Tool: la ISO que no se oxida.
👉 https://www.tuconsultor.com/orbita/?utm_source=linkedin&utm_medium=social&utm_campaign=orbita&utm_content=b02

#ISO9001 #SistemasDeGestión #TuConsultor",https://www.tuconsultor.com/social-img/orbita/B02_linkedin.png,https://www.tuconsultor.com/orbita/,,
788,,19:00,instagram,"No conformidad abierta 8 meses. Nadie la vio. Nadie la buscó.

Cada acción con dueño, fecha y evidencia. A la vista.

Mantén tu ISO viva con Orbita · PM Tool.
Enlace en bio.

❤️ Gestión con corazón desde 2006.

#ISO9001 #SistemasDeGestión #TuConsultor #GestiónConCorazón #Orbita",https://www.tuconsultor.com/social-img/orbita/B02_instagram.png,https://www.tuconsultor.com/orbita/,,
789,,19:00,linkedin,"""Lo tengo pendiente"" no es un estado. Es una alarma.

Tareas por proceso, cada una con su semáforo.

Orbita · PM Tool: el mapa de procesos que ejecuta.
👉 https://www.tuconsultor.com/orbita/?utm_source=linkedin&utm_medium=social&utm_campaign=orbita&utm_content=c02

#Procesos #Productividad #TuConsultor",https://www.tuconsultor.com/social-img/orbita/C02_linkedin.png,https://www.tuconsultor.com/orbita/,,
790,,19:00,instagram,"""Lo tengo pendiente"" no es un estado. Es una alarma.

Tareas por proceso, cada una con su semáforo.

Procesos con tareas, responsables y plazos. En Orbita.
Enlace en bio.

❤️ Gestión con corazón desde 2006.

#Procesos #Productividad #TuConsultor #GestiónConCorazón #Orbita",https://www.tuconsultor.com/social-img/orbita/C02_instagram.png,https://www.tuconsultor.com/orbita/,,
791,,19:00,linkedin,"El informe de seguimiento del lunes ya estaba viejo el martes.

Dashboard en tiempo real. Para ti y para tu cliente.

Tu cliente lo ve. Tú lo ves. Nadie pregunta.
👉 https://www.tuconsultor.com/orbita/?utm_source=linkedin&utm_medium=social&utm_campaign=orbita&utm_content=d02

#Dashboard #Dirección #TuConsultor",https://www.tuconsultor.com/social-img/orbita/D02_linkedin.png,https://www.tuconsultor.com/orbita/,,
792,,19:00,instagram,"El informe de seguimiento del lunes ya estaba viejo el martes.

Dashboard en tiempo real. Para ti y para tu cliente.

Dashboard en tiempo real con Orbita · PM Tool.
Enlace en bio.

❤️ Gestión con corazón desde 2006.

#Dashboard #Dirección #TuConsultor #GestiónConCorazón #Orbita",https://www.tuconsultor.com/social-img/orbita/D02_instagram.png,https://www.tuconsultor.com/orbita/,,
793,,19:00,linkedin,"ISO 9001 desde cero: 12 semanas, un portal, un plan.

Cada semana sabes qué toca. Y quién.

Certificación ordenada, no exprés. Con método TuConsultor.
👉 https://www.tuconsultor.com/orbita/?utm_source=linkedin&utm_medium=social&utm_campaign=orbita&utm_content=e02

#ISO9001 #Certificación #TuConsultor",https://www.tuconsultor.com/social-img/orbita/E02_linkedin.png,https://www.tuconsultor.com/orbita/,,
794,,19:00,instagram,"ISO 9001 desde cero: 12 semanas, un portal, un plan.

Cada semana sabes qué toca. Y quién.

Tu ISO en semanas, en un portal controlado. TuConsultor + Orbita.
Enlace en bio.

❤️ Gestión con corazón desde 2006.

#ISO9001 #Certificación #TuConsultor #GestiónConCorazón #Orbita",https://www.tuconsultor.com/social-img/orbita/E02_instagram.png,https://www.tuconsultor.com/orbita/,,
795,,19:00,linkedin,"Relación: te acompañamos. Implicación: lo hacemos contigo. Compromiso: lo hacemos y respondemos.

Tú eliges la distancia.

Un sistema que dura, no un certificado que caduca.
👉 https://www.tuconsultor.com/orbita/?utm_source=linkedin&utm_medium=social&utm_campaign=orbita&utm_content=f02

#SistemasDeGestión #Consultoría #TuConsultor",https://www.tuconsultor.com/social-img/orbita/F02_linkedin.png,https://www.tuconsultor.com/orbita/,,
796,,19:00,instagram,"Relación: te acompañamos. Implicación: lo hacemos contigo. Compromiso: lo hacemos y respondemos.

Tú eliges la distancia.

Relación, Implicación o Compromiso: elige cuánto nos metemos.
Enlace en bio.

❤️ Gestión con corazón desde 2006.

#SistemasDeGestión #Consultoría #TuConsultor #GestiónConCorazón #Orbita",https://www.tuconsultor.com/social-img/orbita/F02_instagram.png,https://www.tuconsultor.com/orbita/,,
797,,19:00,linkedin,"Cuatro carpetas, tres Drive y un WhatsApp. Eso no es un sistema.

Un portal donde todo tiene sitio y dueño.

Un portal. Todo dentro. Orbita · PM Tool.
👉 https://www.tuconsultor.com/orbita/?utm_source=linkedin&utm_medium=social&utm_campaign=orbita&utm_content=a03

#OrbitaPMTool #GestiónDeProyectos #TuConsultor",https://www.tuconsultor.com/social-img/orbita/A03_linkedin.png,https://www.tuconsultor.com/orbita/,,
798,,19:00,instagram,"Cuatro carpetas, tres Drive y un WhatsApp. Eso no es un sistema.

Un portal donde todo tiene sitio y dueño.

Orbita · PM Tool, el portal de gestión de TuConsultor.
Enlace en bio.

❤️ Gestión con corazón desde 2006.

#OrbitaPMTool #GestiónDeProyectos #TuConsultor #GestiónConCorazón #Orbita",https://www.tuconsultor.com/social-img/orbita/A03_instagram.png,https://www.tuconsultor.com/orbita/,,
799,,19:00,linkedin,"El sistema de gestión no es la carpeta. Es lo que pasa cada semana.

Orbita lo convierte en rutina.

Orbita · PM Tool: la ISO que no se oxida.
👉 https://www.tuconsultor.com/orbita/?utm_source=linkedin&utm_medium=social&utm_campaign=orbita&utm_content=b03

#ISO9001 #SistemasDeGestión #TuConsultor",https://www.tuconsultor.com/social-img/orbita/B03_linkedin.png,https://www.tuconsultor.com/orbita/,,
800,,19:00,instagram,"El sistema de gestión no es la carpeta. Es lo que pasa cada semana.

Orbita lo convierte en rutina.

Mantén tu ISO viva con Orbita · PM Tool.
Enlace en bio.

❤️ Gestión con corazón desde 2006.

#ISO9001 #SistemasDeGestión #TuConsultor #GestiónConCorazón #Orbita",https://www.tuconsultor.com/social-img/orbita/B03_instagram.png,https://www.tuconsultor.com/orbita/,,
801,,19:00,linkedin,"El procedimiento dice qué. Orbita dice quién y cuándo.

Cada proceso con sus tareas asignadas.

Orbita · PM Tool: el mapa de procesos que ejecuta.
👉 https://www.tuconsultor.com/orbita/?utm_source=linkedin&utm_medium=social&utm_campaign=orbita&utm_content=c03

#Procesos #Productividad #TuConsultor",https://www.tuconsultor.com/social-img/orbita/C03_linkedin.png,https://www.tuconsultor.com/orbita/,,
802,,19:00,instagram,"El procedimiento dice qué. Orbita dice quién y cuándo.

Cada proceso con sus tareas asignadas.

Procesos con tareas, responsables y plazos. En Orbita.
Enlace en bio.

❤️ Gestión con corazón desde 2006.

#Procesos #Productividad #TuConsultor #GestiónConCorazón #Orbita",https://www.tuconsultor.com/social-img/orbita/C03_instagram.png,https://www.tuconsultor.com/orbita/,,
803,,19:00,linkedin,"Un dashboard que se actualiza solo es una reunión menos.

Por semana. Cada semana.

Tu cliente lo ve. Tú lo ves. Nadie pregunta.
👉 https://www.tuconsultor.com/orbita/?utm_source=linkedin&utm_medium=social&utm_campaign=orbita&utm_content=d03

#Dashboard #Dirección #TuConsultor",https://www.tuconsultor.com/social-img/orbita/D03_linkedin.png,https://www.tuconsultor.com/orbita/,,
804,,19:00,instagram,"Un dashboard que se actualiza solo es una reunión menos.

Por semana. Cada semana.

Dashboard en tiempo real con Orbita · PM Tool.
Enlace en bio.

❤️ Gestión con corazón desde 2006.

#Dashboard #Dirección #TuConsultor #GestiónConCorazón #Orbita",https://www.tuconsultor.com/social-img/orbita/D03_instagram.png,https://www.tuconsultor.com/orbita/,,
805,,19:00,linkedin,"Certificarse no es lento. Es desordenado.

Ordénalo en un portal y mira lo que tarda.

Certificación ordenada, no exprés. Con método TuConsultor.
👉 https://www.tuconsultor.com/orbita/?utm_source=linkedin&utm_medium=social&utm_campaign=orbita&utm_content=e03

#ISO9001 #Certificación #TuConsultor",https://www.tuconsultor.com/social-img/orbita/E03_linkedin.png,https://www.tuconsultor.com/orbita/,,
806,,19:00,instagram,"Certificarse no es lento. Es desordenado.

Ordénalo en un portal y mira lo que tarda.

Tu ISO en semanas, en un portal controlado. TuConsultor + Orbita.
Enlace en bio.

❤️ Gestión con corazón desde 2006.

#ISO9001 #Certificación #TuConsultor #GestiónConCorazón #Orbita",https://www.tuconsultor.com/social-img/orbita/E03_instagram.png,https://www.tuconsultor.com/orbita/,,
807,,19:00,linkedin,"No vendemos horas. Vendemos un sistema que funciona.

Y un modelo de relación que lo mantiene.

Un sistema que dura, no un certificado que caduca.
👉 https://www.tuconsultor.com/orbita/?utm_source=linkedin&utm_medium=social&utm_campaign=orbita&utm_content=f03

#SistemasDeGestión #Consultoría #TuConsultor",https://www.tuconsultor.com/social-img/orbita/F03_linkedin.png,https://www.tuconsultor.com/orbita/,,
808,,19:00,instagram,"No vendemos horas. Vendemos un sistema que funciona.

Y un modelo de relación que lo mantiene.

Relación, Implicación o Compromiso: elige cuánto nos metemos.
Enlace en bio.

❤️ Gestión con corazón desde 2006.

#SistemasDeGestión #Consultoría #TuConsultor #GestiónConCorazón #Orbita",https://www.tuconsultor.com/social-img/orbita/F03_instagram.png,https://www.tuconsultor.com/orbita/,,
809,,19:00,linkedin,"La versión buena del procedimiento está en el portátil de alguien.

En Orbita hay una versión. La vigente.

Un portal. Todo dentro. Orbita · PM Tool.
👉 https://www.tuconsultor.com/orbita/?utm_source=linkedin&utm_medium=social&utm_campaign=orbita&utm_content=a04

#OrbitaPMTool #GestiónDeProyectos #TuConsultor",https://www.tuconsultor.com/social-img/orbita/A04_linkedin.png,https://www.tuconsultor.com/orbita/,,
810,,19:00,instagram,"La versión buena del procedimiento está en el portátil de alguien.

En Orbita hay una versión. La vigente.

Orbita · PM Tool, el portal de gestión de TuConsultor.
Enlace en bio.

❤️ Gestión con corazón desde 2006.

#OrbitaPMTool #GestiónDeProyectos #TuConsultor #GestiónConCorazón #Orbita",https://www.tuconsultor.com/social-img/orbita/A04_instagram.png,https://www.tuconsultor.com/orbita/,,
811,,19:00,linkedin,"Auditoría interna en octubre. Evidencias desde enero.

Registrar en el momento, no la víspera.

Orbita · PM Tool: la ISO que no se oxida.
👉 https://www.tuconsultor.com/orbita/?utm_source=linkedin&utm_medium=social&utm_campaign=orbita&utm_content=b04

#ISO9001 #SistemasDeGestión #TuConsultor",https://www.tuconsultor.com/social-img/orbita/B04_linkedin.png,https://www.tuconsultor.com/orbita/,,
812,,19:00,instagram,"Auditoría interna en octubre. Evidencias desde enero.

Registrar en el momento, no la víspera.

Mantén tu ISO viva con Orbita · PM Tool.
Enlace en bio.

❤️ Gestión con corazón desde 2006.

#ISO9001 #SistemasDeGestión #TuConsultor #GestiónConCorazón #Orbita",https://www.tuconsultor.com/social-img/orbita/B04_instagram.png,https://www.tuconsultor.com/orbita/,,
813,,19:00,linkedin,"Un proceso sin tareas es un dibujo.

Orbita lo convierte en trabajo.

Orbita · PM Tool: el mapa de procesos que ejecuta.
👉 https://www.tuconsultor.com/orbita/?utm_source=linkedin&utm_medium=social&utm_campaign=orbita&utm_content=c04

#Procesos #Productividad #TuConsultor",https://www.tuconsultor.com/social-img/orbita/C04_linkedin.png,https://www.tuconsultor.com/orbita/,,
814,,19:00,instagram,"Un proceso sin tareas es un dibujo.

Orbita lo convierte en trabajo.

Procesos con tareas, responsables y plazos. En Orbita.
Enlace en bio.

❤️ Gestión con corazón desde 2006.

#Procesos #Productividad #TuConsultor #GestiónConCorazón #Orbita",https://www.tuconsultor.com/social-img/orbita/C04_instagram.png,https://www.tuconsultor.com/orbita/,,
815,,19:00,linkedin,"Verde, ámbar, rojo. Por proyecto, por hito, por persona.

Ahora. No a final de mes.

Tu cliente lo ve. Tú lo ves. Nadie pregunta.
👉 https://www.tuconsultor.com/orbita/?utm_source=linkedin&utm_medium=social&utm_campaign=orbita&utm_content=d04

#Dashboard #Dirección #TuConsultor",https://www.tuconsultor.com/social-img/orbita/D04_linkedin.png,https://www.tuconsultor.com/orbita/,,
816,,19:00,instagram,"Verde, ámbar, rojo. Por proyecto, por hito, por persona.

Ahora. No a final de mes.

Dashboard en tiempo real con Orbita · PM Tool.
Enlace en bio.

❤️ Gestión con corazón desde 2006.

#Dashboard #Dirección #TuConsultor #GestiónConCorazón #Orbita",https://www.tuconsultor.com/social-img/orbita/D04_instagram.png,https://www.tuconsultor.com/orbita/,,
817,,19:00,linkedin,"Semana 1: alcance. Semana 12: auditoría. Entre medias, nada al aire.

Todo en Orbita.

Certificación ordenada, no exprés. Con método TuConsultor.
👉 https://www.tuconsultor.com/orbita/?utm_source=linkedin&utm_medium=social&utm_campaign=orbita&utm_content=e04

#ISO9001 #Certificación #TuConsultor",https://www.tuconsultor.com/social-img/orbita/E04_linkedin.png,https://www.tuconsultor.com/orbita/,,
818,,19:00,instagram,"Semana 1: alcance. Semana 12: auditoría. Entre medias, nada al aire.

Todo en Orbita.

Tu ISO en semanas, en un portal controlado. TuConsultor + Orbita.
Enlace en bio.

❤️ Gestión con corazón desde 2006.

#ISO9001 #Certificación #TuConsultor #GestiónConCorazón #Orbita",https://www.tuconsultor.com/social-img/orbita/E04_instagram.png,https://www.tuconsultor.com/orbita/,,
819,,19:00,linkedin,"Tu sistema de gestión no es un proyecto. Es una relación.

Elige cuánta implicación necesitas.

Un sistema que dura, no un certificado que caduca.
👉 https://www.tuconsultor.com/orbita/?utm_source=linkedin&utm_medium=social&utm_campaign=orbita&utm_content=f04

#SistemasDeGestión #Consultoría #TuConsultor",https://www.tuconsultor.com/social-img/orbita/F04_linkedin.png,https://www.tuconsultor.com/orbita/,,
820,,19:00,instagram,"Tu sistema de gestión no es un proyecto. Es una relación.

Elige cuánta implicación necesitas.

Relación, Implicación o Compromiso: elige cuánto nos metemos.
Enlace en bio.

❤️ Gestión con corazón desde 2006.

#SistemasDeGestión #Consultoría #TuConsultor #GestiónConCorazón #Orbita",https://www.tuconsultor.com/social-img/orbita/F04_instagram.png,https://www.tuconsultor.com/orbita/,,
821,,19:00,linkedin,"""¿Dónde está el último informe?"" Pregunta prohibida desde hoy.

Documentos, hitos y tareas en el mismo sitio.

Un portal. Todo dentro. Orbita · PM Tool.
👉 https://www.tuconsultor.com/orbita/?utm_source=linkedin&utm_medium=social&utm_campaign=orbita&utm_content=a05

#OrbitaPMTool #GestiónDeProyectos #TuConsultor",https://www.tuconsultor.com/social-img/orbita/A05_linkedin.png,https://www.tuconsultor.com/orbita/,,
822,,19:00,instagram,"""¿Dónde está el último informe?"" Pregunta prohibida desde hoy.

Documentos, hitos y tareas en el mismo sitio.

Orbita · PM Tool, el portal de gestión de TuConsultor.
Enlace en bio.

❤️ Gestión con corazón desde 2006.

#OrbitaPMTool #GestiónDeProyectos #TuConsultor #GestiónConCorazón #Orbita",https://www.tuconsultor.com/social-img/orbita/A05_instagram.png,https://www.tuconsultor.com/orbita/,,
823,,19:00,linkedin,"Acción correctiva sin fecha de cierre no es una acción. Es una intención.

Orbita no deja intenciones abiertas.

Orbita · PM Tool: la ISO que no se oxida.
👉 https://www.tuconsultor.com/orbita/?utm_source=linkedin&utm_medium=social&utm_campaign=orbita&utm_content=b05

#ISO9001 #SistemasDeGestión #TuConsultor",https://www.tuconsultor.com/social-img/orbita/B05_linkedin.png,https://www.tuconsultor.com/orbita/,,
824,,19:00,instagram,"Acción correctiva sin fecha de cierre no es una acción. Es una intención.

Orbita no deja intenciones abiertas.

Mantén tu ISO viva con Orbita · PM Tool.
Enlace en bio.

❤️ Gestión con corazón desde 2006.

#ISO9001 #SistemasDeGestión #TuConsultor #GestiónConCorazón #Orbita",https://www.tuconsultor.com/social-img/orbita/B05_instagram.png,https://www.tuconsultor.com/orbita/,,
825,,19:00,linkedin,"Tarea vencida tres días. Nadie preguntó. Nadie avisó.

Ahora avisa Orbita.

Orbita · PM Tool: el mapa de procesos que ejecuta.
👉 https://www.tuconsultor.com/orbita/?utm_source=linkedin&utm_medium=social&utm_campaign=orbita&utm_content=c05

#Procesos #Productividad #TuConsultor",https://www.tuconsultor.com/social-img/orbita/C05_linkedin.png,https://www.tuconsultor.com/orbita/,,
826,,19:00,instagram,"Tarea vencida tres días. Nadie preguntó. Nadie avisó.

Ahora avisa Orbita.

Procesos con tareas, responsables y plazos. En Orbita.
Enlace en bio.

❤️ Gestión con corazón desde 2006.

#Procesos #Productividad #TuConsultor #GestiónConCorazón #Orbita",https://www.tuconsultor.com/social-img/orbita/C05_instagram.png,https://www.tuconsultor.com/orbita/,,
827,,19:00,linkedin,"Tu cliente ve el avance antes de preguntarlo.

Y deja de preguntarlo.

Tu cliente lo ve. Tú lo ves. Nadie pregunta.
👉 https://www.tuconsultor.com/orbita/?utm_source=linkedin&utm_medium=social&utm_campaign=orbita&utm_content=d05

#Dashboard #Dirección #TuConsultor",https://www.tuconsultor.com/social-img/orbita/D05_linkedin.png,https://www.tuconsultor.com/orbita/,,
828,,19:00,instagram,"Tu cliente ve el avance antes de preguntarlo.

Y deja de preguntarlo.

Dashboard en tiempo real con Orbita · PM Tool.
Enlace en bio.

❤️ Gestión con corazón desde 2006.

#Dashboard #Dirección #TuConsultor #GestiónConCorazón #Orbita",https://www.tuconsultor.com/social-img/orbita/D05_instagram.png,https://www.tuconsultor.com/orbita/,,
829,,19:00,linkedin,"Un portal controlado significa que nadie improvisa.

Ni tú, ni tu equipo, ni tu consultor.

Certificación ordenada, no exprés. Con método TuConsultor.
👉 https://www.tuconsultor.com/orbita/?utm_source=linkedin&utm_medium=social&utm_campaign=orbita&utm_content=e05

#ISO9001 #Certificación #TuConsultor",https://www.tuconsultor.com/social-img/orbita/E05_linkedin.png,https://www.tuconsultor.com/orbita/,,
830,,19:00,instagram,"Un portal controlado significa que nadie improvisa.

Ni tú, ni tu equipo, ni tu consultor.

Tu ISO en semanas, en un portal controlado. TuConsultor + Orbita.
Enlace en bio.

❤️ Gestión con corazón desde 2006.

#ISO9001 #Certificación #TuConsultor #GestiónConCorazón #Orbita",https://www.tuconsultor.com/social-img/orbita/E05_instagram.png,https://www.tuconsultor.com/orbita/,,
831,,19:00,linkedin,"Con Relación, el sistema es tuyo y nosotros cerca. Con Compromiso, nosotros dentro.

Tú decides.

Un sistema que dura, no un certificado que caduca.
👉 https://www.tuconsultor.com/orbita/?utm_source=linkedin&utm_medium=social&utm_campaign=orbita&utm_content=f05

#SistemasDeGestión #Consultoría #TuConsultor",https://www.tuconsultor.com/social-img/orbita/F05_linkedin.png,https://www.tuconsultor.com/orbita/,,
832,,19:00,instagram,"Con Relación, el sistema es tuyo y nosotros cerca. Con Compromiso, nosotros dentro.

Tú decides.

Relación, Implicación o Compromiso: elige cuánto nos metemos.
Enlace en bio.

❤️ Gestión con corazón desde 2006.

#SistemasDeGestión #Consultoría #TuConsultor #GestiónConCorazón #Orbita",https://www.tuconsultor.com/social-img/orbita/F05_instagram.png,https://www.tuconsultor.com/orbita/,,
833,,19:00,linkedin,"Tu consultor, tu equipo y tu auditor mirando la misma pantalla.

Un portal, tres puntos de vista, cero sorpresas.

Un portal. Todo dentro. Orbita · PM Tool.
👉 https://www.tuconsultor.com/orbita/?utm_source=linkedin&utm_medium=social&utm_campaign=orbita&utm_content=a06

#OrbitaPMTool #GestiónDeProyectos #TuConsultor",https://www.tuconsultor.com/social-img/orbita/A06_linkedin.png,https://www.tuconsultor.com/orbita/,,
834,,19:00,instagram,"Tu consultor, tu equipo y tu auditor mirando la misma pantalla.

Un portal, tres puntos de vista, cero sorpresas.

Orbita · PM Tool, el portal de gestión de TuConsultor.
Enlace en bio.

❤️ Gestión con corazón desde 2006.

#OrbitaPMTool #GestiónDeProyectos #TuConsultor #GestiónConCorazón #Orbita",https://www.tuconsultor.com/social-img/orbita/A06_instagram.png,https://www.tuconsultor.com/orbita/,,
835,,19:00,linkedin,"Tres normas. Un sistema. Cero duplicados.

9001, 14001 y 45001 comparten órbita.

Orbita · PM Tool: la ISO que no se oxida.
👉 https://www.tuconsultor.com/orbita/?utm_source=linkedin&utm_medium=social&utm_campaign=orbita&utm_content=b06

#ISO9001 #SistemasDeGestión #TuConsultor",https://www.tuconsultor.com/social-img/orbita/B06_linkedin.png,https://www.tuconsultor.com/orbita/,,
836,,19:00,instagram,"Tres normas. Un sistema. Cero duplicados.

9001, 14001 y 45001 comparten órbita.

Mantén tu ISO viva con Orbita · PM Tool.
Enlace en bio.

❤️ Gestión con corazón desde 2006.

#ISO9001 #SistemasDeGestión #TuConsultor #GestiónConCorazón #Orbita",https://www.tuconsultor.com/social-img/orbita/B06_instagram.png,https://www.tuconsultor.com/orbita/,,
837,,19:00,linkedin,"Delegar no es decirlo en la reunión. Es asignarlo, con fecha.

Y ver cuándo se hace.

Orbita · PM Tool: el mapa de procesos que ejecuta.
👉 https://www.tuconsultor.com/orbita/?utm_source=linkedin&utm_medium=social&utm_campaign=orbita&utm_content=c06

#Procesos #Productividad #TuConsultor",https://www.tuconsultor.com/social-img/orbita/C06_linkedin.png,https://www.tuconsultor.com/orbita/,,
838,,19:00,instagram,"Delegar no es decirlo en la reunión. Es asignarlo, con fecha.

Y ver cuándo se hace.

Procesos con tareas, responsables y plazos. En Orbita.
Enlace en bio.

❤️ Gestión con corazón desde 2006.

#Procesos #Productividad #TuConsultor #GestiónConCorazón #Orbita",https://www.tuconsultor.com/social-img/orbita/C06_instagram.png,https://www.tuconsultor.com/orbita/,,
839,,19:00,linkedin,"El porcentaje de avance real, no el que se dice en la reunión.

Calculado con lo que está hecho.

Tu cliente lo ve. Tú lo ves. Nadie pregunta.
👉 https://www.tuconsultor.com/orbita/?utm_source=linkedin&utm_medium=social&utm_campaign=orbita&utm_content=d06

#Dashboard #Dirección #TuConsultor",https://www.tuconsultor.com/social-img/orbita/D06_linkedin.png,https://www.tuconsultor.com/orbita/,,
840,,19:00,instagram,"El porcentaje de avance real, no el que se dice en la reunión.

Calculado con lo que está hecho.

Dashboard en tiempo real con Orbita · PM Tool.
Enlace en bio.

❤️ Gestión con corazón desde 2006.

#Dashboard #Dirección #TuConsultor #GestiónConCorazón #Orbita",https://www.tuconsultor.com/social-img/orbita/D06_instagram.png,https://www.tuconsultor.com/orbita/,,
841,,19:00,linkedin,"Sabes en qué semana estás y cuántas faltan.

Sin preguntarlo. Sin adivinarlo.

Certificación ordenada, no exprés. Con método TuConsultor.
👉 https://www.tuconsultor.com/orbita/?utm_source=linkedin&utm_medium=social&utm_campaign=orbita&utm_content=e06

#ISO9001 #Certificación #TuConsultor",https://www.tuconsultor.com/social-img/orbita/E06_linkedin.png,https://www.tuconsultor.com/orbita/,,
842,,19:00,instagram,"Sabes en qué semana estás y cuántas faltan.

Sin preguntarlo. Sin adivinarlo.

Tu ISO en semanas, en un portal controlado. TuConsultor + Orbita.
Enlace en bio.

❤️ Gestión con corazón desde 2006.

#ISO9001 #Certificación #TuConsultor #GestiónConCorazón #Orbita",https://www.tuconsultor.com/social-img/orbita/E06_instagram.png,https://www.tuconsultor.com/orbita/,,
843,,19:00,linkedin,"Veinte años implantando sistemas enseñan una cosa:

el modelo de trabajo importa más que la norma.

Un sistema que dura, no un certificado que caduca.
👉 https://www.tuconsultor.com/orbita/?utm_source=linkedin&utm_medium=social&utm_campaign=orbita&utm_content=f06

#SistemasDeGestión #Consultoría #TuConsultor",https://www.tuconsultor.com/social-img/orbita/F06_linkedin.png,https://www.tuconsultor.com/orbita/,,
844,,19:00,instagram,"Veinte años implantando sistemas enseñan una cosa:

el modelo de trabajo importa más que la norma.

Relación, Implicación o Compromiso: elige cuánto nos metemos.
Enlace en bio.

❤️ Gestión con corazón desde 2006.

#SistemasDeGestión #Consultoría #TuConsultor #GestiónConCorazón #Orbita",https://www.tuconsultor.com/social-img/orbita/F06_instagram.png,https://www.tuconsultor.com/orbita/,,
845,,19:00,linkedin,"Integrar no es tener más pestañas. Es tener menos preguntas.

Orbita une proyectos, procesos y evidencias.

Un portal. Todo dentro. Orbita · PM Tool.
👉 https://www.tuconsultor.com/orbita/?utm_source=linkedin&utm_medium=social&utm_campaign=orbita&utm_content=a07

#OrbitaPMTool #GestiónDeProyectos #TuConsultor",https://www.tuconsultor.com/social-img/orbita/A07_linkedin.png,https://www.tuconsultor.com/orbita/,,
846,,19:00,instagram,"Integrar no es tener más pestañas. Es tener menos preguntas.

Orbita une proyectos, procesos y evidencias.

Orbita · PM Tool, el portal de gestión de TuConsultor.
Enlace en bio.

❤️ Gestión con corazón desde 2006.

#OrbitaPMTool #GestiónDeProyectos #TuConsultor #GestiónConCorazón #Orbita",https://www.tuconsultor.com/social-img/orbita/A07_instagram.png,https://www.tuconsultor.com/orbita/,,
847,,19:00,linkedin,"La revisión por la dirección ya no se prepara. Se abre.

Los datos llevan meses acumulándose solos.

Orbita · PM Tool: la ISO que no se oxida.
👉 https://www.tuconsultor.com/orbita/?utm_source=linkedin&utm_medium=social&utm_campaign=orbita&utm_content=b07

#ISO9001 #SistemasDeGestión #TuConsultor",https://www.tuconsultor.com/social-img/orbita/B07_linkedin.png,https://www.tuconsultor.com/orbita/,,
848,,19:00,instagram,"La revisión por la dirección ya no se prepara. Se abre.

Los datos llevan meses acumulándose solos.

Mantén tu ISO viva con Orbita · PM Tool.
Enlace en bio.

❤️ Gestión con corazón desde 2006.

#ISO9001 #SistemasDeGestión #TuConsultor #GestiónConCorazón #Orbita",https://www.tuconsultor.com/social-img/orbita/B07_instagram.png,https://www.tuconsultor.com/orbita/,,
849,,19:00,linkedin,"Diez personas, treinta procesos, doscientas tareas.

Una pantalla. Ningún hilo de correo.

Orbita · PM Tool: el mapa de procesos que ejecuta.
👉 https://www.tuconsultor.com/orbita/?utm_source=linkedin&utm_medium=social&utm_campaign=orbita&utm_content=c07

#Procesos #Productividad #TuConsultor",https://www.tuconsultor.com/social-img/orbita/C07_linkedin.png,https://www.tuconsultor.com/orbita/,,
850,,19:00,instagram,"Diez personas, treinta procesos, doscientas tareas.

Una pantalla. Ningún hilo de correo.

Procesos con tareas, responsables y plazos. En Orbita.
Enlace en bio.

❤️ Gestión con corazón desde 2006.

#Procesos #Productividad #TuConsultor #GestiónConCorazón #Orbita",https://www.tuconsultor.com/social-img/orbita/C07_instagram.png,https://www.tuconsultor.com/orbita/,,
851,,19:00,linkedin,"Todos los proyectos en una pantalla. Los que van mal, primero.

Prioridad automática.

Tu cliente lo ve. Tú lo ves. Nadie pregunta.
👉 https://www.tuconsultor.com/orbita/?utm_source=linkedin&utm_medium=social&utm_campaign=orbita&utm_content=d07

#Dashboard #Dirección #TuConsultor",https://www.tuconsultor.com/social-img/orbita/D07_linkedin.png,https://www.tuconsultor.com/orbita/,,
852,,19:00,instagram,"Todos los proyectos en una pantalla. Los que van mal, primero.

Prioridad automática.

Dashboard en tiempo real con Orbita · PM Tool.
Enlace en bio.

❤️ Gestión con corazón desde 2006.

#Dashboard #Dirección #TuConsultor #GestiónConCorazón #Orbita",https://www.tuconsultor.com/social-img/orbita/D07_instagram.png,https://www.tuconsultor.com/orbita/,,
853,,19:00,linkedin,"Tu sistema, tu documentación, tus evidencias. En tu portal. Con control de acceso.

No en el ordenador de nadie.

Certificación ordenada, no exprés. Con método TuConsultor.
👉 https://www.tuconsultor.com/orbita/?utm_source=linkedin&utm_medium=social&utm_campaign=orbita&utm_content=e07

#ISO9001 #Certificación #TuConsultor",https://www.tuconsultor.com/social-img/orbita/E07_linkedin.png,https://www.tuconsultor.com/orbita/,,
854,,19:00,instagram,"Tu sistema, tu documentación, tus evidencias. En tu portal. Con control de acceso.

No en el ordenador de nadie.

Tu ISO en semanas, en un portal controlado. TuConsultor + Orbita.
Enlace en bio.

❤️ Gestión con corazón desde 2006.

#ISO9001 #Certificación #TuConsultor #GestiónConCorazón #Orbita",https://www.tuconsultor.com/social-img/orbita/E07_instagram.png,https://www.tuconsultor.com/orbita/,,
855,,19:00,linkedin,"9001, 14001, 45001, 27001, EFQM. Distintas normas, mismo portal.

Mismo modelo de trabajo.

Un sistema que dura, no un certificado que caduca.
👉 https://www.tuconsultor.com/orbita/?utm_source=linkedin&utm_medium=social&utm_campaign=orbita&utm_content=f07

#SistemasDeGestión #Consultoría #TuConsultor",https://www.tuconsultor.com/social-img/orbita/F07_linkedin.png,https://www.tuconsultor.com/orbita/,,
856,,19:00,instagram,"9001, 14001, 45001, 27001, EFQM. Distintas normas, mismo portal.

Mismo modelo de trabajo.

Relación, Implicación o Compromiso: elige cuánto nos metemos.
Enlace en bio.

❤️ Gestión con corazón desde 2006.

#SistemasDeGestión #Consultoría #TuConsultor #GestiónConCorazón #Orbita",https://www.tuconsultor.com/social-img/orbita/F07_instagram.png,https://www.tuconsultor.com/orbita/,,
857,,19:00,linkedin,"Cada herramienta nueva que añades resta una hora a la semana.

Una sola. Con todo dentro.

Un portal. Todo dentro. Orbita · PM Tool.
👉 https://www.tuconsultor.com/orbita/?utm_source=linkedin&utm_medium=social&utm_campaign=orbita&utm_content=a08

#OrbitaPMTool #GestiónDeProyectos #TuConsultor",https://www.tuconsultor.com/social-img/orbita/A08_linkedin.png,https://www.tuconsultor.com/orbita/,,
858,,19:00,instagram,"Cada herramienta nueva que añades resta una hora a la semana.

Una sola. Con todo dentro.

Orbita · PM Tool, el portal de gestión de TuConsultor.
Enlace en bio.

❤️ Gestión con corazón desde 2006.

#OrbitaPMTool #GestiónDeProyectos #TuConsultor #GestiónConCorazón #Orbita",https://www.tuconsultor.com/social-img/orbita/A08_instagram.png,https://www.tuconsultor.com/orbita/,,
859,,19:00,linkedin,"Indicadores que se actualizan solos son indicadores que se miran.

Los que se calculan a mano, no.

Orbita · PM Tool: la ISO que no se oxida.
👉 https://www.tuconsultor.com/orbita/?utm_source=linkedin&utm_medium=social&utm_campaign=orbita&utm_content=b08

#ISO9001 #SistemasDeGestión #TuConsultor",https://www.tuconsultor.com/social-img/orbita/B08_linkedin.png,https://www.tuconsultor.com/orbita/,,
860,,19:00,instagram,"Indicadores que se actualizan solos son indicadores que se miran.

Los que se calculan a mano, no.

Mantén tu ISO viva con Orbita · PM Tool.
Enlace en bio.

❤️ Gestión con corazón desde 2006.

#ISO9001 #SistemasDeGestión #TuConsultor #GestiónConCorazón #Orbita",https://www.tuconsultor.com/social-img/orbita/B08_instagram.png,https://www.tuconsultor.com/orbita/,,
861,,19:00,linkedin,"Cuando todo es urgente nada lo es.

Prioridad por proceso, no por quien más grita.

Orbita · PM Tool: el mapa de procesos que ejecuta.
👉 https://www.tuconsultor.com/orbita/?utm_source=linkedin&utm_medium=social&utm_campaign=orbita&utm_content=c08

#Procesos #Productividad #TuConsultor",https://www.tuconsultor.com/social-img/orbita/C08_linkedin.png,https://www.tuconsultor.com/orbita/,,
862,,19:00,instagram,"Cuando todo es urgente nada lo es.

Prioridad por proceso, no por quien más grita.

Procesos con tareas, responsables y plazos. En Orbita.
Enlace en bio.

❤️ Gestión con corazón desde 2006.

#Procesos #Productividad #TuConsultor #GestiónConCorazón #Orbita",https://www.tuconsultor.com/social-img/orbita/C08_instagram.png,https://www.tuconsultor.com/orbita/,,
863,,19:00,linkedin,"Hitos cumplidos, retrasados, en riesgo. En una sola vista.

Cada mañana, sin abrir un Excel.

Tu cliente lo ve. Tú lo ves. Nadie pregunta.
👉 https://www.tuconsultor.com/orbita/?utm_source=linkedin&utm_medium=social&utm_campaign=orbita&utm_content=d08

#Dashboard #Dirección #TuConsultor",https://www.tuconsultor.com/social-img/orbita/D08_linkedin.png,https://www.tuconsultor.com/orbita/,,
864,,19:00,instagram,"Hitos cumplidos, retrasados, en riesgo. En una sola vista.

Cada mañana, sin abrir un Excel.

Dashboard en tiempo real con Orbita · PM Tool.
Enlace en bio.

❤️ Gestión con corazón desde 2006.

#Dashboard #Dirección #TuConsultor #GestiónConCorazón #Orbita",https://www.tuconsultor.com/social-img/orbita/D08_instagram.png,https://www.tuconsultor.com/orbita/,,
865,,19:00,linkedin,"La certificación exprés no existe. La certificación ordenada, sí.

Semanas, no meses. Con método.

Certificación ordenada, no exprés. Con método TuConsultor.
👉 https://www.tuconsultor.com/orbita/?utm_source=linkedin&utm_medium=social&utm_campaign=orbita&utm_content=e08

#ISO9001 #Certificación #TuConsultor",https://www.tuconsultor.com/social-img/orbita/E08_linkedin.png,https://www.tuconsultor.com/orbita/,,
866,,19:00,instagram,"La certificación exprés no existe. La certificación ordenada, sí.

Semanas, no meses. Con método.

Tu ISO en semanas, en un portal controlado. TuConsultor + Orbita.
Enlace en bio.

❤️ Gestión con corazón desde 2006.

#ISO9001 #Certificación #TuConsultor #GestiónConCorazón #Orbita",https://www.tuconsultor.com/social-img/orbita/E08_instagram.png,https://www.tuconsultor.com/orbita/,,
867,,19:00,linkedin,"Implicación: reuniones semanales, hitos compartidos, portal común.

Ni más ni menos de lo que necesitas.

Un sistema que dura, no un certificado que caduca.
👉 https://www.tuconsultor.com/orbita/?utm_source=linkedin&utm_medium=social&utm_campaign=orbita&utm_content=f08

#SistemasDeGestión #Consultoría #TuConsultor",https://www.tuconsultor.com/social-img/orbita/F08_linkedin.png,https://www.tuconsultor.com/orbita/,,
868,,19:00,instagram,"Implicación: reuniones semanales, hitos compartidos, portal común.

Ni más ni menos de lo que necesitas.

Relación, Implicación o Compromiso: elige cuánto nos metemos.
Enlace en bio.

❤️ Gestión con corazón desde 2006.

#SistemasDeGestión #Consultoría #TuConsultor #GestiónConCorazón #Orbita",https://www.tuconsultor.com/social-img/orbita/F08_instagram.png,https://www.tuconsultor.com/orbita/,,
869,,19:00,linkedin,"El correo no es un gestor de proyectos. Nunca lo fue.

Orbita · PM Tool sí.

Un portal. Todo dentro. Orbita · PM Tool.
👉 https://www.tuconsultor.com/orbita/?utm_source=linkedin&utm_medium=social&utm_campaign=orbita&utm_content=a09

#OrbitaPMTool #GestiónDeProyectos #TuConsultor",https://www.tuconsultor.com/social-img/orbita/A09_linkedin.png,https://www.tuconsultor.com/orbita/,,
870,,19:00,instagram,"El correo no es un gestor de proyectos. Nunca lo fue.

Orbita · PM Tool sí.

Orbita · PM Tool, el portal de gestión de TuConsultor.
Enlace en bio.

❤️ Gestión con corazón desde 2006.

#OrbitaPMTool #GestiónDeProyectos #TuConsultor #GestiónConCorazón #Orbita",https://www.tuconsultor.com/social-img/orbita/A09_instagram.png,https://www.tuconsultor.com/orbita/,,
871,,19:00,linkedin,"El auditor pregunta. Tú le enseñas la pantalla.

Y se acaba la conversación.

Orbita · PM Tool: la ISO que no se oxida.
👉 https://www.tuconsultor.com/orbita/?utm_source=linkedin&utm_medium=social&utm_campaign=orbita&utm_content=b09

#ISO9001 #SistemasDeGestión #TuConsultor",https://www.tuconsultor.com/social-img/orbita/B09_linkedin.png,https://www.tuconsultor.com/orbita/,,
872,,19:00,instagram,"El auditor pregunta. Tú le enseñas la pantalla.

Y se acaba la conversación.

Mantén tu ISO viva con Orbita · PM Tool.
Enlace en bio.

❤️ Gestión con corazón desde 2006.

#ISO9001 #SistemasDeGestión #TuConsultor #GestiónConCorazón #Orbita",https://www.tuconsultor.com/social-img/orbita/B09_instagram.png,https://www.tuconsultor.com/orbita/,,
873,,19:00,linkedin,"Lo que se mide con semáforo se hace antes del rojo.

Verde, ámbar, rojo. Y ya.

Orbita · PM Tool: el mapa de procesos que ejecuta.
👉 https://www.tuconsultor.com/orbita/?utm_source=linkedin&utm_medium=social&utm_campaign=orbita&utm_content=c09

#Procesos #Productividad #TuConsultor",https://www.tuconsultor.com/social-img/orbita/C09_linkedin.png,https://www.tuconsultor.com/orbita/,,
874,,19:00,instagram,"Lo que se mide con semáforo se hace antes del rojo.

Verde, ámbar, rojo. Y ya.

Procesos con tareas, responsables y plazos. En Orbita.
Enlace en bio.

❤️ Gestión con corazón desde 2006.

#Procesos #Productividad #TuConsultor #GestiónConCorazón #Orbita",https://www.tuconsultor.com/social-img/orbita/C09_instagram.png,https://www.tuconsultor.com/orbita/,,
875,,19:00,linkedin,"Dirección no quiere leer informes. Quiere ver semáforos.

Dashboard para quien decide.

Tu cliente lo ve. Tú lo ves. Nadie pregunta.
👉 https://www.tuconsultor.com/orbita/?utm_source=linkedin&utm_medium=social&utm_campaign=orbita&utm_content=d09

#Dashboard #Dirección #TuConsultor",https://www.tuconsultor.com/social-img/orbita/D09_linkedin.png,https://www.tuconsultor.com/orbita/,,
876,,19:00,instagram,"Dirección no quiere leer informes. Quiere ver semáforos.

Dashboard para quien decide.

Dashboard en tiempo real con Orbita · PM Tool.
Enlace en bio.

❤️ Gestión con corazón desde 2006.

#Dashboard #Dirección #TuConsultor #GestiónConCorazón #Orbita",https://www.tuconsultor.com/social-img/orbita/D09_instagram.png,https://www.tuconsultor.com/orbita/,,
877,,19:00,linkedin,"Cada semana un hito cerrado. Cada hito con evidencia.

Y la auditoría deja de dar miedo.

Certificación ordenada, no exprés. Con método TuConsultor.
👉 https://www.tuconsultor.com/orbita/?utm_source=linkedin&utm_medium=social&utm_campaign=orbita&utm_content=e09

#ISO9001 #Certificación #TuConsultor",https://www.tuconsultor.com/social-img/orbita/E09_linkedin.png,https://www.tuconsultor.com/orbita/,,
878,,19:00,instagram,"Cada semana un hito cerrado. Cada hito con evidencia.

Y la auditoría deja de dar miedo.

Tu ISO en semanas, en un portal controlado. TuConsultor + Orbita.
Enlace en bio.

❤️ Gestión con corazón desde 2006.

#ISO9001 #Certificación #TuConsultor #GestiónConCorazón #Orbita",https://www.tuconsultor.com/social-img/orbita/E09_instagram.png,https://www.tuconsultor.com/orbita/,,
879,,19:00,linkedin,"Compromiso es que respondemos del sistema en la auditoría.

Contigo. En la sala.

Un sistema que dura, no un certificado que caduca.
👉 https://www.tuconsultor.com/orbita/?utm_source=linkedin&utm_medium=social&utm_campaign=orbita&utm_content=f09

#SistemasDeGestión #Consultoría #TuConsultor",https://www.tuconsultor.com/social-img/orbita/F09_linkedin.png,https://www.tuconsultor.com/orbita/,,
880,,19:00,instagram,"Compromiso es que respondemos del sistema en la auditoría.

Contigo. En la sala.

Relación, Implicación o Compromiso: elige cuánto nos metemos.
Enlace en bio.

❤️ Gestión con corazón desde 2006.

#SistemasDeGestión #Consultoría #TuConsultor #GestiónConCorazón #Orbita",https://www.tuconsultor.com/social-img/orbita/F09_instagram.png,https://www.tuconsultor.com/orbita/,,
881,,19:00,linkedin,"Lo que no está en el portal no existe.

Y eso es exactamente lo que quieres.

Un portal. Todo dentro. Orbita · PM Tool.
👉 https://www.tuconsultor.com/orbita/?utm_source=linkedin&utm_medium=social&utm_campaign=orbita&utm_content=a10

#OrbitaPMTool #GestiónDeProyectos #TuConsultor",https://www.tuconsultor.com/social-img/orbita/A10_linkedin.png,https://www.tuconsultor.com/orbita/,,
882,,19:00,instagram,"Lo que no está en el portal no existe.

Y eso es exactamente lo que quieres.

Orbita · PM Tool, el portal de gestión de TuConsultor.
Enlace en bio.

❤️ Gestión con corazón desde 2006.

#OrbitaPMTool #GestiónDeProyectos #TuConsultor #GestiónConCorazón #Orbita",https://www.tuconsultor.com/social-img/orbita/A10_instagram.png,https://www.tuconsultor.com/orbita/,,
883,,19:00,linkedin,"Tu certificado se renueva cada tres años. Tu sistema, cada semana.

O no es un sistema.

Orbita · PM Tool: la ISO que no se oxida.
👉 https://www.tuconsultor.com/orbita/?utm_source=linkedin&utm_medium=social&utm_campaign=orbita&utm_content=b10

#ISO9001 #SistemasDeGestión #TuConsultor",https://www.tuconsultor.com/social-img/orbita/B10_linkedin.png,https://www.tuconsultor.com/orbita/,,
884,,19:00,instagram,"Tu certificado se renueva cada tres años. Tu sistema, cada semana.

O no es un sistema.

Mantén tu ISO viva con Orbita · PM Tool.
Enlace en bio.

❤️ Gestión con corazón desde 2006.

#ISO9001 #SistemasDeGestión #TuConsultor #GestiónConCorazón #Orbita",https://www.tuconsultor.com/social-img/orbita/B10_instagram.png,https://www.tuconsultor.com/orbita/,,
PV001,01/09/2026,08:30,linkedin,"Abrimos la IV edición de los Premios Vanguardistas. Reconocemos proyectos, no trayectorias: iniciativas concretas que un equipo sacó adelante en 2025 o 2026 y que cambiaron algo dentro de su organización. Cuatro ámbitos, tres categorías y un premio especial por nuestro XX aniversario. El plazo se cierra el 30 de octubre. Presenta tu candidatura.

👉 Presenta tu candidatura: https://es.surveymonkey.com/r/VANGUARDISTAS_IV_EDICION

#PremiosVanguardistas #TuConsultor",https://www.tuconsultor.com/premios/creatividades/pv-2026-09-01-convocatoria.jpg,https://es.surveymonkey.com/r/VANGUARDISTAS_IV_EDICION,,
PV002,01/09/2026,12:30,instagram,"Abrimos la IV edición de los Premios Vanguardistas. Reconocemos proyectos, no trayectorias: iniciativas concretas que un equipo sacó adelante en 2025 o 2026 y que cambiaron algo dentro de su organización. Cuatro ámbitos, tres categorías y un premio especial por nuestro XX aniversario. El plazo se cierra el 30 de octubre.

📎 Bases y formulario: enlace en bio.
❤️ Gestión con corazón desde 2006.

#PremiosVanguardistas #TuConsultor #GestiónConCorazón",https://www.tuconsultor.com/premios/creatividades/pv-2026-09-01-convocatoria.jpg,https://es.surveymonkey.com/r/VANGUARDISTAS_IV_EDICION,,
PV003,02/09/2026,08:30,linkedin,"Primera de las cinco preguntas: el eslogan de vuestra buena práctica. Es lo primero que lee el jurado y marca el espíritu del proyecto, así que merece un rato. No busquéis un título técnico: buscad el que resuma por qué aquello importaba. Las otras cuatro se responden en unos siete minutos.

👉 Presenta tu candidatura: https://es.surveymonkey.com/r/VANGUARDISTAS_IV_EDICION

#PremiosVanguardistas #TuConsultor",https://www.tuconsultor.com/premios/creatividades/pv-2026-09-02-consejo.jpg,https://es.surveymonkey.com/r/VANGUARDISTAS_IV_EDICION,,
PV004,02/09/2026,12:30,instagram,"Primera de las cinco preguntas: el eslogan de vuestra buena práctica. Es lo primero que lee el jurado y marca el espíritu del proyecto, así que merece un rato. No busquéis un título técnico: buscad el que resuma por qué aquello importaba. Las otras cuatro se responden en unos siete minutos.

📎 Bases y formulario: enlace en bio.
❤️ Gestión con corazón desde 2006.

#PremiosVanguardistas #TuConsultor #GestiónConCorazón",https://www.tuconsultor.com/premios/creatividades/pv-2026-09-02-consejo.jpg,https://es.surveymonkey.com/r/VANGUARDISTAS_IV_EDICION,,
PV005,03/09/2026,08:30,linkedin,"El Hospital Universitario Puerta de Hierro Majadahonda ha sido premiado en las tres ediciones anteriores de los Premios Vanguardistas. Tres años seguidos presentando proyectos distintos, porque lo que se premia es el proyecto, no la organización. La cuarta edición está abierta hasta el 30 de octubre.

👉 Presenta tu candidatura: https://es.surveymonkey.com/r/VANGUARDISTAS_IV_EDICION

#PremiosVanguardistas #TuConsultor",https://www.tuconsultor.com/premios/creatividades/pv-2026-09-03-caso.jpg,https://es.surveymonkey.com/r/VANGUARDISTAS_IV_EDICION,,
PV006,03/09/2026,12:30,instagram,"El Hospital Universitario Puerta de Hierro Majadahonda ha sido premiado en las tres ediciones anteriores de los Premios Vanguardistas. Tres años seguidos presentando proyectos distintos, porque lo que se premia es el proyecto, no la organización. La cuarta edición está abierta hasta el 30 de octubre.

📎 Bases y formulario: enlace en bio.
❤️ Gestión con corazón desde 2006.

#PremiosVanguardistas #TuConsultor #GestiónConCorazón",https://www.tuconsultor.com/premios/creatividades/pv-2026-09-03-caso.jpg,https://es.surveymonkey.com/r/VANGUARDISTAS_IV_EDICION,,
PV007,04/09/2026,08:30,linkedin,"Cómo se evalúan las candidaturas. Un jurado de profesionales de la gestión, sin vinculación con los proyectos presentados, con compromiso de confidencialidad e imparcialidad. Tres criterios: replicabilidad, innovación y resultados. Y algo que conviene saber antes de decidir si presentarse: todas las candidaturas reciben su informe de evaluación, ganen o no.

👉 Presenta tu candidatura: https://es.surveymonkey.com/r/VANGUARDISTAS_IV_EDICION

#PremiosVanguardistas #TuConsultor",https://www.tuconsultor.com/premios/creatividades/pv-2026-09-04-evaluacion.jpg,https://es.surveymonkey.com/r/VANGUARDISTAS_IV_EDICION,,
PV008,04/09/2026,12:30,instagram,"Cómo se evalúan las candidaturas. Un jurado de profesionales de la gestión, sin vinculación con los proyectos presentados, con compromiso de confidencialidad e imparcialidad. Tres criterios: replicabilidad, innovación y resultados. Y algo que conviene saber antes de decidir si presentarse: todas las candidaturas reciben su informe de evaluación, ganen o no.

📎 Bases y formulario: enlace en bio.
❤️ Gestión con corazón desde 2006.

#PremiosVanguardistas #TuConsultor #GestiónConCorazón",https://www.tuconsultor.com/premios/creatividades/pv-2026-09-04-evaluacion.jpg,https://es.surveymonkey.com/r/VANGUARDISTAS_IV_EDICION,,
PV009,05/09/2026,11:00,linkedin,"De nuestras galas anteriores: Hospital Universitario Puerta de Hierro Majadahonda, premiado en las tres ediciones anteriores de los Premios Vanguardistas. Las tres ediciones celebradas hasta ahora se han entregado en el Club Financiero Génova, con 17 premios y 15 menciones en total. La IV edición está abierta hasta el 30 de octubre.

👉 Consulta las bases: https://www.tuconsultor.com/premios/

#PremiosVanguardistas #TuConsultor",https://www.tuconsultor.com/premios/creatividades/pv-2026-09-05-ambiente.jpg,https://www.tuconsultor.com/premios/,,
PV010,05/09/2026,12:30,instagram,"De nuestras galas anteriores: Hospital Universitario Puerta de Hierro Majadahonda, premiado en las tres ediciones anteriores de los Premios Vanguardistas. Las tres ediciones celebradas hasta ahora se han entregado en el Club Financiero Génova, con 17 premios y 15 menciones en total. La IV edición está abierta hasta el 30 de octubre.

📎 Bases y formulario: enlace en bio.
❤️ Gestión con corazón desde 2006.

#PremiosVanguardistas #TuConsultor #GestiónConCorazón",https://www.tuconsultor.com/premios/creatividades/pv-2026-09-05-ambiente.jpg,https://www.tuconsultor.com/premios/,,
PV011,06/09/2026,11:00,linkedin,"De nuestras galas anteriores: APRAMP, premio en la I y en la III edición de los Premios Vanguardistas. Las tres ediciones celebradas hasta ahora se han entregado en el Club Financiero Génova, con 17 premios y 15 menciones en total. Las candidaturas de la IV edición se cierran el 30 de octubre.

👉 Consulta las bases: https://www.tuconsultor.com/premios/

#PremiosVanguardistas #TuConsultor",https://www.tuconsultor.com/premios/creatividades/pv-2026-09-06-ambiente.jpg,https://www.tuconsultor.com/premios/,,
PV012,06/09/2026,12:30,instagram,"De nuestras galas anteriores: APRAMP, premio en la I y en la III edición de los Premios Vanguardistas. Las tres ediciones celebradas hasta ahora se han entregado en el Club Financiero Génova, con 17 premios y 15 menciones en total. Las candidaturas de la IV edición se cierran el 30 de octubre.

📎 Bases y formulario: enlace en bio.
❤️ Gestión con corazón desde 2006.

#PremiosVanguardistas #TuConsultor #GestiónConCorazón",https://www.tuconsultor.com/premios/creatividades/pv-2026-09-06-ambiente.jpg,https://www.tuconsultor.com/premios/,,
PV013,07/09/2026,08:30,linkedin,"Primer ámbito: estrategia e innovación. Proyectos que cambian el rumbo o la forma de decidir de la organización. Un plan que se replanteó, un comité que empezó a decidir con otros datos, una cartera de servicios revisada de arriba abajo. Si aquello cambió cómo decidís, va en este ámbito.

👉 Presenta tu candidatura: https://es.surveymonkey.com/r/VANGUARDISTAS_IV_EDICION

#PremiosVanguardistas #TuConsultor",https://www.tuconsultor.com/premios/creatividades/pv-2026-09-07-ambito.jpg,https://es.surveymonkey.com/r/VANGUARDISTAS_IV_EDICION,,
PV014,07/09/2026,12:30,instagram,"Primer ámbito: estrategia e innovación. Proyectos que cambian el rumbo o la forma de decidir de la organización. Un plan que se replanteó, un comité que empezó a decidir con otros datos, una cartera de servicios revisada de arriba abajo. Si aquello cambió cómo decidís, va en este ámbito.

📎 Bases y formulario: enlace en bio.
❤️ Gestión con corazón desde 2006.

#PremiosVanguardistas #TuConsultor #GestiónConCorazón",https://www.tuconsultor.com/premios/creatividades/pv-2026-09-07-ambito.jpg,https://es.surveymonkey.com/r/VANGUARDISTAS_IV_EDICION,,
PV015,08/09/2026,08:30,linkedin,"Segunda pregunta: para qué y por qué. Aquí no toca contar lo que hicisteis, sino qué queríais cambiar. Qué necesidad de vuestros grupos de interés estabais atendiendo y a qué tendencia de fondo respondíais. Un proyecto se entiende mucho mejor cuando se sabe de qué problema salió.

👉 Presenta tu candidatura: https://es.surveymonkey.com/r/VANGUARDISTAS_IV_EDICION

#PremiosVanguardistas #TuConsultor",https://www.tuconsultor.com/premios/creatividades/pv-2026-09-08-consejo.jpg,https://es.surveymonkey.com/r/VANGUARDISTAS_IV_EDICION,,
PV016,08/09/2026,12:30,instagram,"Segunda pregunta: para qué y por qué. Aquí no toca contar lo que hicisteis, sino qué queríais cambiar. Qué necesidad de vuestros grupos de interés estabais atendiendo y a qué tendencia de fondo respondíais. Un proyecto se entiende mucho mejor cuando se sabe de qué problema salió.

📎 Bases y formulario: enlace en bio.
❤️ Gestión con corazón desde 2006.

#PremiosVanguardistas #TuConsultor #GestiónConCorazón",https://www.tuconsultor.com/premios/creatividades/pv-2026-09-08-consejo.jpg,https://es.surveymonkey.com/r/VANGUARDISTAS_IV_EDICION,,
PV017,09/09/2026,08:30,linkedin,"APRAMP obtuvo premio en la I y en la III edición de los Premios Vanguardistas. Dos ediciones, dos proyectos. Es un buen recordatorio de que estos premios no van de tamaño ni de presupuesto: van de haber cambiado algo y poder contarlo con resultados. Plazo abierto hasta el 30 de octubre.

👉 Presenta tu candidatura: https://es.surveymonkey.com/r/VANGUARDISTAS_IV_EDICION

#PremiosVanguardistas #TuConsultor",https://www.tuconsultor.com/premios/creatividades/pv-2026-09-09-caso.jpg,https://es.surveymonkey.com/r/VANGUARDISTAS_IV_EDICION,,
PV018,09/09/2026,12:30,instagram,"APRAMP obtuvo premio en la I y en la III edición de los Premios Vanguardistas. Dos ediciones, dos proyectos. Es un buen recordatorio de que estos premios no van de tamaño ni de presupuesto: van de haber cambiado algo y poder contarlo con resultados. Plazo abierto hasta el 30 de octubre.

📎 Bases y formulario: enlace en bio.
❤️ Gestión con corazón desde 2006.

#PremiosVanguardistas #TuConsultor #GestiónConCorazón",https://www.tuconsultor.com/premios/creatividades/pv-2026-09-09-caso.jpg,https://es.surveymonkey.com/r/VANGUARDISTAS_IV_EDICION,,
PV019,10/09/2026,08:30,linkedin,"Primer criterio: replicabilidad. Hasta qué punto otra organización podría llevar a cabo vuestro proyecto. No penaliza que fuera difícil; penaliza que solo pudierais hacerlo vosotros por circunstancias irrepetibles. Contad la metodología con detalle —qué pasos, en qué orden, con quién— y ese criterio se defiende solo. Es justo lo que pregunta el bloque «¿cómo?» del formulario.

👉 Presenta tu candidatura: https://es.surveymonkey.com/r/VANGUARDISTAS_IV_EDICION

#PremiosVanguardistas #TuConsultor",https://www.tuconsultor.com/premios/creatividades/pv-2026-09-10-evaluacion.jpg,https://es.surveymonkey.com/r/VANGUARDISTAS_IV_EDICION,,
PV020,10/09/2026,12:30,instagram,"Primer criterio: replicabilidad. Hasta qué punto otra organización podría llevar a cabo vuestro proyecto. No penaliza que fuera difícil; penaliza que solo pudierais hacerlo vosotros por circunstancias irrepetibles. Contad la metodología con detalle —qué pasos, en qué orden, con quién— y ese criterio se defiende solo. Es justo lo que pregunta el bloque «¿cómo?» del formulario.

📎 Bases y formulario: enlace en bio.
❤️ Gestión con corazón desde 2006.

#PremiosVanguardistas #TuConsultor #GestiónConCorazón",https://www.tuconsultor.com/premios/creatividades/pv-2026-09-10-evaluacion.jpg,https://es.surveymonkey.com/r/VANGUARDISTAS_IV_EDICION,,
PV021,11/09/2026,08:30,linkedin,"Este año TuConsultor cumple 20 años. Veinte años de proyectos de consultoría, evaluación y formación con organizaciones de todo tipo, y el privilegio de conocer a más de 150 al año. De ahí salieron estos premios: de ver cuánta gente estaba haciendo cosas que nadie contaba fuera.

👉 Presenta tu candidatura: https://es.surveymonkey.com/r/VANGUARDISTAS_IV_EDICION

#PremiosVanguardistas #TuConsultor #XXAniversario",https://www.tuconsultor.com/premios/creatividades/pv-2026-09-11-aniversario.jpg,https://es.surveymonkey.com/r/VANGUARDISTAS_IV_EDICION,,
PV022,11/09/2026,12:30,instagram,"Este año TuConsultor cumple 20 años. Veinte años de proyectos de consultoría, evaluación y formación con organizaciones de todo tipo, y el privilegio de conocer a más de 150 al año. De ahí salieron estos premios: de ver cuánta gente estaba haciendo cosas que nadie contaba fuera.

📎 Bases y formulario: enlace en bio.
❤️ Gestión con corazón desde 2006.

#PremiosVanguardistas #TuConsultor #XXAniversario #GestiónConCorazón",https://www.tuconsultor.com/premios/creatividades/pv-2026-09-11-aniversario.jpg,https://es.surveymonkey.com/r/VANGUARDISTAS_IV_EDICION,,
PV023,12/09/2026,11:00,linkedin,"De nuestras galas anteriores: Hospital Universitario de El Escorial, premio en la I y en la III edición de los Premios Vanguardistas. Las tres ediciones celebradas hasta ahora se han entregado en el Club Financiero Génova, con 17 premios y 15 menciones en total. Podéis presentar la vuestra hasta el 30 de octubre.

👉 Consulta las bases: https://www.tuconsultor.com/premios/

#PremiosVanguardistas #TuConsultor",https://www.tuconsultor.com/premios/creatividades/pv-2026-09-12-ambiente.jpg,https://www.tuconsultor.com/premios/,,
PV024,12/09/2026,12:30,instagram,"De nuestras galas anteriores: Hospital Universitario de El Escorial, premio en la I y en la III edición de los Premios Vanguardistas. Las tres ediciones celebradas hasta ahora se han entregado en el Club Financiero Génova, con 17 premios y 15 menciones en total. Podéis presentar la vuestra hasta el 30 de octubre.

📎 Bases y formulario: enlace en bio.
❤️ Gestión con corazón desde 2006.

#PremiosVanguardistas #TuConsultor #GestiónConCorazón",https://www.tuconsultor.com/premios/creatividades/pv-2026-09-12-ambiente.jpg,https://www.tuconsultor.com/premios/,,
PV025,13/09/2026,11:00,linkedin,"De nuestras galas anteriores: Fundación Generation Spain, mención en la I edición y premio en la III de los Premios Vanguardistas. Las tres ediciones celebradas hasta ahora se han entregado en el Club Financiero Génova, con 17 premios y 15 menciones en total. El plazo de esta cuarta edición termina el 30 de octubre.

👉 Consulta las bases: https://www.tuconsultor.com/premios/

#PremiosVanguardistas #TuConsultor",https://www.tuconsultor.com/premios/creatividades/pv-2026-09-13-ambiente.jpg,https://www.tuconsultor.com/premios/,,
PV026,13/09/2026,12:30,instagram,"De nuestras galas anteriores: Fundación Generation Spain, mención en la I edición y premio en la III de los Premios Vanguardistas. Las tres ediciones celebradas hasta ahora se han entregado en el Club Financiero Génova, con 17 premios y 15 menciones en total. El plazo de esta cuarta edición termina el 30 de octubre.

📎 Bases y formulario: enlace en bio.
❤️ Gestión con corazón desde 2006.

#PremiosVanguardistas #TuConsultor #GestiónConCorazón",https://www.tuconsultor.com/premios/creatividades/pv-2026-09-13-ambiente.jpg,https://www.tuconsultor.com/premios/,,
PV027,14/09/2026,08:30,linkedin,"Tercera pregunta: el cómo. Las fases importan, pero lo que de verdad marca la diferencia es la metodología. Cómo decidisteis, a quién metisteis en la sala, qué hicisteis cuando algo se atascó. Es la parte que permite a otra organización repetirlo, y la replicabilidad es uno de los tres criterios.

👉 Presenta tu candidatura: https://es.surveymonkey.com/r/VANGUARDISTAS_IV_EDICION

#PremiosVanguardistas #TuConsultor",https://www.tuconsultor.com/premios/creatividades/pv-2026-09-14-consejo.jpg,https://es.surveymonkey.com/r/VANGUARDISTAS_IV_EDICION,,
PV028,14/09/2026,12:30,instagram,"Tercera pregunta: el cómo. Las fases importan, pero lo que de verdad marca la diferencia es la metodología. Cómo decidisteis, a quién metisteis en la sala, qué hicisteis cuando algo se atascó. Es la parte que permite a otra organización repetirlo, y la replicabilidad es uno de los tres criterios.

📎 Bases y formulario: enlace en bio.
❤️ Gestión con corazón desde 2006.

#PremiosVanguardistas #TuConsultor #GestiónConCorazón",https://www.tuconsultor.com/premios/creatividades/pv-2026-09-14-consejo.jpg,https://es.surveymonkey.com/r/VANGUARDISTAS_IV_EDICION,,
PV029,15/09/2026,08:30,linkedin,"El Hospital Universitario de El Escorial fue premiado en la I y en la III edición. En sanidad pública se presentan muchos de los proyectos que mejor resisten los tres criterios: replicabilidad, innovación y resultados. La convocatoria de este año cierra el 30 de octubre.

👉 Presenta tu candidatura: https://es.surveymonkey.com/r/VANGUARDISTAS_IV_EDICION

#PremiosVanguardistas #TuConsultor",https://www.tuconsultor.com/premios/creatividades/pv-2026-09-15-caso.jpg,https://es.surveymonkey.com/r/VANGUARDISTAS_IV_EDICION,,
PV030,15/09/2026,12:30,instagram,"El Hospital Universitario de El Escorial fue premiado en la I y en la III edición. En sanidad pública se presentan muchos de los proyectos que mejor resisten los tres criterios: replicabilidad, innovación y resultados. La convocatoria de este año cierra el 30 de octubre.

📎 Bases y formulario: enlace en bio.
❤️ Gestión con corazón desde 2006.

#PremiosVanguardistas #TuConsultor #GestiónConCorazón",https://www.tuconsultor.com/premios/creatividades/pv-2026-09-15-caso.jpg,https://es.surveymonkey.com/r/VANGUARDISTAS_IV_EDICION,,
PV031,16/09/2026,08:30,linkedin,"Segundo criterio: innovación. No hace falta que nadie lo haya hecho nunca; hace falta que suponga un cambio respecto a lo que vosotros hacíais antes. Muchos proyectos que sus equipos consideran «poco innovadores» puntúan bien aquí, precisamente porque el punto de partida se explica.

👉 Presenta tu candidatura: https://es.surveymonkey.com/r/VANGUARDISTAS_IV_EDICION

#PremiosVanguardistas #TuConsultor",https://www.tuconsultor.com/premios/creatividades/pv-2026-09-16-evaluacion.jpg,https://es.surveymonkey.com/r/VANGUARDISTAS_IV_EDICION,,
PV032,16/09/2026,12:30,instagram,"Segundo criterio: innovación. No hace falta que nadie lo haya hecho nunca; hace falta que suponga un cambio respecto a lo que vosotros hacíais antes. Muchos proyectos que sus equipos consideran «poco innovadores» puntúan bien aquí, precisamente porque el punto de partida se explica.

📎 Bases y formulario: enlace en bio.
❤️ Gestión con corazón desde 2006.

#PremiosVanguardistas #TuConsultor #GestiónConCorazón",https://www.tuconsultor.com/premios/creatividades/pv-2026-09-16-evaluacion.jpg,https://es.surveymonkey.com/r/VANGUARDISTAS_IV_EDICION,,
PV033,17/09/2026,08:30,linkedin,"Uno de nuestros hitos: nos adelantamos a la transformación digital. Antes de la pandemia ya teníamos totalmente digitalizada la relación con nuestros clientes y con nuestro equipo. Esa forma de ir por delante es lo que buscamos premiar en otras organizaciones. IV edición, abierta hasta el 30 de octubre.

👉 Presenta tu candidatura: https://es.surveymonkey.com/r/VANGUARDISTAS_IV_EDICION

#PremiosVanguardistas #TuConsultor #XXAniversario",https://www.tuconsultor.com/premios/creatividades/pv-2026-09-17-aniversario.jpg,https://es.surveymonkey.com/r/VANGUARDISTAS_IV_EDICION,,
PV034,17/09/2026,12:30,instagram,"Uno de nuestros hitos: nos adelantamos a la transformación digital. Antes de la pandemia ya teníamos totalmente digitalizada la relación con nuestros clientes y con nuestro equipo. Esa forma de ir por delante es lo que buscamos premiar en otras organizaciones. IV edición, abierta hasta el 30 de octubre.

📎 Bases y formulario: enlace en bio.
❤️ Gestión con corazón desde 2006.

#PremiosVanguardistas #TuConsultor #XXAniversario #GestiónConCorazón",https://www.tuconsultor.com/premios/creatividades/pv-2026-09-17-aniversario.jpg,https://es.surveymonkey.com/r/VANGUARDISTAS_IV_EDICION,,
PV035,18/09/2026,08:30,linkedin,"El plazo sigue abierto. Tres condiciones para el proyecto que presentéis: que sea de 2025 o 2026, que otra organización pudiera repetirlo, que aporte algo distinto a lo que ya hacíais y que tenga resultados. Si lo que hicisteis cumple eso, tenéis candidatura. Cierra el 30 de octubre.

👉 Presenta tu candidatura: https://es.surveymonkey.com/r/VANGUARDISTAS_IV_EDICION

#PremiosVanguardistas #TuConsultor",https://www.tuconsultor.com/premios/creatividades/pv-2026-09-18-convocatoria.jpg,https://es.surveymonkey.com/r/VANGUARDISTAS_IV_EDICION,,
PV036,18/09/2026,12:30,instagram,"El plazo sigue abierto. Tres condiciones para el proyecto que presentéis: que sea de 2025 o 2026, que otra organización pudiera repetirlo, que aporte algo distinto a lo que ya hacíais y que tenga resultados. Si lo que hicisteis cumple eso, tenéis candidatura. Cierra el 30 de octubre.

📎 Bases y formulario: enlace en bio.
❤️ Gestión con corazón desde 2006.

#PremiosVanguardistas #TuConsultor #GestiónConCorazón",https://www.tuconsultor.com/premios/creatividades/pv-2026-09-18-convocatoria.jpg,https://es.surveymonkey.com/r/VANGUARDISTAS_IV_EDICION,,
PV037,19/09/2026,11:00,linkedin,"De nuestras galas anteriores: AIMPLAS, premio en la II edición de los Premios Vanguardistas. Las tres ediciones celebradas hasta ahora se han entregado en el Club Financiero Génova, con 17 premios y 15 menciones en total. La IV edición está abierta hasta el 30 de octubre.

👉 Consulta las bases: https://www.tuconsultor.com/premios/

#PremiosVanguardistas #TuConsultor",https://www.tuconsultor.com/premios/creatividades/pv-2026-09-19-ambiente.jpg,https://www.tuconsultor.com/premios/,,
PV038,19/09/2026,12:30,instagram,"De nuestras galas anteriores: AIMPLAS, premio en la II edición de los Premios Vanguardistas. Las tres ediciones celebradas hasta ahora se han entregado en el Club Financiero Génova, con 17 premios y 15 menciones en total. La IV edición está abierta hasta el 30 de octubre.

📎 Bases y formulario: enlace en bio.
❤️ Gestión con corazón desde 2006.

#PremiosVanguardistas #TuConsultor #GestiónConCorazón",https://www.tuconsultor.com/premios/creatividades/pv-2026-09-19-ambiente.jpg,https://www.tuconsultor.com/premios/,,
PV039,20/09/2026,11:00,linkedin,"De nuestras galas anteriores: Asociación Nuevo Horizonte, premio en la II edición de los Premios Vanguardistas. Las tres ediciones celebradas hasta ahora se han entregado en el Club Financiero Génova, con 17 premios y 15 menciones en total. Las candidaturas de la IV edición se cierran el 30 de octubre.

👉 Consulta las bases: https://www.tuconsultor.com/premios/

#PremiosVanguardistas #TuConsultor",https://www.tuconsultor.com/premios/creatividades/pv-2026-09-20-ambiente.jpg,https://www.tuconsultor.com/premios/,,
PV040,20/09/2026,12:30,instagram,"De nuestras galas anteriores: Asociación Nuevo Horizonte, premio en la II edición de los Premios Vanguardistas. Las tres ediciones celebradas hasta ahora se han entregado en el Club Financiero Génova, con 17 premios y 15 menciones en total. Las candidaturas de la IV edición se cierran el 30 de octubre.

📎 Bases y formulario: enlace en bio.
❤️ Gestión con corazón desde 2006.

#PremiosVanguardistas #TuConsultor #GestiónConCorazón",https://www.tuconsultor.com/premios/creatividades/pv-2026-09-20-ambiente.jpg,https://www.tuconsultor.com/premios/,,
PV041,21/09/2026,08:30,linkedin,"La Fundación Generation Spain recibió mención en la I edición y premio en la III. Entre una y otra hay dos años de trabajo. Si el año pasado presentasteis y no salió, este es buen momento para volver: todas las candidaturas reciben informe de evaluación y ahí está por dónde seguir.

👉 Presenta tu candidatura: https://es.surveymonkey.com/r/VANGUARDISTAS_IV_EDICION

#PremiosVanguardistas #TuConsultor",https://www.tuconsultor.com/premios/creatividades/pv-2026-09-21-caso.jpg,https://es.surveymonkey.com/r/VANGUARDISTAS_IV_EDICION,,
PV042,21/09/2026,12:30,instagram,"La Fundación Generation Spain recibió mención en la I edición y premio en la III. Entre una y otra hay dos años de trabajo. Si el año pasado presentasteis y no salió, este es buen momento para volver: todas las candidaturas reciben informe de evaluación y ahí está por dónde seguir.

📎 Bases y formulario: enlace en bio.
❤️ Gestión con corazón desde 2006.

#PremiosVanguardistas #TuConsultor #GestiónConCorazón",https://www.tuconsultor.com/premios/creatividades/pv-2026-09-21-caso.jpg,https://es.surveymonkey.com/r/VANGUARDISTAS_IV_EDICION,,
PV043,22/09/2026,08:30,linkedin,"Tercer criterio: resultados. Aprendizajes y avance. Es el criterio donde más se nota si el proyecto se cerró o se quedó a medias, y también donde una candidatura honesta gana puntos: contar un objetivo que no se alcanzó, y por qué, dice más que una lista de logros.

👉 Presenta tu candidatura: https://es.surveymonkey.com/r/VANGUARDISTAS_IV_EDICION

#PremiosVanguardistas #TuConsultor",https://www.tuconsultor.com/premios/creatividades/pv-2026-09-22-evaluacion.jpg,https://es.surveymonkey.com/r/VANGUARDISTAS_IV_EDICION,,
PV044,22/09/2026,12:30,instagram,"Tercer criterio: resultados. Aprendizajes y avance. Es el criterio donde más se nota si el proyecto se cerró o se quedó a medias, y también donde una candidatura honesta gana puntos: contar un objetivo que no se alcanzó, y por qué, dice más que una lista de logros.

📎 Bases y formulario: enlace en bio.
❤️ Gestión con corazón desde 2006.

#PremiosVanguardistas #TuConsultor #GestiónConCorazón",https://www.tuconsultor.com/premios/creatividades/pv-2026-09-22-evaluacion.jpg,https://es.surveymonkey.com/r/VANGUARDISTAS_IV_EDICION,,
PV045,23/09/2026,08:30,linkedin,"Otro hito de estos veinte años: impulsamos e implantamos los primeros modelos sectoriales de madurez en ciberseguridad, con los estándares de calificación más altos. Ese tipo de proyecto —el que abre camino en un sector entero— es el que encaja en estos premios. Plazo hasta el 30 de octubre.

👉 Presenta tu candidatura: https://es.surveymonkey.com/r/VANGUARDISTAS_IV_EDICION

#PremiosVanguardistas #TuConsultor #XXAniversario",https://www.tuconsultor.com/premios/creatividades/pv-2026-09-23-aniversario.jpg,https://es.surveymonkey.com/r/VANGUARDISTAS_IV_EDICION,,
PV046,23/09/2026,12:30,instagram,"Otro hito de estos veinte años: impulsamos e implantamos los primeros modelos sectoriales de madurez en ciberseguridad, con los estándares de calificación más altos. Ese tipo de proyecto —el que abre camino en un sector entero— es el que encaja en estos premios. Plazo hasta el 30 de octubre.

📎 Bases y formulario: enlace en bio.
❤️ Gestión con corazón desde 2006.

#PremiosVanguardistas #TuConsultor #XXAniversario #GestiónConCorazón",https://www.tuconsultor.com/premios/creatividades/pv-2026-09-23-aniversario.jpg,https://es.surveymonkey.com/r/VANGUARDISTAS_IV_EDICION,,
PV047,24/09/2026,08:30,linkedin,"«Con resultados» no significa una gráfica que suba. Significa poder contar el antes y el después, aunque el después incluya lo que salió mal. Eso también se valora: el aprendizaje forma parte del proyecto. Plazo abierto hasta el 30 de octubre para proyectos de 2025 y 2026.

👉 Presenta tu candidatura: https://es.surveymonkey.com/r/VANGUARDISTAS_IV_EDICION

#PremiosVanguardistas #TuConsultor",https://www.tuconsultor.com/premios/creatividades/pv-2026-09-24-convocatoria.jpg,https://es.surveymonkey.com/r/VANGUARDISTAS_IV_EDICION,,
PV048,24/09/2026,12:30,instagram,"«Con resultados» no significa una gráfica que suba. Significa poder contar el antes y el después, aunque el después incluya lo que salió mal. Eso también se valora: el aprendizaje forma parte del proyecto. Plazo abierto hasta el 30 de octubre para proyectos de 2025 y 2026.

📎 Bases y formulario: enlace en bio.
❤️ Gestión con corazón desde 2006.

#PremiosVanguardistas #TuConsultor #GestiónConCorazón",https://www.tuconsultor.com/premios/creatividades/pv-2026-09-24-convocatoria.jpg,https://es.surveymonkey.com/r/VANGUARDISTAS_IV_EDICION,,
PV049,25/09/2026,08:30,linkedin,"Segundo ámbito: sostenibilidad y ODS. Iniciativas que traducen los compromisos en impacto medible. La palabra que hace el trabajo aquí es «medible»: no buscamos declaraciones ni memorias, sino proyectos con un antes y un después que se pueda enseñar. Plazo hasta el 30 de octubre.

👉 Presenta tu candidatura: https://es.surveymonkey.com/r/VANGUARDISTAS_IV_EDICION

#PremiosVanguardistas #TuConsultor",https://www.tuconsultor.com/premios/creatividades/pv-2026-09-25-ambito.jpg,https://es.surveymonkey.com/r/VANGUARDISTAS_IV_EDICION,,
PV050,25/09/2026,12:30,instagram,"Segundo ámbito: sostenibilidad y ODS. Iniciativas que traducen los compromisos en impacto medible. La palabra que hace el trabajo aquí es «medible»: no buscamos declaraciones ni memorias, sino proyectos con un antes y un después que se pueda enseñar. Plazo hasta el 30 de octubre.

📎 Bases y formulario: enlace en bio.
❤️ Gestión con corazón desde 2006.

#PremiosVanguardistas #TuConsultor #GestiónConCorazón",https://www.tuconsultor.com/premios/creatividades/pv-2026-09-25-ambito.jpg,https://es.surveymonkey.com/r/VANGUARDISTAS_IV_EDICION,,
PV051,26/09/2026,11:00,linkedin,"De nuestras galas anteriores: Fundación Universidad Empresa, premio en la II edición y mención en la III de los Premios Vanguardistas. Las tres ediciones celebradas hasta ahora se han entregado en el Club Financiero Génova, con 17 premios y 15 menciones en total. Podéis presentar la vuestra hasta el 30 de octubre.

👉 Consulta las bases: https://www.tuconsultor.com/premios/

#PremiosVanguardistas #TuConsultor",https://www.tuconsultor.com/premios/creatividades/pv-2026-09-26-ambiente.jpg,https://www.tuconsultor.com/premios/,,
PV052,26/09/2026,12:30,instagram,"De nuestras galas anteriores: Fundación Universidad Empresa, premio en la II edición y mención en la III de los Premios Vanguardistas. Las tres ediciones celebradas hasta ahora se han entregado en el Club Financiero Génova, con 17 premios y 15 menciones en total. Podéis presentar la vuestra hasta el 30 de octubre.

📎 Bases y formulario: enlace en bio.
❤️ Gestión con corazón desde 2006.

#PremiosVanguardistas #TuConsultor #GestiónConCorazón",https://www.tuconsultor.com/premios/creatividades/pv-2026-09-26-ambiente.jpg,https://www.tuconsultor.com/premios/,,
PV053,27/09/2026,11:00,linkedin,"De nuestras galas anteriores: Hospital Universitario de Fuenlabrada, premio en la II edición de los Premios Vanguardistas. Las tres ediciones celebradas hasta ahora se han entregado en el Club Financiero Génova, con 17 premios y 15 menciones en total. El plazo de esta cuarta edición termina el 30 de octubre.

👉 Consulta las bases: https://www.tuconsultor.com/premios/

#PremiosVanguardistas #TuConsultor",https://www.tuconsultor.com/premios/creatividades/pv-2026-09-27-ambiente.jpg,https://www.tuconsultor.com/premios/,,
PV054,27/09/2026,12:30,instagram,"De nuestras galas anteriores: Hospital Universitario de Fuenlabrada, premio en la II edición de los Premios Vanguardistas. Las tres ediciones celebradas hasta ahora se han entregado en el Club Financiero Génova, con 17 premios y 15 menciones en total. El plazo de esta cuarta edición termina el 30 de octubre.

📎 Bases y formulario: enlace en bio.
❤️ Gestión con corazón desde 2006.

#PremiosVanguardistas #TuConsultor #GestiónConCorazón",https://www.tuconsultor.com/premios/creatividades/pv-2026-09-27-ambiente.jpg,https://www.tuconsultor.com/premios/,,
PV055,28/09/2026,08:30,linkedin,"El proceso, en tres pasos. El jurado evalúa y propone las tres mejores prácticas por categoría y ámbito. La presidencia y la dirección técnica de TuConsultor validan esa propuesta. Y el jurado decide los ganadores. Los miembros del jurado no tienen vinculación con los proyectos que evalúan.

👉 Presenta tu candidatura: https://es.surveymonkey.com/r/VANGUARDISTAS_IV_EDICION

#PremiosVanguardistas #TuConsultor",https://www.tuconsultor.com/premios/creatividades/pv-2026-09-28-evaluacion.jpg,https://es.surveymonkey.com/r/VANGUARDISTAS_IV_EDICION,,
PV056,28/09/2026,12:30,instagram,"El proceso, en tres pasos. El jurado evalúa y propone las tres mejores prácticas por categoría y ámbito. La presidencia y la dirección técnica de TuConsultor validan esa propuesta. Y el jurado decide los ganadores. Los miembros del jurado no tienen vinculación con los proyectos que evalúan.

📎 Bases y formulario: enlace en bio.
❤️ Gestión con corazón desde 2006.

#PremiosVanguardistas #TuConsultor #GestiónConCorazón",https://www.tuconsultor.com/premios/creatividades/pv-2026-09-28-evaluacion.jpg,https://es.surveymonkey.com/r/VANGUARDISTAS_IV_EDICION,,
PV057,29/09/2026,08:30,linkedin,"Tercer hito: desarrollamos modelos culturales desplegados en propuestas de valor y en modelos de competencias. Cultura que no se queda en un póster. Si en vuestra organización habéis hecho algo parecido y podéis medir el cambio, el ámbito de gestión cultural y del talento os espera.

👉 Presenta tu candidatura: https://es.surveymonkey.com/r/VANGUARDISTAS_IV_EDICION

#PremiosVanguardistas #TuConsultor #XXAniversario",https://www.tuconsultor.com/premios/creatividades/pv-2026-09-29-aniversario.jpg,https://es.surveymonkey.com/r/VANGUARDISTAS_IV_EDICION,,
PV058,29/09/2026,12:30,instagram,"Tercer hito: desarrollamos modelos culturales desplegados en propuestas de valor y en modelos de competencias. Cultura que no se queda en un póster. Si en vuestra organización habéis hecho algo parecido y podéis medir el cambio, el ámbito de gestión cultural y del talento os espera.

📎 Bases y formulario: enlace en bio.
❤️ Gestión con corazón desde 2006.

#PremiosVanguardistas #TuConsultor #XXAniversario #GestiónConCorazón",https://www.tuconsultor.com/premios/creatividades/pv-2026-09-29-aniversario.jpg,https://es.surveymonkey.com/r/VANGUARDISTAS_IV_EDICION,,
PV059,30/09/2026,08:30,linkedin,"Fin de mes y el plazo sigue abierto. Puede presentarse cualquier organización: hay categoría de PYME, de gran empresa y de administración pública, y cada una compite con las de su tamaño. Un proyecto de 2025 o 2026, replicable, innovador y con resultados. Hasta el 30 de octubre.

👉 Presenta tu candidatura: https://es.surveymonkey.com/r/VANGUARDISTAS_IV_EDICION

#PremiosVanguardistas #TuConsultor",https://www.tuconsultor.com/premios/creatividades/pv-2026-09-30-convocatoria.jpg,https://es.surveymonkey.com/r/VANGUARDISTAS_IV_EDICION,,
PV060,30/09/2026,12:30,instagram,"Fin de mes y el plazo sigue abierto. Puede presentarse cualquier organización: hay categoría de PYME, de gran empresa y de administración pública, y cada una compite con las de su tamaño. Un proyecto de 2025 o 2026, replicable, innovador y con resultados. Hasta el 30 de octubre.

📎 Bases y formulario: enlace en bio.
❤️ Gestión con corazón desde 2006.

#PremiosVanguardistas #TuConsultor #GestiónConCorazón",https://www.tuconsultor.com/premios/creatividades/pv-2026-09-30-convocatoria.jpg,https://es.surveymonkey.com/r/VANGUARDISTAS_IV_EDICION,,
PV061,01/10/2026,08:30,linkedin,"Tercer ámbito: gestión cultural y del talento. Modelos culturales, de competencias y de propuesta de valor a las personas. Es el ámbito donde los resultados cuestan más de enseñar y, por eso mismo, donde una buena candidatura destaca: si medisteis el cambio, contadlo.

👉 Presenta tu candidatura: https://es.surveymonkey.com/r/VANGUARDISTAS_IV_EDICION

#PremiosVanguardistas #TuConsultor",https://www.tuconsultor.com/premios/creatividades/pv-2026-10-01-ambito.jpg,https://es.surveymonkey.com/r/VANGUARDISTAS_IV_EDICION,,
PV062,01/10/2026,12:30,instagram,"Tercer ámbito: gestión cultural y del talento. Modelos culturales, de competencias y de propuesta de valor a las personas. Es el ámbito donde los resultados cuestan más de enseñar y, por eso mismo, donde una buena candidatura destaca: si medisteis el cambio, contadlo.

📎 Bases y formulario: enlace en bio.
❤️ Gestión con corazón desde 2006.

#PremiosVanguardistas #TuConsultor #GestiónConCorazón",https://www.tuconsultor.com/premios/creatividades/pv-2026-10-01-ambito.jpg,https://es.surveymonkey.com/r/VANGUARDISTAS_IV_EDICION,,
PV063,02/10/2026,08:30,linkedin,"Cuarta pregunta: el qué. El antes y el después, con datos. Lo que no se mide no existe, y aquí es donde muchas candidaturas se quedan cortas. Contad también qué salió mal y qué aprendisteis: el jurado valora el aprendizaje, no una historia sin tropiezos.

👉 Presenta tu candidatura: https://es.surveymonkey.com/r/VANGUARDISTAS_IV_EDICION

#PremiosVanguardistas #TuConsultor",https://www.tuconsultor.com/premios/creatividades/pv-2026-10-02-consejo.jpg,https://es.surveymonkey.com/r/VANGUARDISTAS_IV_EDICION,,
PV064,02/10/2026,12:30,instagram,"Cuarta pregunta: el qué. El antes y el después, con datos. Lo que no se mide no existe, y aquí es donde muchas candidaturas se quedan cortas. Contad también qué salió mal y qué aprendisteis: el jurado valora el aprendizaje, no una historia sin tropiezos.

📎 Bases y formulario: enlace en bio.
❤️ Gestión con corazón desde 2006.

#PremiosVanguardistas #TuConsultor #GestiónConCorazón",https://www.tuconsultor.com/premios/creatividades/pv-2026-10-02-consejo.jpg,https://es.surveymonkey.com/r/VANGUARDISTAS_IV_EDICION,,
PV065,03/10/2026,11:00,linkedin,"De nuestras galas anteriores: Hospital Universitario Infanta Cristina, premio en la II edición y mención en la III de los Premios Vanguardistas. Las tres ediciones celebradas hasta ahora se han entregado en el Club Financiero Génova, con 17 premios y 15 menciones en total. La IV edición está abierta hasta el 30 de octubre.

👉 Consulta las bases: https://www.tuconsultor.com/premios/

#PremiosVanguardistas #TuConsultor",https://www.tuconsultor.com/premios/creatividades/pv-2026-10-03-ambiente.jpg,https://www.tuconsultor.com/premios/,,
PV066,03/10/2026,12:30,instagram,"De nuestras galas anteriores: Hospital Universitario Infanta Cristina, premio en la II edición y mención en la III de los Premios Vanguardistas. Las tres ediciones celebradas hasta ahora se han entregado en el Club Financiero Génova, con 17 premios y 15 menciones en total. La IV edición está abierta hasta el 30 de octubre.

📎 Bases y formulario: enlace en bio.
❤️ Gestión con corazón desde 2006.

#PremiosVanguardistas #TuConsultor #GestiónConCorazón",https://www.tuconsultor.com/premios/creatividades/pv-2026-10-03-ambiente.jpg,https://www.tuconsultor.com/premios/,,
PV067,04/10/2026,11:00,linkedin,"De nuestras galas anteriores: Fundación Balia por la Infancia, premio en la III edición de los Premios Vanguardistas. Las tres ediciones celebradas hasta ahora se han entregado en el Club Financiero Génova, con 17 premios y 15 menciones en total. Las candidaturas de la IV edición se cierran el 30 de octubre.

👉 Consulta las bases: https://www.tuconsultor.com/premios/

#PremiosVanguardistas #TuConsultor",https://www.tuconsultor.com/premios/creatividades/pv-2026-10-04-ambiente.jpg,https://www.tuconsultor.com/premios/,,
PV068,04/10/2026,12:30,instagram,"De nuestras galas anteriores: Fundación Balia por la Infancia, premio en la III edición de los Premios Vanguardistas. Las tres ediciones celebradas hasta ahora se han entregado en el Club Financiero Génova, con 17 premios y 15 menciones en total. Las candidaturas de la IV edición se cierran el 30 de octubre.

📎 Bases y formulario: enlace en bio.
❤️ Gestión con corazón desde 2006.

#PremiosVanguardistas #TuConsultor #GestiónConCorazón",https://www.tuconsultor.com/premios/creatividades/pv-2026-10-04-ambiente.jpg,https://www.tuconsultor.com/premios/,,
PV069,05/10/2026,08:30,linkedin,"Por el XX aniversario, esta edición incorpora un premio especial: entre todas las candidaturas presentadas, el jurado elegirá un ganador global como mejor vanguardista. Está dotado con 1.000 € y con un Informe GAP Estratégico basado en el Modelo MAGIC®, valorado en 3.000 €.

👉 Presenta tu candidatura: https://es.surveymonkey.com/r/VANGUARDISTAS_IV_EDICION

#PremiosVanguardistas #TuConsultor #XXAniversario",https://www.tuconsultor.com/premios/creatividades/pv-2026-10-05-aniversario.jpg,https://es.surveymonkey.com/r/VANGUARDISTAS_IV_EDICION,,
PV070,05/10/2026,12:30,instagram,"Por el XX aniversario, esta edición incorpora un premio especial: entre todas las candidaturas presentadas, el jurado elegirá un ganador global como mejor vanguardista. Está dotado con 1.000 € y con un Informe GAP Estratégico basado en el Modelo MAGIC®, valorado en 3.000 €.

📎 Bases y formulario: enlace en bio.
❤️ Gestión con corazón desde 2006.

#PremiosVanguardistas #TuConsultor #XXAniversario #GestiónConCorazón",https://www.tuconsultor.com/premios/creatividades/pv-2026-10-05-aniversario.jpg,https://es.surveymonkey.com/r/VANGUARDISTAS_IV_EDICION,,
PV071,06/10/2026,08:30,linkedin,"Quedan menos de cuatro semanas. Si estáis dudando si vuestro proyecto encaja, el criterio más útil es este: ¿lo recomendaríais a otra organización parecida a la vuestra? Si la respuesta es sí, encaja. Proyectos de 2025 y 2026, hasta el 30 de octubre.

👉 Presenta tu candidatura: https://es.surveymonkey.com/r/VANGUARDISTAS_IV_EDICION

#PremiosVanguardistas #TuConsultor",https://www.tuconsultor.com/premios/creatividades/pv-2026-10-06-convocatoria.jpg,https://es.surveymonkey.com/r/VANGUARDISTAS_IV_EDICION,,
PV072,06/10/2026,12:30,instagram,"Quedan menos de cuatro semanas. Si estáis dudando si vuestro proyecto encaja, el criterio más útil es este: ¿lo recomendaríais a otra organización parecida a la vuestra? Si la respuesta es sí, encaja. Proyectos de 2025 y 2026, hasta el 30 de octubre.

📎 Bases y formulario: enlace en bio.
❤️ Gestión con corazón desde 2006.

#PremiosVanguardistas #TuConsultor #GestiónConCorazón",https://www.tuconsultor.com/premios/creatividades/pv-2026-10-06-convocatoria.jpg,https://es.surveymonkey.com/r/VANGUARDISTAS_IV_EDICION,,
PV073,07/10/2026,08:30,linkedin,"Cuarto ámbito: tecnología y blockchain. Tecnología aplicada a la gestión, con resultados demostrables. Lo segundo es la condición: no se premia haber implantado una herramienta, sino lo que cambió en la organización después de implantarla. Quedan poco más de tres semanas.

👉 Presenta tu candidatura: https://es.surveymonkey.com/r/VANGUARDISTAS_IV_EDICION

#PremiosVanguardistas #TuConsultor",https://www.tuconsultor.com/premios/creatividades/pv-2026-10-07-ambito.jpg,https://es.surveymonkey.com/r/VANGUARDISTAS_IV_EDICION,,
PV074,07/10/2026,12:30,instagram,"Cuarto ámbito: tecnología y blockchain. Tecnología aplicada a la gestión, con resultados demostrables. Lo segundo es la condición: no se premia haber implantado una herramienta, sino lo que cambió en la organización después de implantarla. Quedan poco más de tres semanas.

📎 Bases y formulario: enlace en bio.
❤️ Gestión con corazón desde 2006.

#PremiosVanguardistas #TuConsultor #GestiónConCorazón",https://www.tuconsultor.com/premios/creatividades/pv-2026-10-07-ambito.jpg,https://es.surveymonkey.com/r/VANGUARDISTAS_IV_EDICION,,
PV075,08/10/2026,08:30,linkedin,"Última pregunta: para quién. ¿Recomendaríais este proyecto a otra organización? ¿A cuáles y por qué? Parece la pregunta menor y es de las que más dicen: obliga a definir en qué contexto funciona lo que hicisteis. Responder las cinco lleva unos siete minutos.

👉 Presenta tu candidatura: https://es.surveymonkey.com/r/VANGUARDISTAS_IV_EDICION

#PremiosVanguardistas #TuConsultor",https://www.tuconsultor.com/premios/creatividades/pv-2026-10-08-consejo.jpg,https://es.surveymonkey.com/r/VANGUARDISTAS_IV_EDICION,,
PV076,08/10/2026,12:30,instagram,"Última pregunta: para quién. ¿Recomendaríais este proyecto a otra organización? ¿A cuáles y por qué? Parece la pregunta menor y es de las que más dicen: obliga a definir en qué contexto funciona lo que hicisteis. Responder las cinco lleva unos siete minutos.

📎 Bases y formulario: enlace en bio.
❤️ Gestión con corazón desde 2006.

#PremiosVanguardistas #TuConsultor #GestiónConCorazón",https://www.tuconsultor.com/premios/creatividades/pv-2026-10-08-consejo.jpg,https://es.surveymonkey.com/r/VANGUARDISTAS_IV_EDICION,,
PV077,09/10/2026,08:30,linkedin,"AIMPLAS fue premiado en la II edición de los Premios Vanguardistas. Los centros tecnológicos suelen tener claro el «qué» y descuidar el «cómo»: la metodología es justo la parte que permite a otros repetir el proyecto, y es la que más pesa. Quedan tres semanas.

👉 Presenta tu candidatura: https://es.surveymonkey.com/r/VANGUARDISTAS_IV_EDICION

#PremiosVanguardistas #TuConsultor",https://www.tuconsultor.com/premios/creatividades/pv-2026-10-09-caso.jpg,https://es.surveymonkey.com/r/VANGUARDISTAS_IV_EDICION,,
PV078,09/10/2026,12:30,instagram,"AIMPLAS fue premiado en la II edición de los Premios Vanguardistas. Los centros tecnológicos suelen tener claro el «qué» y descuidar el «cómo»: la metodología es justo la parte que permite a otros repetir el proyecto, y es la que más pesa. Quedan tres semanas.

📎 Bases y formulario: enlace en bio.
❤️ Gestión con corazón desde 2006.

#PremiosVanguardistas #TuConsultor #GestiónConCorazón",https://www.tuconsultor.com/premios/creatividades/pv-2026-10-09-caso.jpg,https://es.surveymonkey.com/r/VANGUARDISTAS_IV_EDICION,,
PV079,10/10/2026,11:00,linkedin,"De nuestras galas anteriores: Reental, premio en la III edición, en el ámbito de tecnología y blockchain de los Premios Vanguardistas. Las tres ediciones celebradas hasta ahora se han entregado en el Club Financiero Génova, con 17 premios y 15 menciones en total. Podéis presentar la vuestra hasta el 30 de octubre.

👉 Consulta las bases: https://www.tuconsultor.com/premios/

#PremiosVanguardistas #TuConsultor",https://www.tuconsultor.com/premios/creatividades/pv-2026-10-10-ambiente.jpg,https://www.tuconsultor.com/premios/,,
PV080,10/10/2026,12:30,instagram,"De nuestras galas anteriores: Reental, premio en la III edición, en el ámbito de tecnología y blockchain de los Premios Vanguardistas. Las tres ediciones celebradas hasta ahora se han entregado en el Club Financiero Génova, con 17 premios y 15 menciones en total. Podéis presentar la vuestra hasta el 30 de octubre.

📎 Bases y formulario: enlace en bio.
❤️ Gestión con corazón desde 2006.

#PremiosVanguardistas #TuConsultor #GestiónConCorazón",https://www.tuconsultor.com/premios/creatividades/pv-2026-10-10-ambiente.jpg,https://www.tuconsultor.com/premios/,,
PV081,11/10/2026,11:00,linkedin,"De nuestras galas anteriores: Colegios Ramón y Cajal, mención en la III edición de los Premios Vanguardistas. Las tres ediciones celebradas hasta ahora se han entregado en el Club Financiero Génova, con 17 premios y 15 menciones en total. El plazo de esta cuarta edición termina el 30 de octubre.

👉 Consulta las bases: https://www.tuconsultor.com/premios/

#PremiosVanguardistas #TuConsultor",https://www.tuconsultor.com/premios/creatividades/pv-2026-10-11-ambiente.jpg,https://www.tuconsultor.com/premios/,,
PV082,11/10/2026,12:30,instagram,"De nuestras galas anteriores: Colegios Ramón y Cajal, mención en la III edición de los Premios Vanguardistas. Las tres ediciones celebradas hasta ahora se han entregado en el Club Financiero Génova, con 17 premios y 15 menciones en total. El plazo de esta cuarta edición termina el 30 de octubre.

📎 Bases y formulario: enlace en bio.
❤️ Gestión con corazón desde 2006.

#PremiosVanguardistas #TuConsultor #GestiónConCorazón",https://www.tuconsultor.com/premios/creatividades/pv-2026-10-11-ambiente.jpg,https://www.tuconsultor.com/premios/,,
PV083,12/10/2026,08:30,linkedin,"Quedan menos de tres semanas. El formulario son cinco preguntas y unos siete minutos: el eslogan, el para qué, el cómo, el qué y el para quién. No hace falta memoria ni un dosier: hace falta tener claro qué cambiasteis y con qué resultado. Cierra el 30 de octubre.

👉 Presenta tu candidatura: https://es.surveymonkey.com/r/VANGUARDISTAS_IV_EDICION

#PremiosVanguardistas #TuConsultor",https://www.tuconsultor.com/premios/creatividades/pv-2026-10-12-convocatoria.jpg,https://es.surveymonkey.com/r/VANGUARDISTAS_IV_EDICION,,
PV084,12/10/2026,12:30,instagram,"Quedan menos de tres semanas. El formulario son cinco preguntas y unos siete minutos: el eslogan, el para qué, el cómo, el qué y el para quién. No hace falta memoria ni un dosier: hace falta tener claro qué cambiasteis y con qué resultado. Cierra el 30 de octubre.

📎 Bases y formulario: enlace en bio.
❤️ Gestión con corazón desde 2006.

#PremiosVanguardistas #TuConsultor #GestiónConCorazón",https://www.tuconsultor.com/premios/creatividades/pv-2026-10-12-convocatoria.jpg,https://es.surveymonkey.com/r/VANGUARDISTAS_IV_EDICION,,
PV085,13/10/2026,08:30,linkedin,"Volvemos a estrategia e innovación porque es el ámbito con las candidaturas más variadas: desde una revisión del modelo de negocio hasta un cambio en cómo se prepara un comité de dirección. Si dudáis entre dos ámbitos, elegid aquel en el que esté el cambio, no la herramienta.

👉 Presenta tu candidatura: https://es.surveymonkey.com/r/VANGUARDISTAS_IV_EDICION

#PremiosVanguardistas #TuConsultor",https://www.tuconsultor.com/premios/creatividades/pv-2026-10-13-ambito.jpg,https://es.surveymonkey.com/r/VANGUARDISTAS_IV_EDICION,,
PV086,13/10/2026,12:30,instagram,"Volvemos a estrategia e innovación porque es el ámbito con las candidaturas más variadas: desde una revisión del modelo de negocio hasta un cambio en cómo se prepara un comité de dirección. Si dudáis entre dos ámbitos, elegid aquel en el que esté el cambio, no la herramienta.

📎 Bases y formulario: enlace en bio.
❤️ Gestión con corazón desde 2006.

#PremiosVanguardistas #TuConsultor #GestiónConCorazón",https://www.tuconsultor.com/premios/creatividades/pv-2026-10-13-ambito.jpg,https://es.surveymonkey.com/r/VANGUARDISTAS_IV_EDICION,,
PV087,14/10/2026,08:30,linkedin,"Volvemos al eslogan porque es donde más se nota el trabajo. Un buen título dice qué cambió, no qué se implantó. Comparad: «Nuevo cuadro de mando» frente a «Decidir con datos el mismo lunes». El segundo se entiende sin leer nada más. Quedan poco más de dos semanas.

👉 Presenta tu candidatura: https://es.surveymonkey.com/r/VANGUARDISTAS_IV_EDICION

#PremiosVanguardistas #TuConsultor",https://www.tuconsultor.com/premios/creatividades/pv-2026-10-14-consejo.jpg,https://es.surveymonkey.com/r/VANGUARDISTAS_IV_EDICION,,
PV088,14/10/2026,12:30,instagram,"Volvemos al eslogan porque es donde más se nota el trabajo. Un buen título dice qué cambió, no qué se implantó. Comparad: «Nuevo cuadro de mando» frente a «Decidir con datos el mismo lunes». El segundo se entiende sin leer nada más. Quedan poco más de dos semanas.

📎 Bases y formulario: enlace en bio.
❤️ Gestión con corazón desde 2006.

#PremiosVanguardistas #TuConsultor #GestiónConCorazón",https://www.tuconsultor.com/premios/creatividades/pv-2026-10-14-consejo.jpg,https://es.surveymonkey.com/r/VANGUARDISTAS_IV_EDICION,,
PV089,15/10/2026,08:30,linkedin,"La Asociación Nuevo Horizonte fue premiada en la II edición. En las tres ediciones celebradas se han entregado 17 premios y 15 menciones a organizaciones de tamaños y sectores muy distintos. Quedan dos semanas para presentar candidatura a la cuarta.

👉 Presenta tu candidatura: https://es.surveymonkey.com/r/VANGUARDISTAS_IV_EDICION

#PremiosVanguardistas #TuConsultor",https://www.tuconsultor.com/premios/creatividades/pv-2026-10-15-caso.jpg,https://es.surveymonkey.com/r/VANGUARDISTAS_IV_EDICION,,
PV090,15/10/2026,12:30,instagram,"La Asociación Nuevo Horizonte fue premiada en la II edición. En las tres ediciones celebradas se han entregado 17 premios y 15 menciones a organizaciones de tamaños y sectores muy distintos. Quedan dos semanas para presentar candidatura a la cuarta.

📎 Bases y formulario: enlace en bio.
❤️ Gestión con corazón desde 2006.

#PremiosVanguardistas #TuConsultor #GestiónConCorazón",https://www.tuconsultor.com/premios/creatividades/pv-2026-10-15-caso.jpg,https://es.surveymonkey.com/r/VANGUARDISTAS_IV_EDICION,,
PV091,16/10/2026,08:30,linkedin,"Se presente quien se presente, todas las candidaturas reciben el resultado de su evaluación: sus principales puntos fuertes y los aspectos en los que pueden seguir avanzando. Es una lectura externa de vuestro proyecto hecha por profesionales de la gestión. Quedan dos semanas de plazo.

👉 Presenta tu candidatura: https://es.surveymonkey.com/r/VANGUARDISTAS_IV_EDICION

#PremiosVanguardistas #TuConsultor",https://www.tuconsultor.com/premios/creatividades/pv-2026-10-16-evaluacion.jpg,https://es.surveymonkey.com/r/VANGUARDISTAS_IV_EDICION,,
PV092,16/10/2026,12:30,instagram,"Se presente quien se presente, todas las candidaturas reciben el resultado de su evaluación: sus principales puntos fuertes y los aspectos en los que pueden seguir avanzando. Es una lectura externa de vuestro proyecto hecha por profesionales de la gestión. Quedan dos semanas de plazo.

📎 Bases y formulario: enlace en bio.
❤️ Gestión con corazón desde 2006.

#PremiosVanguardistas #TuConsultor #GestiónConCorazón",https://www.tuconsultor.com/premios/creatividades/pv-2026-10-16-evaluacion.jpg,https://es.surveymonkey.com/r/VANGUARDISTAS_IV_EDICION,,
PV093,17/10/2026,11:00,linkedin,"De nuestras galas anteriores: Hospital Universitario Puerta de Hierro Majadahonda, premiado en las tres ediciones anteriores de los Premios Vanguardistas. Las tres ediciones celebradas hasta ahora se han entregado en el Club Financiero Génova, con 17 premios y 15 menciones en total. La IV edición está abierta hasta el 30 de octubre.

👉 Consulta las bases: https://www.tuconsultor.com/premios/

#PremiosVanguardistas #TuConsultor",https://www.tuconsultor.com/premios/creatividades/pv-2026-10-17-ambiente.jpg,https://www.tuconsultor.com/premios/,,
PV094,17/10/2026,12:30,instagram,"De nuestras galas anteriores: Hospital Universitario Puerta de Hierro Majadahonda, premiado en las tres ediciones anteriores de los Premios Vanguardistas. Las tres ediciones celebradas hasta ahora se han entregado en el Club Financiero Génova, con 17 premios y 15 menciones en total. La IV edición está abierta hasta el 30 de octubre.

📎 Bases y formulario: enlace en bio.
❤️ Gestión con corazón desde 2006.

#PremiosVanguardistas #TuConsultor #GestiónConCorazón",https://www.tuconsultor.com/premios/creatividades/pv-2026-10-17-ambiente.jpg,https://www.tuconsultor.com/premios/,,
PV095,18/10/2026,11:00,linkedin,"De nuestras galas anteriores: APRAMP, premio en la I y en la III edición de los Premios Vanguardistas. Las tres ediciones celebradas hasta ahora se han entregado en el Club Financiero Génova, con 17 premios y 15 menciones en total. Las candidaturas de la IV edición se cierran el 30 de octubre.

👉 Consulta las bases: https://www.tuconsultor.com/premios/

#PremiosVanguardistas #TuConsultor",https://www.tuconsultor.com/premios/creatividades/pv-2026-10-18-ambiente.jpg,https://www.tuconsultor.com/premios/,,
PV096,18/10/2026,12:30,instagram,"De nuestras galas anteriores: APRAMP, premio en la I y en la III edición de los Premios Vanguardistas. Las tres ediciones celebradas hasta ahora se han entregado en el Club Financiero Génova, con 17 premios y 15 menciones en total. Las candidaturas de la IV edición se cierran el 30 de octubre.

📎 Bases y formulario: enlace en bio.
❤️ Gestión con corazón desde 2006.

#PremiosVanguardistas #TuConsultor #GestiónConCorazón",https://www.tuconsultor.com/premios/creatividades/pv-2026-10-18-ambiente.jpg,https://www.tuconsultor.com/premios/,,
PV097,19/10/2026,08:30,linkedin,"Sostenibilidad y ODS, otra vez, porque es donde más candidaturas se quedan en el compromiso y no llegan al dato. Si tenéis un proyecto con impacto medido —consumo, residuos, cadena de suministro, impacto social— este es su sitio. Quedan once días.

👉 Presenta tu candidatura: https://es.surveymonkey.com/r/VANGUARDISTAS_IV_EDICION

#PremiosVanguardistas #TuConsultor",https://www.tuconsultor.com/premios/creatividades/pv-2026-10-19-ambito.jpg,https://es.surveymonkey.com/r/VANGUARDISTAS_IV_EDICION,,
PV098,19/10/2026,12:30,instagram,"Sostenibilidad y ODS, otra vez, porque es donde más candidaturas se quedan en el compromiso y no llegan al dato. Si tenéis un proyecto con impacto medido —consumo, residuos, cadena de suministro, impacto social— este es su sitio. Quedan once días.

📎 Bases y formulario: enlace en bio.
❤️ Gestión con corazón desde 2006.

#PremiosVanguardistas #TuConsultor #GestiónConCorazón",https://www.tuconsultor.com/premios/creatividades/pv-2026-10-19-ambito.jpg,https://es.surveymonkey.com/r/VANGUARDISTAS_IV_EDICION,,
PV099,20/10/2026,08:30,linkedin,"Quedan 10 días. Si tenéis el proyecto en la cabeza y no en el formulario, este es el momento: son cinco preguntas —eslogan, para qué, cómo, qué y para quién— y unos siete minutos. El plazo cierra el 30 de octubre a las 23:59, hora de Madrid. A partir de ahí no se admiten candidaturas.

👉 Presenta tu candidatura: https://es.surveymonkey.com/r/VANGUARDISTAS_IV_EDICION

#PremiosVanguardistas #TuConsultor",https://www.tuconsultor.com/premios/creatividades/pv-2026-10-20-cuentaatras.jpg,https://es.surveymonkey.com/r/VANGUARDISTAS_IV_EDICION,,
PV100,20/10/2026,12:30,instagram,"Quedan 10 días. Si tenéis el proyecto en la cabeza y no en el formulario, este es el momento: son cinco preguntas —eslogan, para qué, cómo, qué y para quién— y unos siete minutos. El plazo cierra el 30 de octubre a las 23:59, hora de Madrid. A partir de ahí no se admiten candidaturas.

📎 Bases y formulario: enlace en bio.
❤️ Gestión con corazón desde 2006.

#PremiosVanguardistas #TuConsultor #GestiónConCorazón",https://www.tuconsultor.com/premios/creatividades/pv-2026-10-20-cuentaatras.jpg,https://es.surveymonkey.com/r/VANGUARDISTAS_IV_EDICION,,
PV101,21/10/2026,08:30,linkedin,"Quedan 9 días. Un consejo para hoy: escribid primero el antes y el después del proyecto, con los datos que tengáis a mano. Es la parte que más cuesta y la que más pesa en la evaluación. Con eso resuelto, las otras cuatro preguntas del formulario salen solas. El plazo cierra el 30 de octubre.

👉 Presenta tu candidatura: https://es.surveymonkey.com/r/VANGUARDISTAS_IV_EDICION

#PremiosVanguardistas #TuConsultor",https://www.tuconsultor.com/premios/creatividades/pv-2026-10-21-cuentaatras.jpg,https://es.surveymonkey.com/r/VANGUARDISTAS_IV_EDICION,,
PV102,21/10/2026,12:30,instagram,"Quedan 9 días. Un consejo para hoy: escribid primero el antes y el después del proyecto, con los datos que tengáis a mano. Es la parte que más cuesta y la que más pesa en la evaluación. Con eso resuelto, las otras cuatro preguntas del formulario salen solas. El plazo cierra el 30 de octubre.

📎 Bases y formulario: enlace en bio.
❤️ Gestión con corazón desde 2006.

#PremiosVanguardistas #TuConsultor #GestiónConCorazón",https://www.tuconsultor.com/premios/creatividades/pv-2026-10-21-cuentaatras.jpg,https://es.surveymonkey.com/r/VANGUARDISTAS_IV_EDICION,,
PV103,22/10/2026,08:30,linkedin,"Quedan 8 días. Puede presentarse cualquier organización que haya desarrollado un proyecto innovador en 2025 o 2026. PYME, gran empresa y administración pública compiten cada una en su categoría, así que no os midáis contra quien no os toca. Plazo hasta el 30 de octubre.

👉 Presenta tu candidatura: https://es.surveymonkey.com/r/VANGUARDISTAS_IV_EDICION

#PremiosVanguardistas #TuConsultor",https://www.tuconsultor.com/premios/creatividades/pv-2026-10-22-cuentaatras.jpg,https://es.surveymonkey.com/r/VANGUARDISTAS_IV_EDICION,,
PV104,22/10/2026,12:30,instagram,"Quedan 8 días. Puede presentarse cualquier organización que haya desarrollado un proyecto innovador en 2025 o 2026. PYME, gran empresa y administración pública compiten cada una en su categoría, así que no os midáis contra quien no os toca. Plazo hasta el 30 de octubre.

📎 Bases y formulario: enlace en bio.
❤️ Gestión con corazón desde 2006.

#PremiosVanguardistas #TuConsultor #GestiónConCorazón",https://www.tuconsultor.com/premios/creatividades/pv-2026-10-22-cuentaatras.jpg,https://es.surveymonkey.com/r/VANGUARDISTAS_IV_EDICION,,
PV105,23/10/2026,08:30,linkedin,"Quedan 7 días: última semana completa de plazo. Si vais a presentar más de un proyecto, empezad por el que tenga los resultados más claros; los otros los podéis completar después con calma. Cada candidatura son unos siete minutos. El plazo cierra el 30 de octubre a las 23:59.

👉 Presenta tu candidatura: https://es.surveymonkey.com/r/VANGUARDISTAS_IV_EDICION

#PremiosVanguardistas #TuConsultor",https://www.tuconsultor.com/premios/creatividades/pv-2026-10-23-cuentaatras.jpg,https://es.surveymonkey.com/r/VANGUARDISTAS_IV_EDICION,,
PV106,23/10/2026,12:30,instagram,"Quedan 7 días: última semana completa de plazo. Si vais a presentar más de un proyecto, empezad por el que tenga los resultados más claros; los otros los podéis completar después con calma. Cada candidatura son unos siete minutos. El plazo cierra el 30 de octubre a las 23:59.

📎 Bases y formulario: enlace en bio.
❤️ Gestión con corazón desde 2006.

#PremiosVanguardistas #TuConsultor #GestiónConCorazón",https://www.tuconsultor.com/premios/creatividades/pv-2026-10-23-cuentaatras.jpg,https://es.surveymonkey.com/r/VANGUARDISTAS_IV_EDICION,,
PV107,24/10/2026,11:00,linkedin,"De nuestras galas anteriores: Hospital Universitario de El Escorial, premio en la I y en la III edición de los Premios Vanguardistas. Las tres ediciones celebradas hasta ahora se han entregado en el Club Financiero Génova, con 17 premios y 15 menciones en total. Podéis presentar la vuestra hasta el 30 de octubre.

👉 Consulta las bases: https://www.tuconsultor.com/premios/

#PremiosVanguardistas #TuConsultor",https://www.tuconsultor.com/premios/creatividades/pv-2026-10-24-ambiente.jpg,https://www.tuconsultor.com/premios/,,
PV108,24/10/2026,12:30,instagram,"De nuestras galas anteriores: Hospital Universitario de El Escorial, premio en la I y en la III edición de los Premios Vanguardistas. Las tres ediciones celebradas hasta ahora se han entregado en el Club Financiero Génova, con 17 premios y 15 menciones en total. Podéis presentar la vuestra hasta el 30 de octubre.

📎 Bases y formulario: enlace en bio.
❤️ Gestión con corazón desde 2006.

#PremiosVanguardistas #TuConsultor #GestiónConCorazón",https://www.tuconsultor.com/premios/creatividades/pv-2026-10-24-ambiente.jpg,https://www.tuconsultor.com/premios/,,
PV109,25/10/2026,11:00,linkedin,"De nuestras galas anteriores: Fundación Generation Spain, mención en la I edición y premio en la III de los Premios Vanguardistas. Las tres ediciones celebradas hasta ahora se han entregado en el Club Financiero Génova, con 17 premios y 15 menciones en total. El plazo de esta cuarta edición termina el 30 de octubre.

👉 Consulta las bases: https://www.tuconsultor.com/premios/

#PremiosVanguardistas #TuConsultor",https://www.tuconsultor.com/premios/creatividades/pv-2026-10-25-ambiente.jpg,https://www.tuconsultor.com/premios/,,
PV110,25/10/2026,12:30,instagram,"De nuestras galas anteriores: Fundación Generation Spain, mención en la I edición y premio en la III de los Premios Vanguardistas. Las tres ediciones celebradas hasta ahora se han entregado en el Club Financiero Génova, con 17 premios y 15 menciones en total. El plazo de esta cuarta edición termina el 30 de octubre.

📎 Bases y formulario: enlace en bio.
❤️ Gestión con corazón desde 2006.

#PremiosVanguardistas #TuConsultor #GestiónConCorazón",https://www.tuconsultor.com/premios/creatividades/pv-2026-10-25-ambiente.jpg,https://www.tuconsultor.com/premios/,,
PV111,26/10/2026,08:30,linkedin,"Quedan 4 días. El formulario sigue abierto y se responde en unos siete minutos. Y una cosa que conviene tener presente al decidir si presentarse: ganéis o no, recibiréis el informe de evaluación de vuestro proyecto, con los puntos fuertes y los aspectos en los que seguir avanzando.

👉 Presenta tu candidatura: https://es.surveymonkey.com/r/VANGUARDISTAS_IV_EDICION

#PremiosVanguardistas #TuConsultor",https://www.tuconsultor.com/premios/creatividades/pv-2026-10-26-cuentaatras.jpg,https://es.surveymonkey.com/r/VANGUARDISTAS_IV_EDICION,,
PV112,26/10/2026,12:30,instagram,"Quedan 4 días. El formulario sigue abierto y se responde en unos siete minutos. Y una cosa que conviene tener presente al decidir si presentarse: ganéis o no, recibiréis el informe de evaluación de vuestro proyecto, con los puntos fuertes y los aspectos en los que seguir avanzando.

📎 Bases y formulario: enlace en bio.
❤️ Gestión con corazón desde 2006.

#PremiosVanguardistas #TuConsultor #GestiónConCorazón",https://www.tuconsultor.com/premios/creatividades/pv-2026-10-26-cuentaatras.jpg,https://es.surveymonkey.com/r/VANGUARDISTAS_IV_EDICION,,
PV113,27/10/2026,08:30,linkedin,"Quedan 3 días. Si estáis esperando a tener el proyecto perfecto para contarlo, no lo esperéis. Lo que se valora es el avance, con sus tropiezos incluidos: el formulario pregunta expresamente qué salió mal y qué aprendisteis. Plazo hasta el 30 de octubre a las 23:59.

👉 Presenta tu candidatura: https://es.surveymonkey.com/r/VANGUARDISTAS_IV_EDICION

#PremiosVanguardistas #TuConsultor",https://www.tuconsultor.com/premios/creatividades/pv-2026-10-27-cuentaatras.jpg,https://es.surveymonkey.com/r/VANGUARDISTAS_IV_EDICION,,
PV114,27/10/2026,12:30,instagram,"Quedan 3 días. Si estáis esperando a tener el proyecto perfecto para contarlo, no lo esperéis. Lo que se valora es el avance, con sus tropiezos incluidos: el formulario pregunta expresamente qué salió mal y qué aprendisteis. Plazo hasta el 30 de octubre a las 23:59.

📎 Bases y formulario: enlace en bio.
❤️ Gestión con corazón desde 2006.

#PremiosVanguardistas #TuConsultor #GestiónConCorazón",https://www.tuconsultor.com/premios/creatividades/pv-2026-10-27-cuentaatras.jpg,https://es.surveymonkey.com/r/VANGUARDISTAS_IV_EDICION,,
PV115,28/10/2026,08:30,linkedin,"Quedan 2 días. El plazo cierra el viernes 30 de octubre a las 23:59, hora de Madrid, y después ya no se puede presentar candidatura. Si tenéis el proyecto pensado, hoy es buen día para sentarse los siete minutos que lleva responder las cinco preguntas del formulario.

👉 Presenta tu candidatura: https://es.surveymonkey.com/r/VANGUARDISTAS_IV_EDICION

#PremiosVanguardistas #TuConsultor",https://www.tuconsultor.com/premios/creatividades/pv-2026-10-28-cuentaatras.jpg,https://es.surveymonkey.com/r/VANGUARDISTAS_IV_EDICION,,
PV116,28/10/2026,12:30,instagram,"Quedan 2 días. El plazo cierra el viernes 30 de octubre a las 23:59, hora de Madrid, y después ya no se puede presentar candidatura. Si tenéis el proyecto pensado, hoy es buen día para sentarse los siete minutos que lleva responder las cinco preguntas del formulario.

📎 Bases y formulario: enlace en bio.
❤️ Gestión con corazón desde 2006.

#PremiosVanguardistas #TuConsultor #GestiónConCorazón",https://www.tuconsultor.com/premios/creatividades/pv-2026-10-28-cuentaatras.jpg,https://es.surveymonkey.com/r/VANGUARDISTAS_IV_EDICION,,
PV117,29/10/2026,08:30,linkedin,"Queda 1 día. Mañana viernes, a las 23:59, se cierra el plazo de la IV edición de los Premios Vanguardistas. Cinco preguntas, unos siete minutos, y vuestro proyecto entra en la evaluación del jurado. Recordad que el informe de evaluación llega a todas las candidaturas, resulten premiadas o no.

👉 Presenta tu candidatura: https://es.surveymonkey.com/r/VANGUARDISTAS_IV_EDICION

#PremiosVanguardistas #TuConsultor",https://www.tuconsultor.com/premios/creatividades/pv-2026-10-29-cuentaatras.jpg,https://es.surveymonkey.com/r/VANGUARDISTAS_IV_EDICION,,
PV118,29/10/2026,12:30,instagram,"Queda 1 día. Mañana viernes, a las 23:59, se cierra el plazo de la IV edición de los Premios Vanguardistas. Cinco preguntas, unos siete minutos, y vuestro proyecto entra en la evaluación del jurado. Recordad que el informe de evaluación llega a todas las candidaturas, resulten premiadas o no.

📎 Bases y formulario: enlace en bio.
❤️ Gestión con corazón desde 2006.

#PremiosVanguardistas #TuConsultor #GestiónConCorazón",https://www.tuconsultor.com/premios/creatividades/pv-2026-10-29-cuentaatras.jpg,https://es.surveymonkey.com/r/VANGUARDISTAS_IV_EDICION,,
PV119,30/10/2026,08:30,linkedin,"Último día. El plazo se cierra hoy a las 23:59, hora de Madrid. Si tenéis un proyecto de 2025 o 2026 del que estáis orgullosos, contadlo ahora: son siete minutos, el jurado lo va a leer y recibiréis su evaluación por escrito. Nos vemos el 3 de diciembre en el acto de entrega.

👉 Presenta tu candidatura: https://es.surveymonkey.com/r/VANGUARDISTAS_IV_EDICION

#PremiosVanguardistas #TuConsultor",https://www.tuconsultor.com/premios/creatividades/pv-2026-10-30-cuentaatras.jpg,https://es.surveymonkey.com/r/VANGUARDISTAS_IV_EDICION,,
PV120,30/10/2026,12:30,instagram,"Último día. El plazo se cierra hoy a las 23:59, hora de Madrid. Si tenéis un proyecto de 2025 o 2026 del que estáis orgullosos, contadlo ahora: son siete minutos, el jurado lo va a leer y recibiréis su evaluación por escrito. Nos vemos el 3 de diciembre en el acto de entrega.

📎 Bases y formulario: enlace en bio.
❤️ Gestión con corazón desde 2006.

#PremiosVanguardistas #TuConsultor #GestiónConCorazón",https://www.tuconsultor.com/premios/creatividades/pv-2026-10-30-cuentaatras.jpg,https://es.surveymonkey.com/r/VANGUARDISTAS_IV_EDICION,,
885,14/09/2026,08:45,linkedin_alejandro,"Las normas y los procesos en un solo portal.

Llevo veinte años viendo sistemas de gestión repartidos en carpetas, correos y cabezas. Por eso construimos Orbita: un solo portal donde están las normas, los procesos, las tareas y las evidencias. Ahora trabajo así con todos mis clientes.

Si quieres verlo con tu sistema, escríbeme.
👉 https://www.tuconsultor.com/orbita/?utm_source=linkedin_alejandro&utm_medium=social&utm_campaign=orbita-ventajas&utm_content=v01a

#OrbitaPMTool #SistemasDeGestión #TuConsultor #PortalÚnico #ISO9001",https://www.tuconsultor.com/social-img/orbita/V01A_linkedin.png,https://www.tuconsultor.com/orbita/,,
886,14/09/2026,19:00,linkedin,"Las normas y los procesos en un solo portal.

La calidad en un Excel, los proyectos en otro, los procedimientos en una carpeta y el consultor por correo. Así no se gestiona: se sobrevive. Orbita junta las normas y los procesos en un solo portal, con el consultor y el cliente dentro.

Orbita · PM Tool, el portal de gestión de TuConsultor.
👉 https://www.tuconsultor.com/orbita/?utm_source=linkedin&utm_medium=social&utm_campaign=orbita-ventajas&utm_content=v01a

#OrbitaPMTool #SistemasDeGestión #TuConsultor #PortalÚnico #ISO9001",https://www.tuconsultor.com/social-img/orbita/V01A_linkedin.png,https://www.tuconsultor.com/orbita/,,
887,14/09/2026,19:00,instagram,"🧭 Las normas y los procesos en un solo portal.

ISO, procesos, tareas, evidencias y equipo. Un sitio. Orbita · PM Tool.

Orbita · PM Tool, el portal de gestión de TuConsultor.
Enlace en bio.

❤️ Gestión con corazón desde 2006.

#OrbitaPMTool #SistemasDeGestión #TuConsultor #PortalÚnico #ISO9001 #GestiónConCorazón #Orbita",https://www.tuconsultor.com/social-img/orbita/V01A_instagram.png,https://www.tuconsultor.com/orbita/,,
888,15/09/2026,08:45,linkedin_alejandro,"Un portal. Todas tus normas, todos tus procesos.

Cuando una empresa suma su segunda norma, lo normal es que duplique papeles. En Orbita no: las normas comparten los mismos procesos y las mismas evidencias. Menos trabajo, más control. Es lo que llevo años defendiendo.

Si quieres verlo con tu sistema, escríbeme.
👉 https://www.tuconsultor.com/orbita/?utm_source=linkedin_alejandro&utm_medium=social&utm_campaign=orbita-ventajas&utm_content=v01b

#OrbitaPMTool #SistemasDeGestión #TuConsultor #PortalÚnico #ISO9001",https://www.tuconsultor.com/social-img/orbita/V01B_linkedin.png,https://www.tuconsultor.com/orbita/,,
889,15/09/2026,19:00,linkedin,"Un portal. Todas tus normas, todos tus procesos.

Cada norma que añades no puede ser otra carpeta y otro responsable. En Orbita las normas comparten procesos, tareas y evidencias: una integración de verdad, no una pestaña más.

Orbita · PM Tool, el portal de gestión de TuConsultor.
👉 https://www.tuconsultor.com/orbita/?utm_source=linkedin&utm_medium=social&utm_campaign=orbita-ventajas&utm_content=v01b

#OrbitaPMTool #SistemasDeGestión #TuConsultor #PortalÚnico #ISO9001",https://www.tuconsultor.com/social-img/orbita/V01B_linkedin.png,https://www.tuconsultor.com/orbita/,,
890,15/09/2026,19:00,instagram,"🧭 Un portal. Todas tus normas, todos tus procesos.

9001, 14001, 27001, 45001… y los procesos que las sostienen. Juntos.

Orbita · PM Tool, el portal de gestión de TuConsultor.
Enlace en bio.

❤️ Gestión con corazón desde 2006.

#OrbitaPMTool #SistemasDeGestión #TuConsultor #PortalÚnico #ISO9001 #GestiónConCorazón #Orbita",https://www.tuconsultor.com/social-img/orbita/V01B_instagram.png,https://www.tuconsultor.com/orbita/,,
891,16/09/2026,08:45,linkedin_alejandro,"Lo que no está en el portal, no existe.

Mi regla con los clientes es sencilla: lo que no está en Orbita no existe. Suena duro y es lo que más tranquilidad da. Una versión, la vigente, y todos mirando lo mismo.

Si quieres verlo con tu sistema, escríbeme.
👉 https://www.tuconsultor.com/orbita/?utm_source=linkedin_alejandro&utm_medium=social&utm_campaign=orbita-ventajas&utm_content=v01c

#OrbitaPMTool #SistemasDeGestión #TuConsultor #PortalÚnico #ISO9001",https://www.tuconsultor.com/social-img/orbita/V01C_linkedin.png,https://www.tuconsultor.com/orbita/,,
892,16/09/2026,19:00,linkedin,"Lo que no está en el portal, no existe.

La versión buena del procedimiento está en el portátil de alguien. En Orbita hay una versión: la vigente, con su historial. Tu equipo, tu consultor y tu auditor miran la misma pantalla.

Orbita · PM Tool, el portal de gestión de TuConsultor.
👉 https://www.tuconsultor.com/orbita/?utm_source=linkedin&utm_medium=social&utm_campaign=orbita-ventajas&utm_content=v01c

#OrbitaPMTool #SistemasDeGestión #TuConsultor #PortalÚnico #ISO9001",https://www.tuconsultor.com/social-img/orbita/V01C_linkedin.png,https://www.tuconsultor.com/orbita/,,
893,16/09/2026,19:00,instagram,"🧭 Lo que no está en el portal, no existe.

Y eso es exactamente lo que quieres: una sola versión, la vigente.

Orbita · PM Tool, el portal de gestión de TuConsultor.
Enlace en bio.

❤️ Gestión con corazón desde 2006.

#OrbitaPMTool #SistemasDeGestión #TuConsultor #PortalÚnico #ISO9001 #GestiónConCorazón #Orbita",https://www.tuconsultor.com/social-img/orbita/V01C_instagram.png,https://www.tuconsultor.com/orbita/,,
894,17/09/2026,08:45,linkedin_alejandro,"Tu sistema de gestión no depende de una persona.

He visto sistemas de calidad desaparecer con una baja o un cambio de puesto. Con Orbita eso no pasa: el sistema está en el portal, no en una persona. Es la diferencia entre tener un sistema y tener a alguien que se lo sabe.

Si quieres verlo con tu sistema, escríbeme.
👉 https://www.tuconsultor.com/orbita/?utm_source=linkedin_alejandro&utm_medium=social&utm_campaign=orbita-ventajas&utm_content=v02a

#OrbitaPMTool #SistemasDeGestión #TuConsultor #Continuidad #Equipo",https://www.tuconsultor.com/social-img/orbita/V02A_linkedin.png,https://www.tuconsultor.com/orbita/,,
895,17/09/2026,19:00,linkedin,"Tu sistema de gestión no depende de una persona.

El sistema ISO de muchas empresas vive en la cabeza de una persona. Cuando esa persona se va, se va el sistema. En Orbita, procesos, tareas, evidencias e historial están en el portal: quien llegue continúa donde lo dejó el anterior.

Orbita · PM Tool, el portal de gestión de TuConsultor.
👉 https://www.tuconsultor.com/orbita/?utm_source=linkedin&utm_medium=social&utm_campaign=orbita-ventajas&utm_content=v02a

#OrbitaPMTool #SistemasDeGestión #TuConsultor #Continuidad #Equipo",https://www.tuconsultor.com/social-img/orbita/V02A_linkedin.png,https://www.tuconsultor.com/orbita/,,
896,17/09/2026,19:00,instagram,"🧩 Tu sistema de gestión no depende de una persona.

Si el responsable de calidad se va, el sistema se queda.

Orbita · PM Tool, el portal de gestión de TuConsultor.
Enlace en bio.

❤️ Gestión con corazón desde 2006.

#OrbitaPMTool #SistemasDeGestión #TuConsultor #Continuidad #Equipo #GestiónConCorazón #Orbita",https://www.tuconsultor.com/social-img/orbita/V02A_instagram.png,https://www.tuconsultor.com/orbita/,,
897,18/09/2026,08:45,linkedin_alejandro,"Vacaciones, bajas, cambios. El sistema sigue.

Agosto es la prueba de fuego de un sistema de gestión. En Orbita, las tareas del sistema tienen dueño y sustituto, y el consultor las ve. Cuando vuelve el equipo, no hay que reconstruir nada.

Si quieres verlo con tu sistema, escríbeme.
👉 https://www.tuconsultor.com/orbita/?utm_source=linkedin_alejandro&utm_medium=social&utm_campaign=orbita-ventajas&utm_content=v02b

#OrbitaPMTool #SistemasDeGestión #TuConsultor #Continuidad #Equipo",https://www.tuconsultor.com/social-img/orbita/V02B_linkedin.png,https://www.tuconsultor.com/orbita/,,
898,18/09/2026,19:00,linkedin,"Vacaciones, bajas, cambios. El sistema sigue.

En Orbita cada tarea tiene responsable, plazo y evidencia. Si alguien falta, se reasigna y sigue. La auditoría no espera a que vuelva nadie de vacaciones, y tu sistema tampoco.

Orbita · PM Tool, el portal de gestión de TuConsultor.
👉 https://www.tuconsultor.com/orbita/?utm_source=linkedin&utm_medium=social&utm_campaign=orbita-ventajas&utm_content=v02b

#OrbitaPMTool #SistemasDeGestión #TuConsultor #Continuidad #Equipo",https://www.tuconsultor.com/social-img/orbita/V02B_linkedin.png,https://www.tuconsultor.com/orbita/,,
899,18/09/2026,19:00,instagram,"🧩 Vacaciones, bajas, cambios. El sistema sigue.

Tareas con dueño, plazos y sustituto. Nada se para.

Orbita · PM Tool, el portal de gestión de TuConsultor.
Enlace en bio.

❤️ Gestión con corazón desde 2006.

#OrbitaPMTool #SistemasDeGestión #TuConsultor #Continuidad #Equipo #GestiónConCorazón #Orbita",https://www.tuconsultor.com/social-img/orbita/V02B_instagram.png,https://www.tuconsultor.com/orbita/,,
900,19/09/2026,08:45,linkedin_alejandro,"El conocimiento del sistema es de la empresa.

Como consultor, mi trabajo es que el cliente no me necesite para saber cómo funciona su sistema. Orbita lo hace posible: todo lo que hacemos juntos queda en su portal, no en mis notas.

Si quieres verlo con tu sistema, escríbeme.
👉 https://www.tuconsultor.com/orbita/?utm_source=linkedin_alejandro&utm_medium=social&utm_campaign=orbita-ventajas&utm_content=v02c

#OrbitaPMTool #SistemasDeGestión #TuConsultor #Continuidad #Equipo",https://www.tuconsultor.com/social-img/orbita/V02C_linkedin.png,https://www.tuconsultor.com/orbita/,,
901,19/09/2026,19:00,linkedin,"El conocimiento del sistema es de la empresa.

Cuando el sistema está en Orbita, el conocimiento se queda en la empresa: qué se hizo, por qué, con qué evidencia. Cambie quien cambie, el hilo no se rompe.

Orbita · PM Tool, el portal de gestión de TuConsultor.
👉 https://www.tuconsultor.com/orbita/?utm_source=linkedin&utm_medium=social&utm_campaign=orbita-ventajas&utm_content=v02c

#OrbitaPMTool #SistemasDeGestión #TuConsultor #Continuidad #Equipo",https://www.tuconsultor.com/social-img/orbita/V02C_linkedin.png,https://www.tuconsultor.com/orbita/,,
902,19/09/2026,19:00,instagram,"🧩 El conocimiento del sistema es de la empresa.

No del consultor. No del responsable. De la organización.

Orbita · PM Tool, el portal de gestión de TuConsultor.
Enlace en bio.

❤️ Gestión con corazón desde 2006.

#OrbitaPMTool #SistemasDeGestión #TuConsultor #Continuidad #Equipo #GestiónConCorazón #Orbita",https://www.tuconsultor.com/social-img/orbita/V02C_instagram.png,https://www.tuconsultor.com/orbita/,,
903,20/09/2026,08:45,linkedin_alejandro,"Siempre atendido. No una visita al mes.

Ya no trabajo a golpe de visita mensual. Estoy dentro del portal de cada cliente, veo lo que avanza y lo que se atasca, y actúo antes de que sea un problema. Siempre atendido no es un eslogan: es el modelo.

Si quieres verlo con tu sistema, escríbeme.
👉 https://www.tuconsultor.com/orbita/?utm_source=linkedin_alejandro&utm_medium=social&utm_campaign=orbita-ventajas&utm_content=v03a

#OrbitaPMTool #SistemasDeGestión #TuConsultor #Consultoría #Acompañamiento",https://www.tuconsultor.com/social-img/orbita/V03A_linkedin.png,https://www.tuconsultor.com/orbita/,,
904,20/09/2026,19:00,linkedin,"Siempre atendido. No una visita al mes.

La consultoría clásica es una visita mensual y un correo cuando hay prisa. En Orbita el consultor está dentro del portal: ve las tareas, contesta las dudas y programa el trabajo semana a semana. Acompañamiento de verdad, no presencia.

Orbita · PM Tool, el portal de gestión de TuConsultor.
👉 https://www.tuconsultor.com/orbita/?utm_source=linkedin&utm_medium=social&utm_campaign=orbita-ventajas&utm_content=v03a

#OrbitaPMTool #SistemasDeGestión #TuConsultor #Consultoría #Acompañamiento",https://www.tuconsultor.com/social-img/orbita/V03A_linkedin.png,https://www.tuconsultor.com/orbita/,,
905,20/09/2026,19:00,instagram,"🤝 Siempre atendido. No una visita al mes.

Tu consultor dentro del portal, cada semana, no solo antes de la auditoría.

Orbita · PM Tool, el portal de gestión de TuConsultor.
Enlace en bio.

❤️ Gestión con corazón desde 2006.

#OrbitaPMTool #SistemasDeGestión #TuConsultor #Consultoría #Acompañamiento #GestiónConCorazón #Orbita",https://www.tuconsultor.com/social-img/orbita/V03A_instagram.png,https://www.tuconsultor.com/orbita/,,
906,21/09/2026,08:45,linkedin_alejandro,"Cada tarea del sistema tiene a alguien detrás.

Lo que más agradecen mis clientes de Orbita no es la tecnología: es saber quién de mi equipo se ocupa de cada cosa y cuándo. Eso es estar atendido.

Si quieres verlo con tu sistema, escríbeme.
👉 https://www.tuconsultor.com/orbita/?utm_source=linkedin_alejandro&utm_medium=social&utm_campaign=orbita-ventajas&utm_content=v03b

#OrbitaPMTool #SistemasDeGestión #TuConsultor #Consultoría #Acompañamiento",https://www.tuconsultor.com/social-img/orbita/V03B_linkedin.png,https://www.tuconsultor.com/orbita/,,
907,21/09/2026,19:00,linkedin,"Cada tarea del sistema tiene a alguien detrás.

En Orbita cada proyecto tiene su consultor y cada tarea su sesión programada. El cliente ve quién viene, cuándo y a qué. Sin perseguir a nadie por correo.

Orbita · PM Tool, el portal de gestión de TuConsultor.
👉 https://www.tuconsultor.com/orbita/?utm_source=linkedin&utm_medium=social&utm_campaign=orbita-ventajas&utm_content=v03b

#OrbitaPMTool #SistemasDeGestión #TuConsultor #Consultoría #Acompañamiento",https://www.tuconsultor.com/social-img/orbita/V03B_linkedin.png,https://www.tuconsultor.com/orbita/,,
908,21/09/2026,19:00,instagram,"🤝 Cada tarea del sistema tiene a alguien detrás.

Consultor asignado, agenda compartida y seguimiento en el portal.

Orbita · PM Tool, el portal de gestión de TuConsultor.
Enlace en bio.

❤️ Gestión con corazón desde 2006.

#OrbitaPMTool #SistemasDeGestión #TuConsultor #Consultoría #Acompañamiento #GestiónConCorazón #Orbita",https://www.tuconsultor.com/social-img/orbita/V03B_instagram.png,https://www.tuconsultor.com/orbita/,,
909,22/09/2026,08:45,linkedin_alejandro,"Relación, Implicación o Compromiso.

Hay clientes que quieren que les acompañe y clientes que quieren que me ocupe. Por eso Orbita tiene tres modelos: Relación, Implicación y Compromiso. Elige el tuyo y el portal se adapta.

Si quieres verlo con tu sistema, escríbeme.
👉 https://www.tuconsultor.com/orbita/?utm_source=linkedin_alejandro&utm_medium=social&utm_campaign=orbita-ventajas&utm_content=v03c

#OrbitaPMTool #SistemasDeGestión #TuConsultor #Consultoría #Acompañamiento",https://www.tuconsultor.com/social-img/orbita/V03C_linkedin.png,https://www.tuconsultor.com/orbita/,,
910,22/09/2026,19:00,linkedin,"Relación, Implicación o Compromiso.

No todas las empresas necesitan lo mismo. En Orbita trabajamos con tres modelos: Relación (te acompañamos), Implicación (lo hacemos contigo) y Compromiso (lo llevamos por ti). El portal es el mismo; cambia cuánto hacemos nosotros.

Orbita · PM Tool, el portal de gestión de TuConsultor.
👉 https://www.tuconsultor.com/orbita/?utm_source=linkedin&utm_medium=social&utm_campaign=orbita-ventajas&utm_content=v03c

#OrbitaPMTool #SistemasDeGestión #TuConsultor #Consultoría #Acompañamiento",https://www.tuconsultor.com/social-img/orbita/V03C_linkedin.png,https://www.tuconsultor.com/orbita/,,
911,22/09/2026,19:00,instagram,"🤝 Relación, Implicación o Compromiso.

Tres modelos de acompañamiento. Tú eliges cuánto nos metemos.

Orbita · PM Tool, el portal de gestión de TuConsultor.
Enlace en bio.

❤️ Gestión con corazón desde 2006.

#OrbitaPMTool #SistemasDeGestión #TuConsultor #Consultoría #Acompañamiento #GestiónConCorazón #Orbita",https://www.tuconsultor.com/social-img/orbita/V03C_instagram.png,https://www.tuconsultor.com/orbita/,,
912,23/09/2026,08:45,linkedin_alejandro,"Diez años de sistema en un solo hilo.

Lo primero que pide un auditor es el hilo: qué pasó el año pasado y qué hicisteis. En Orbita el hilo está entero, con fecha y evidencia. Es el legado del sistema, y es de la empresa.

Si quieres verlo con tu sistema, escríbeme.
👉 https://www.tuconsultor.com/orbita/?utm_source=linkedin_alejandro&utm_medium=social&utm_campaign=orbita-ventajas&utm_content=v04a

#OrbitaPMTool #SistemasDeGestión #TuConsultor #Legado #Conocimiento",https://www.tuconsultor.com/social-img/orbita/V04A_linkedin.png,https://www.tuconsultor.com/orbita/,,
913,23/09/2026,19:00,linkedin,"Diez años de sistema en un solo hilo.

Un sistema de gestión es su historia: qué falló, qué se decidió, qué se cambió. En Orbita ese legado está ordenado por proyecto y por proceso, con fecha, autor y evidencia. Nada se pierde entre versiones de carpeta.

Orbita · PM Tool, el portal de gestión de TuConsultor.
👉 https://www.tuconsultor.com/orbita/?utm_source=linkedin&utm_medium=social&utm_campaign=orbita-ventajas&utm_content=v04a

#OrbitaPMTool #SistemasDeGestión #TuConsultor #Legado #Conocimiento",https://www.tuconsultor.com/social-img/orbita/V04A_linkedin.png,https://www.tuconsultor.com/orbita/,,
914,23/09/2026,19:00,instagram,"📚 Diez años de sistema en un solo hilo.

Auditorías, no conformidades, cambios y decisiones. Con fecha y evidencia.

Orbita · PM Tool, el portal de gestión de TuConsultor.
Enlace en bio.

❤️ Gestión con corazón desde 2006.

#OrbitaPMTool #SistemasDeGestión #TuConsultor #Legado #Conocimiento #GestiónConCorazón #Orbita",https://www.tuconsultor.com/social-img/orbita/V04A_instagram.png,https://www.tuconsultor.com/orbita/,,
915,24/09/2026,08:45,linkedin_alejandro,"La no conformidad de 2024 y lo que hiciste con ella.

Una no conformidad bien cerrada es la mejor prueba de que el sistema funciona. Con Orbita queda el ciclo completo: hallazgo, causa, acción y eficacia. Eso es gestionar el legado.

Si quieres verlo con tu sistema, escríbeme.
👉 https://www.tuconsultor.com/orbita/?utm_source=linkedin_alejandro&utm_medium=social&utm_campaign=orbita-ventajas&utm_content=v04b

#OrbitaPMTool #SistemasDeGestión #TuConsultor #Legado #Conocimiento",https://www.tuconsultor.com/social-img/orbita/V04B_linkedin.png,https://www.tuconsultor.com/orbita/,,
916,24/09/2026,19:00,linkedin,"La no conformidad de 2024 y lo que hiciste con ella.

En Orbita cada hallazgo lleva su análisis, su acción y su verificación de eficacia. Cuando el auditor pregunte por la no conformidad de hace dos años, la respuesta está en el portal, no en la memoria de nadie.

Orbita · PM Tool, el portal de gestión de TuConsultor.
👉 https://www.tuconsultor.com/orbita/?utm_source=linkedin&utm_medium=social&utm_campaign=orbita-ventajas&utm_content=v04b

#OrbitaPMTool #SistemasDeGestión #TuConsultor #Legado #Conocimiento",https://www.tuconsultor.com/social-img/orbita/V04B_linkedin.png,https://www.tuconsultor.com/orbita/,,
917,24/09/2026,19:00,instagram,"📚 La no conformidad de 2024 y lo que hiciste con ella.

En el portal, a dos clics. No en un correo de hace dos años.

Orbita · PM Tool, el portal de gestión de TuConsultor.
Enlace en bio.

❤️ Gestión con corazón desde 2006.

#OrbitaPMTool #SistemasDeGestión #TuConsultor #Legado #Conocimiento #GestiónConCorazón #Orbita",https://www.tuconsultor.com/social-img/orbita/V04B_instagram.png,https://www.tuconsultor.com/orbita/,,
918,25/09/2026,08:45,linkedin_alejandro,"Cambiar de consultor sin empezar de cero.

Sé que suena raro viniendo de un consultor: con Orbita puedes cambiar de consultor sin perder nada. El sistema, con todo su historial, es de la empresa. Así debería ser siempre.

Si quieres verlo con tu sistema, escríbeme.
👉 https://www.tuconsultor.com/orbita/?utm_source=linkedin_alejandro&utm_medium=social&utm_campaign=orbita-ventajas&utm_content=v04c

#OrbitaPMTool #SistemasDeGestión #TuConsultor #Legado #Conocimiento",https://www.tuconsultor.com/social-img/orbita/V04C_linkedin.png,https://www.tuconsultor.com/orbita/,,
919,25/09/2026,19:00,linkedin,"Cambiar de consultor sin empezar de cero.

Con Orbita el sistema es tuyo: si cambia el consultor, el nuevo entra en el portal y continúa. Sin rehacer procedimientos, sin reconstruir el historial.

Orbita · PM Tool, el portal de gestión de TuConsultor.
👉 https://www.tuconsultor.com/orbita/?utm_source=linkedin&utm_medium=social&utm_campaign=orbita-ventajas&utm_content=v04c

#OrbitaPMTool #SistemasDeGestión #TuConsultor #Legado #Conocimiento",https://www.tuconsultor.com/social-img/orbita/V04C_linkedin.png,https://www.tuconsultor.com/orbita/,,
920,25/09/2026,19:00,instagram,"📚 Cambiar de consultor sin empezar de cero.

El sistema, sus decisiones y sus evidencias siguen en tu portal.

Orbita · PM Tool, el portal de gestión de TuConsultor.
Enlace en bio.

❤️ Gestión con corazón desde 2006.

#OrbitaPMTool #SistemasDeGestión #TuConsultor #Legado #Conocimiento #GestiónConCorazón #Orbita",https://www.tuconsultor.com/social-img/orbita/V04C_instagram.png,https://www.tuconsultor.com/orbita/,,
921,26/09/2026,08:45,linkedin_alejandro,"Tus procedimientos no viajan por WhatsApp.

Como consultor de ISO 27001 y ENS no podía ofrecer a mis clientes un portal que no cumpliera lo que yo exijo en las auditorías. Orbita tiene accesos por rol, registro de accesos y datos en la UE.

Si quieres verlo con tu sistema, escríbeme.
👉 https://www.tuconsultor.com/orbita/?utm_source=linkedin_alejandro&utm_medium=social&utm_campaign=orbita-ventajas&utm_content=v05a

#OrbitaPMTool #SistemasDeGestión #TuConsultor #ISO27001 #Seguridad",https://www.tuconsultor.com/social-img/orbita/V05A_linkedin.png,https://www.tuconsultor.com/orbita/,,
922,26/09/2026,19:00,linkedin,"Tus procedimientos no viajan por WhatsApp.

Un sistema de gestión maneja información sensible: auditorías, no conformidades, datos de personas. En Orbita cada usuario ve lo suyo, cada acceso queda registrado y los datos se alojan en la Unión Europea.

Orbita · PM Tool, el portal de gestión de TuConsultor.
👉 https://www.tuconsultor.com/orbita/?utm_source=linkedin&utm_medium=social&utm_campaign=orbita-ventajas&utm_content=v05a

#OrbitaPMTool #SistemasDeGestión #TuConsultor #ISO27001 #Seguridad",https://www.tuconsultor.com/social-img/orbita/V05A_linkedin.png,https://www.tuconsultor.com/orbita/,,
923,26/09/2026,19:00,instagram,"🔐 Tus procedimientos no viajan por WhatsApp.

Accesos por rol, trazabilidad y datos en la Unión Europea.

Orbita · PM Tool, el portal de gestión de TuConsultor.
Enlace en bio.

❤️ Gestión con corazón desde 2006.

#OrbitaPMTool #SistemasDeGestión #TuConsultor #ISO27001 #Seguridad #GestiónConCorazón #Orbita",https://www.tuconsultor.com/social-img/orbita/V05A_instagram.png,https://www.tuconsultor.com/orbita/,,
924,27/09/2026,08:45,linkedin_alejandro,"Quién vio qué y cuándo.

La trazabilidad no es un lujo: es un requisito. En Orbita sabemos quién entró, qué vio y qué cambió. Es la misma exigencia que aplico en cada implantación de 27001.

Si quieres verlo con tu sistema, escríbeme.
👉 https://www.tuconsultor.com/orbita/?utm_source=linkedin_alejandro&utm_medium=social&utm_campaign=orbita-ventajas&utm_content=v05b

#OrbitaPMTool #SistemasDeGestión #TuConsultor #ISO27001 #Seguridad",https://www.tuconsultor.com/social-img/orbita/V05B_linkedin.png,https://www.tuconsultor.com/orbita/,,
925,27/09/2026,19:00,linkedin,"Quién vio qué y cuándo.

Orbita registra entradas, accesos y cambios en el sistema. Es lo que piden la ISO 27001 y el ENS, y lo que necesitas para saber que la documentación del sistema está bajo control.

Orbita · PM Tool, el portal de gestión de TuConsultor.
👉 https://www.tuconsultor.com/orbita/?utm_source=linkedin&utm_medium=social&utm_campaign=orbita-ventajas&utm_content=v05b

#OrbitaPMTool #SistemasDeGestión #TuConsultor #ISO27001 #Seguridad",https://www.tuconsultor.com/social-img/orbita/V05B_linkedin.png,https://www.tuconsultor.com/orbita/,,
926,27/09/2026,19:00,instagram,"🔐 Quién vio qué y cuándo.

Registro de accesos y cambios. Lo que pide la ISO 27001 y el ENS.

Orbita · PM Tool, el portal de gestión de TuConsultor.
Enlace en bio.

❤️ Gestión con corazón desde 2006.

#OrbitaPMTool #SistemasDeGestión #TuConsultor #ISO27001 #Seguridad #GestiónConCorazón #Orbita",https://www.tuconsultor.com/social-img/orbita/V05B_instagram.png,https://www.tuconsultor.com/orbita/,,
927,28/09/2026,08:45,linkedin_alejandro,"Copias, cifrado y accesos que no dependen de nadie.

Cada vez que veo un sistema de gestión en una carpeta compartida sin control de accesos, pienso en el día que alguien lo borre sin querer. Con Orbita ese día no llega.

Si quieres verlo con tu sistema, escríbeme.
👉 https://www.tuconsultor.com/orbita/?utm_source=linkedin_alejandro&utm_medium=social&utm_campaign=orbita-ventajas&utm_content=v05c

#OrbitaPMTool #SistemasDeGestión #TuConsultor #ISO27001 #Seguridad",https://www.tuconsultor.com/social-img/orbita/V05C_linkedin.png,https://www.tuconsultor.com/orbita/,,
928,28/09/2026,19:00,linkedin,"Copias, cifrado y accesos que no dependen de nadie.

La carpeta compartida no tiene copias de seguridad verificadas ni control de accesos real. Orbita corre sobre infraestructura profesional en la UE, con copias, cifrado en tránsito y en reposo y accesos por rol.

Orbita · PM Tool, el portal de gestión de TuConsultor.
👉 https://www.tuconsultor.com/orbita/?utm_source=linkedin&utm_medium=social&utm_campaign=orbita-ventajas&utm_content=v05c

#OrbitaPMTool #SistemasDeGestión #TuConsultor #ISO27001 #Seguridad",https://www.tuconsultor.com/social-img/orbita/V05C_linkedin.png,https://www.tuconsultor.com/orbita/,,
929,28/09/2026,19:00,instagram,"🔐 Copias, cifrado y accesos que no dependen de nadie.

Infraestructura profesional, no una carpeta compartida.

Orbita · PM Tool, el portal de gestión de TuConsultor.
Enlace en bio.

❤️ Gestión con corazón desde 2006.

#OrbitaPMTool #SistemasDeGestión #TuConsultor #ISO27001 #Seguridad #GestiónConCorazón #Orbita",https://www.tuconsultor.com/social-img/orbita/V05C_instagram.png,https://www.tuconsultor.com/orbita/,,
930,29/09/2026,08:45,linkedin_alejandro,"Preguntas al sistema. Respuestas al momento.

Mis clientes me hacían las mismas preguntas una y otra vez. Ahora se las hacen al portal y la respuesta sale de su propia documentación. Yo me quedo para lo que aporta valor.

Si quieres verlo con tu sistema, escríbeme.
👉 https://www.tuconsultor.com/orbita/?utm_source=linkedin_alejandro&utm_medium=social&utm_campaign=orbita-ventajas&utm_content=v06a

#OrbitaPMTool #SistemasDeGestión #TuConsultor #IA #Consultoría",https://www.tuconsultor.com/social-img/orbita/V06A_linkedin.png,https://www.tuconsultor.com/orbita/,,
931,29/09/2026,19:00,linkedin,"Preguntas al sistema. Respuestas al momento.

«¿Qué dice nuestro procedimiento de compras?» «¿Qué me toca antes de la auditoría?» En Orbita las respuestas salen de tu propia documentación, al instante, sin esperar al consultor ni buscar en carpetas.

Orbita · PM Tool, el portal de gestión de TuConsultor.
👉 https://www.tuconsultor.com/orbita/?utm_source=linkedin&utm_medium=social&utm_campaign=orbita-ventajas&utm_content=v06a

#OrbitaPMTool #SistemasDeGestión #TuConsultor #IA #Consultoría",https://www.tuconsultor.com/social-img/orbita/V06A_linkedin.png,https://www.tuconsultor.com/orbita/,,
932,29/09/2026,19:00,instagram,"⚡ Preguntas al sistema. Respuestas al momento.

La documentación de tu ISO responde: qué dice el procedimiento, qué toca ahora.

Orbita · PM Tool, el portal de gestión de TuConsultor.
Enlace en bio.

❤️ Gestión con corazón desde 2006.

#OrbitaPMTool #SistemasDeGestión #TuConsultor #IA #Consultoría #GestiónConCorazón #Orbita",https://www.tuconsultor.com/social-img/orbita/V06A_instagram.png,https://www.tuconsultor.com/orbita/,,
933,30/09/2026,08:45,linkedin_alejandro,"Sin esperar al correo del consultor.

Odiaba ser el cuello de botella de mis clientes. Con Orbita las dudas del día a día se resuelven al momento y con referencia al procedimiento. Yo entro cuando hace falta criterio, no para buscar un párrafo.

Si quieres verlo con tu sistema, escríbeme.
👉 https://www.tuconsultor.com/orbita/?utm_source=linkedin_alejandro&utm_medium=social&utm_campaign=orbita-ventajas&utm_content=v06b

#OrbitaPMTool #SistemasDeGestión #TuConsultor #IA #Consultoría",https://www.tuconsultor.com/social-img/orbita/V06B_linkedin.png,https://www.tuconsultor.com/orbita/,,
934,30/09/2026,19:00,linkedin,"Sin esperar al correo del consultor.

Una duda del sistema no puede esperar tres días a que el consultor conteste el correo. En Orbita la respuesta es inmediata y cita el procedimiento: si hace falta más, el consultor entra en el mismo hilo.

Orbita · PM Tool, el portal de gestión de TuConsultor.
👉 https://www.tuconsultor.com/orbita/?utm_source=linkedin&utm_medium=social&utm_campaign=orbita-ventajas&utm_content=v06b

#OrbitaPMTool #SistemasDeGestión #TuConsultor #IA #Consultoría",https://www.tuconsultor.com/social-img/orbita/V06B_linkedin.png,https://www.tuconsultor.com/orbita/,,
935,30/09/2026,19:00,instagram,"⚡ Sin esperar al correo del consultor.

Dudas resueltas en el portal, con la referencia al procedimiento.

Orbita · PM Tool, el portal de gestión de TuConsultor.
Enlace en bio.

❤️ Gestión con corazón desde 2006.

#OrbitaPMTool #SistemasDeGestión #TuConsultor #IA #Consultoría #GestiónConCorazón #Orbita",https://www.tuconsultor.com/social-img/orbita/V06B_instagram.png,https://www.tuconsultor.com/orbita/,,
936,01/10/2026,08:45,linkedin_alejandro,"La auditoría empieza cuando tú quieras.

Preparar una auditoría era una semana de nervios. Con Orbita mis clientes se hacen las preguntas del auditor antes, con sus propios datos, y llegan tranquilos.

Si quieres verlo con tu sistema, escríbeme.
👉 https://www.tuconsultor.com/orbita/?utm_source=linkedin_alejandro&utm_medium=social&utm_campaign=orbita-ventajas&utm_content=v06c

#OrbitaPMTool #SistemasDeGestión #TuConsultor #IA #Consultoría",https://www.tuconsultor.com/social-img/orbita/V06C_linkedin.png,https://www.tuconsultor.com/orbita/,,
937,01/10/2026,19:00,linkedin,"La auditoría empieza cuando tú quieras.

Antes de la auditoría, pregunta al portal lo que preguntaría el auditor. Orbita responde con tu documentación y te dice dónde hay hueco. Llegas sabiendo qué van a encontrar.

Orbita · PM Tool, el portal de gestión de TuConsultor.
👉 https://www.tuconsultor.com/orbita/?utm_source=linkedin&utm_medium=social&utm_campaign=orbita-ventajas&utm_content=v06c

#OrbitaPMTool #SistemasDeGestión #TuConsultor #IA #Consultoría",https://www.tuconsultor.com/social-img/orbita/V06C_linkedin.png,https://www.tuconsultor.com/orbita/,,
938,01/10/2026,19:00,instagram,"⚡ La auditoría empieza cuando tú quieras.

Simula preguntas del auditor y comprueba las respuestas con tu documentación.

Orbita · PM Tool, el portal de gestión de TuConsultor.
Enlace en bio.

❤️ Gestión con corazón desde 2006.

#OrbitaPMTool #SistemasDeGestión #TuConsultor #IA #Consultoría #GestiónConCorazón #Orbita",https://www.tuconsultor.com/social-img/orbita/V06C_instagram.png,https://www.tuconsultor.com/orbita/,,
939,02/10/2026,08:45,linkedin_alejandro,"Tus indicadores, en tiempo real.

Ver es la mitad del control. En Orbita cada cliente tiene su dashboard: indicadores, tareas y auditorías en vivo. Y yo veo lo mismo, así que no hace falta preguntar.

Si quieres verlo con tu sistema, escríbeme.
👉 https://www.tuconsultor.com/orbita/?utm_source=linkedin_alejandro&utm_medium=social&utm_campaign=orbita-ventajas&utm_content=v07a

#OrbitaPMTool #SistemasDeGestión #TuConsultor #Dashboard #Dirección",https://www.tuconsultor.com/social-img/orbita/V07A_linkedin.png,https://www.tuconsultor.com/orbita/,,
940,02/10/2026,19:00,linkedin,"Tus indicadores, en tiempo real.

Un sistema de gestión sin indicadores a la vista es un archivo. En Orbita el dashboard muestra objetivos, no conformidades abiertas, tareas pendientes y próximas auditorías, actualizado según se trabaja.

Orbita · PM Tool, el portal de gestión de TuConsultor.
👉 https://www.tuconsultor.com/orbita/?utm_source=linkedin&utm_medium=social&utm_campaign=orbita-ventajas&utm_content=v07a

#OrbitaPMTool #SistemasDeGestión #TuConsultor #Dashboard #Dirección",https://www.tuconsultor.com/social-img/orbita/V07A_linkedin.png,https://www.tuconsultor.com/orbita/,,
941,02/10/2026,19:00,instagram,"📊 Tus indicadores, en tiempo real.

Objetivos, no conformidades, tareas y auditorías en una pantalla.

Orbita · PM Tool, el portal de gestión de TuConsultor.
Enlace en bio.

❤️ Gestión con corazón desde 2006.

#OrbitaPMTool #SistemasDeGestión #TuConsultor #Dashboard #Dirección #GestiónConCorazón #Orbita",https://www.tuconsultor.com/social-img/orbita/V07A_instagram.png,https://www.tuconsultor.com/orbita/,,
942,03/10/2026,08:45,linkedin_alejandro,"El comité de dirección sin preparar el Excel.

La revisión por la dirección es el momento más útil del sistema y el peor preparado. Con Orbita los datos ya están; dedicamos la reunión a decidir. Eso cambia la conversación con la dirección.

Si quieres verlo con tu sistema, escríbeme.
👉 https://www.tuconsultor.com/orbita/?utm_source=linkedin_alejandro&utm_medium=social&utm_campaign=orbita-ventajas&utm_content=v07b

#OrbitaPMTool #SistemasDeGestión #TuConsultor #Dashboard #Dirección",https://www.tuconsultor.com/social-img/orbita/V07B_linkedin.png,https://www.tuconsultor.com/orbita/,,
943,03/10/2026,19:00,linkedin,"El comité de dirección sin preparar el Excel.

La revisión por la dirección no debería empezar con dos semanas de recopilar datos. En Orbita los indicadores del sistema están siempre al día: la reunión es para decidir, no para reunir.

Orbita · PM Tool, el portal de gestión de TuConsultor.
👉 https://www.tuconsultor.com/orbita/?utm_source=linkedin&utm_medium=social&utm_campaign=orbita-ventajas&utm_content=v07b

#OrbitaPMTool #SistemasDeGestión #TuConsultor #Dashboard #Dirección",https://www.tuconsultor.com/social-img/orbita/V07B_linkedin.png,https://www.tuconsultor.com/orbita/,,
944,03/10/2026,19:00,instagram,"📊 El comité de dirección sin preparar el Excel.

Los datos de la revisión por la dirección ya están en el portal.

Orbita · PM Tool, el portal de gestión de TuConsultor.
Enlace en bio.

❤️ Gestión con corazón desde 2006.

#OrbitaPMTool #SistemasDeGestión #TuConsultor #Dashboard #Dirección #GestiónConCorazón #Orbita",https://www.tuconsultor.com/social-img/orbita/V07B_instagram.png,https://www.tuconsultor.com/orbita/,,
945,04/10/2026,08:45,linkedin_alejandro,"Un semáforo por proceso. Sin sorpresas.

Un dashboard no es para mirar números: es para no llevarse sorpresas. En Orbita el semáforo por proceso avisa antes de que el problema llegue a la auditoría.

Si quieres verlo con tu sistema, escríbeme.
👉 https://www.tuconsultor.com/orbita/?utm_source=linkedin_alejandro&utm_medium=social&utm_campaign=orbita-ventajas&utm_content=v07c

#OrbitaPMTool #SistemasDeGestión #TuConsultor #Dashboard #Dirección",https://www.tuconsultor.com/social-img/orbita/V07C_linkedin.png,https://www.tuconsultor.com/orbita/,,
946,04/10/2026,19:00,linkedin,"Un semáforo por proceso. Sin sorpresas.

En Orbita cada proceso y cada proyecto tienen su estado: al día, en riesgo o retrasado. La dirección ve el sistema completo de un vistazo y decide con datos, no con sensaciones.

Orbita · PM Tool, el portal de gestión de TuConsultor.
👉 https://www.tuconsultor.com/orbita/?utm_source=linkedin&utm_medium=social&utm_campaign=orbita-ventajas&utm_content=v07c

#OrbitaPMTool #SistemasDeGestión #TuConsultor #Dashboard #Dirección",https://www.tuconsultor.com/social-img/orbita/V07C_linkedin.png,https://www.tuconsultor.com/orbita/,,
947,04/10/2026,19:00,instagram,"📊 Un semáforo por proceso. Sin sorpresas.

Qué va bien, qué se retrasa y qué necesita decisión. A un vistazo.

Orbita · PM Tool, el portal de gestión de TuConsultor.
Enlace en bio.

❤️ Gestión con corazón desde 2006.

#OrbitaPMTool #SistemasDeGestión #TuConsultor #Dashboard #Dirección #GestiónConCorazón #Orbita",https://www.tuconsultor.com/social-img/orbita/V07C_instagram.png,https://www.tuconsultor.com/orbita/,,
948,05/10/2026,08:45,linkedin_alejandro,"La documentación del sistema, disponible 24/7.

La documentación del sistema no puede depender de que alguien esté en la oficina. En Orbita está siempre disponible, con la versión vigente. Es lo mínimo para un sistema que dice estar vivo.

Si quieres verlo con tu sistema, escríbeme.
👉 https://www.tuconsultor.com/orbita/?utm_source=linkedin_alejandro&utm_medium=social&utm_campaign=orbita-ventajas&utm_content=v08a

#OrbitaPMTool #SistemasDeGestión #TuConsultor #Documentación #Auditoría",https://www.tuconsultor.com/social-img/orbita/V08A_linkedin.png,https://www.tuconsultor.com/orbita/,,
949,05/10/2026,19:00,linkedin,"La documentación del sistema, disponible 24/7.

El auditor llega a las 8 y el responsable está de viaje. Da igual: en Orbita la documentación del sistema está disponible las 24 horas, con la versión vigente y su historial. Sin pedir nada a nadie.

Orbita · PM Tool, el portal de gestión de TuConsultor.
👉 https://www.tuconsultor.com/orbita/?utm_source=linkedin&utm_medium=social&utm_campaign=orbita-ventajas&utm_content=v08a

#OrbitaPMTool #SistemasDeGestión #TuConsultor #Documentación #Auditoría",https://www.tuconsultor.com/social-img/orbita/V08A_linkedin.png,https://www.tuconsultor.com/orbita/,,
950,05/10/2026,19:00,instagram,"🗂️ La documentación del sistema, disponible 24/7.

Procedimientos, registros y evidencias. A cualquier hora, desde cualquier sitio.

Orbita · PM Tool, el portal de gestión de TuConsultor.
Enlace en bio.

❤️ Gestión con corazón desde 2006.

#OrbitaPMTool #SistemasDeGestión #TuConsultor #Documentación #Auditoría #GestiónConCorazón #Orbita",https://www.tuconsultor.com/social-img/orbita/V08A_instagram.png,https://www.tuconsultor.com/orbita/,,
951,06/10/2026,08:45,linkedin_alejandro,"Un solo lugar para cada documento.

La pregunta «¿cuál es la versión buena?» desaparece con Orbita. Hay una, está en el portal y se puede consultar a cualquier hora. Parece poco; cambia la auditoría entera.

Si quieres verlo con tu sistema, escríbeme.
👉 https://www.tuconsultor.com/orbita/?utm_source=linkedin_alejandro&utm_medium=social&utm_campaign=orbita-ventajas&utm_content=v08b

#OrbitaPMTool #SistemasDeGestión #TuConsultor #Documentación #Auditoría",https://www.tuconsultor.com/social-img/orbita/V08B_linkedin.png,https://www.tuconsultor.com/orbita/,,
952,06/10/2026,19:00,linkedin,"Un solo lugar para cada documento.

En Orbita cada documento tiene un lugar, un estado y un historial. La copia que alguien guardó en su escritorio deja de ser un riesgo porque nadie la necesita.

Orbita · PM Tool, el portal de gestión de TuConsultor.
👉 https://www.tuconsultor.com/orbita/?utm_source=linkedin&utm_medium=social&utm_campaign=orbita-ventajas&utm_content=v08b

#OrbitaPMTool #SistemasDeGestión #TuConsultor #Documentación #Auditoría",https://www.tuconsultor.com/social-img/orbita/V08B_linkedin.png,https://www.tuconsultor.com/orbita/,,
953,06/10/2026,19:00,instagram,"🗂️ Un solo lugar para cada documento.

Sin copias en el escritorio ni versiones en el correo.

Orbita · PM Tool, el portal de gestión de TuConsultor.
Enlace en bio.

❤️ Gestión con corazón desde 2006.

#OrbitaPMTool #SistemasDeGestión #TuConsultor #Documentación #Auditoría #GestiónConCorazón #Orbita",https://www.tuconsultor.com/social-img/orbita/V08B_instagram.png,https://www.tuconsultor.com/orbita/,,
954,07/10/2026,08:45,linkedin_alejandro,"Evidencias con fecha, no capturas en el móvil.

He visto auditorías salvadas con capturas de un móvil. Con Orbita las evidencias están en su sitio, con fecha y responsable. La diferencia entre aprobar y demostrar.

Si quieres verlo con tu sistema, escríbeme.
👉 https://www.tuconsultor.com/orbita/?utm_source=linkedin_alejandro&utm_medium=social&utm_campaign=orbita-ventajas&utm_content=v08c

#OrbitaPMTool #SistemasDeGestión #TuConsultor #Documentación #Auditoría",https://www.tuconsultor.com/social-img/orbita/V08C_linkedin.png,https://www.tuconsultor.com/orbita/,,
955,07/10/2026,19:00,linkedin,"Evidencias con fecha, no capturas en el móvil.

Las evidencias del sistema en Orbita cuelgan del proceso y de la tarea: quién, cuándo y qué. Cuando el auditor pide la prueba, está donde debe estar, no en el carrete de un teléfono.

Orbita · PM Tool, el portal de gestión de TuConsultor.
👉 https://www.tuconsultor.com/orbita/?utm_source=linkedin&utm_medium=social&utm_campaign=orbita-ventajas&utm_content=v08c

#OrbitaPMTool #SistemasDeGestión #TuConsultor #Documentación #Auditoría",https://www.tuconsultor.com/social-img/orbita/V08C_linkedin.png,https://www.tuconsultor.com/orbita/,,
956,07/10/2026,19:00,instagram,"🗂️ Evidencias con fecha, no capturas en el móvil.

Cada registro en su proceso, con quién y cuándo. Listo para auditar.

Orbita · PM Tool, el portal de gestión de TuConsultor.
Enlace en bio.

❤️ Gestión con corazón desde 2006.

#OrbitaPMTool #SistemasDeGestión #TuConsultor #Documentación #Auditoría #GestiónConCorazón #Orbita",https://www.tuconsultor.com/social-img/orbita/V08C_instagram.png,https://www.tuconsultor.com/orbita/,,
957,08/10/2026,08:45,linkedin_alejandro,"Respuesta 24/7. También un domingo.

No prometo estar disponible un domingo a las once. Prometo que mis clientes tendrán respuesta: el portal contesta con su documentación y yo retomo el lunes con criterio. Eso es 24/7 de verdad.

Si quieres verlo con tu sistema, escríbeme.
👉 https://www.tuconsultor.com/orbita/?utm_source=linkedin_alejandro&utm_medium=social&utm_campaign=orbita-ventajas&utm_content=v09a

#OrbitaPMTool #SistemasDeGestión #TuConsultor #Soporte #Disponibilidad",https://www.tuconsultor.com/social-img/orbita/V09A_linkedin.png,https://www.tuconsultor.com/orbita/,,
958,08/10/2026,19:00,linkedin,"Respuesta 24/7. También un domingo.

Las dudas no esperan al lunes. En Orbita el portal responde a cualquier hora con tu documentación y el consultor retoma en horario. Siempre hay respuesta; luego, si hace falta, criterio.

Orbita · PM Tool, el portal de gestión de TuConsultor.
👉 https://www.tuconsultor.com/orbita/?utm_source=linkedin&utm_medium=social&utm_campaign=orbita-ventajas&utm_content=v09a

#OrbitaPMTool #SistemasDeGestión #TuConsultor #Soporte #Disponibilidad",https://www.tuconsultor.com/social-img/orbita/V09A_linkedin.png,https://www.tuconsultor.com/orbita/,,
959,08/10/2026,19:00,instagram,"🕐 Respuesta 24/7. También un domingo.

El portal contesta siempre; el consultor, en horario. Nunca te quedas sin respuesta.

Orbita · PM Tool, el portal de gestión de TuConsultor.
Enlace en bio.

❤️ Gestión con corazón desde 2006.

#OrbitaPMTool #SistemasDeGestión #TuConsultor #Soporte #Disponibilidad #GestiónConCorazón #Orbita",https://www.tuconsultor.com/social-img/orbita/V09A_instagram.png,https://www.tuconsultor.com/orbita/,,
960,09/10/2026,08:45,linkedin_alejandro,"Soporte dentro del portal. No un teléfono que nadie coge.

El soporte a un cliente no puede ser un correo perdido. En Orbita cada petición tiene número, estado y responsable. Yo lo veo y el cliente también.

Si quieres verlo con tu sistema, escríbeme.
👉 https://www.tuconsultor.com/orbita/?utm_source=linkedin_alejandro&utm_medium=social&utm_campaign=orbita-ventajas&utm_content=v09b

#OrbitaPMTool #SistemasDeGestión #TuConsultor #Soporte #Disponibilidad",https://www.tuconsultor.com/social-img/orbita/V09B_linkedin.png,https://www.tuconsultor.com/orbita/,,
961,09/10/2026,19:00,linkedin,"Soporte dentro del portal. No un teléfono que nadie coge.

En Orbita el soporte está dentro: cada consulta o incidencia queda registrada, con estado y responsable. Sabes que se ha recibido y sabes en qué punto está.

Orbita · PM Tool, el portal de gestión de TuConsultor.
👉 https://www.tuconsultor.com/orbita/?utm_source=linkedin&utm_medium=social&utm_campaign=orbita-ventajas&utm_content=v09b

#OrbitaPMTool #SistemasDeGestión #TuConsultor #Soporte #Disponibilidad",https://www.tuconsultor.com/social-img/orbita/V09B_linkedin.png,https://www.tuconsultor.com/orbita/,,
962,09/10/2026,19:00,instagram,"🕐 Soporte dentro del portal. No un teléfono que nadie coge.

Consulta, incidencia o petición: queda registrada y con seguimiento.

Orbita · PM Tool, el portal de gestión de TuConsultor.
Enlace en bio.

❤️ Gestión con corazón desde 2006.

#OrbitaPMTool #SistemasDeGestión #TuConsultor #Soporte #Disponibilidad #GestiónConCorazón #Orbita",https://www.tuconsultor.com/social-img/orbita/V09B_instagram.png,https://www.tuconsultor.com/orbita/,,
963,10/10/2026,08:45,linkedin_alejandro,"Antes de la auditoría, a la hora que sea.

Sé que la víspera de una auditoría se trabaja hasta tarde. Por eso Orbita responde a cualquier hora con la documentación del cliente. Y yo llego a la auditoría sabiendo qué se ha consultado.

Si quieres verlo con tu sistema, escríbeme.
👉 https://www.tuconsultor.com/orbita/?utm_source=linkedin_alejandro&utm_medium=social&utm_campaign=orbita-ventajas&utm_content=v09c

#OrbitaPMTool #SistemasDeGestión #TuConsultor #Soporte #Disponibilidad",https://www.tuconsultor.com/social-img/orbita/V09C_linkedin.png,https://www.tuconsultor.com/orbita/,,
964,10/10/2026,19:00,linkedin,"Antes de la auditoría, a la hora que sea.

El día antes de la auditoría siempre surge algo. En Orbita el portal responde con tu documentación a cualquier hora y el equipo de TuConsultor está al tanto. Nadie llega solo a la auditoría.

Orbita · PM Tool, el portal de gestión de TuConsultor.
👉 https://www.tuconsultor.com/orbita/?utm_source=linkedin&utm_medium=social&utm_campaign=orbita-ventajas&utm_content=v09c

#OrbitaPMTool #SistemasDeGestión #TuConsultor #Soporte #Disponibilidad",https://www.tuconsultor.com/social-img/orbita/V09C_linkedin.png,https://www.tuconsultor.com/orbita/,,
965,10/10/2026,19:00,instagram,"🕐 Antes de la auditoría, a la hora que sea.

El día previo no tiene horario. El portal tampoco.

Orbita · PM Tool, el portal de gestión de TuConsultor.
Enlace en bio.

❤️ Gestión con corazón desde 2006.

#OrbitaPMTool #SistemasDeGestión #TuConsultor #Soporte #Disponibilidad #GestiónConCorazón #Orbita",https://www.tuconsultor.com/social-img/orbita/V09C_instagram.png,https://www.tuconsultor.com/orbita/,,
966,11/10/2026,08:45,linkedin_alejandro,"Desde el móvil, desde la planta, desde la auditoría.

Un sistema que solo se consulta desde el despacho de calidad no es un sistema. Orbita se abre en el móvil de quien está en planta. Ahí es donde el sistema se cumple o no.

Si quieres verlo con tu sistema, escríbeme.
👉 https://www.tuconsultor.com/orbita/?utm_source=linkedin_alejandro&utm_medium=social&utm_campaign=orbita-ventajas&utm_content=v10a

#OrbitaPMTool #SistemasDeGestión #TuConsultor #Accesibilidad #Móvil",https://www.tuconsultor.com/social-img/orbita/V10A_linkedin.png,https://www.tuconsultor.com/orbita/,,
967,11/10/2026,19:00,linkedin,"Desde el móvil, desde la planta, desde la auditoría.

Un sistema de gestión se usa donde pasa el trabajo: en planta, en obra, en la visita del auditor. Orbita es web, se abre en el móvil y no requiere instalación. Accesible para todo el equipo, no solo para calidad.

Orbita · PM Tool, el portal de gestión de TuConsultor.
👉 https://www.tuconsultor.com/orbita/?utm_source=linkedin&utm_medium=social&utm_campaign=orbita-ventajas&utm_content=v10a

#OrbitaPMTool #SistemasDeGestión #TuConsultor #Accesibilidad #Móvil",https://www.tuconsultor.com/social-img/orbita/V10A_linkedin.png,https://www.tuconsultor.com/orbita/,,
968,11/10/2026,19:00,instagram,"📱 Desde el móvil, desde la planta, desde la auditoría.

Orbita funciona donde estés. Sin instalar nada.

Orbita · PM Tool, el portal de gestión de TuConsultor.
Enlace en bio.

❤️ Gestión con corazón desde 2006.

#OrbitaPMTool #SistemasDeGestión #TuConsultor #Accesibilidad #Móvil #GestiónConCorazón #Orbita",https://www.tuconsultor.com/social-img/orbita/V10A_instagram.png,https://www.tuconsultor.com/orbita/,,
969,12/10/2026,08:45,linkedin_alejandro,"Para el equipo, el cliente y el auditor.

El sistema deja de ser «cosa de calidad» cuando cada persona ve lo suyo en el mismo portal. En Orbita el operario, la dirección y el auditor entran por la misma puerta, cada uno a su sitio.

Si quieres verlo con tu sistema, escríbeme.
👉 https://www.tuconsultor.com/orbita/?utm_source=linkedin_alejandro&utm_medium=social&utm_campaign=orbita-ventajas&utm_content=v10b

#OrbitaPMTool #SistemasDeGestión #TuConsultor #Accesibilidad #Móvil",https://www.tuconsultor.com/social-img/orbita/V10B_linkedin.png,https://www.tuconsultor.com/orbita/,,
970,12/10/2026,19:00,linkedin,"Para el equipo, el cliente y el auditor.

Orbita es hiperaccesible porque no es solo para calidad: el equipo ve sus tareas, la dirección su dashboard, el consultor el plan y el auditor las evidencias. Cada rol con su acceso, todos en el mismo sitio.

Orbita · PM Tool, el portal de gestión de TuConsultor.
👉 https://www.tuconsultor.com/orbita/?utm_source=linkedin&utm_medium=social&utm_campaign=orbita-ventajas&utm_content=v10b

#OrbitaPMTool #SistemasDeGestión #TuConsultor #Accesibilidad #Móvil",https://www.tuconsultor.com/social-img/orbita/V10B_linkedin.png,https://www.tuconsultor.com/orbita/,,
971,12/10/2026,19:00,instagram,"📱 Para el equipo, el cliente y el auditor.

Cada uno con su acceso y su vista. Todos en el mismo portal.

Orbita · PM Tool, el portal de gestión de TuConsultor.
Enlace en bio.

❤️ Gestión con corazón desde 2006.

#OrbitaPMTool #SistemasDeGestión #TuConsultor #Accesibilidad #Móvil #GestiónConCorazón #Orbita",https://www.tuconsultor.com/social-img/orbita/V10B_instagram.png,https://www.tuconsultor.com/orbita/,,
972,13/10/2026,08:45,linkedin_alejandro,"Accesible también para quien no ve, no oye o no puede.

Trabajo con entidades del ámbito social y de la discapacidad. No podía ofrecerles un portal que excluyera a parte de su equipo. Orbita cumple accesibilidad web: el sistema es de todos.

Si quieres verlo con tu sistema, escríbeme.
👉 https://www.tuconsultor.com/orbita/?utm_source=linkedin_alejandro&utm_medium=social&utm_campaign=orbita-ventajas&utm_content=v10c

#OrbitaPMTool #SistemasDeGestión #TuConsultor #Accesibilidad #Móvil",https://www.tuconsultor.com/social-img/orbita/V10C_linkedin.png,https://www.tuconsultor.com/orbita/,,
973,13/10/2026,19:00,linkedin,"Accesible también para quien no ve, no oye o no puede.

Hiperaccesible también significa accesible: Orbita está diseñado para usarse con lector de pantalla, con teclado y con contraste alto. Un sistema de gestión para toda la plantilla, sin excepciones.

Orbita · PM Tool, el portal de gestión de TuConsultor.
👉 https://www.tuconsultor.com/orbita/?utm_source=linkedin&utm_medium=social&utm_campaign=orbita-ventajas&utm_content=v10c

#OrbitaPMTool #SistemasDeGestión #TuConsultor #Accesibilidad #Móvil",https://www.tuconsultor.com/social-img/orbita/V10C_linkedin.png,https://www.tuconsultor.com/orbita/,,
974,13/10/2026,19:00,instagram,"📱 Accesible también para quien no ve, no oye o no puede.

Orbita cumple accesibilidad web. El sistema es de todos.

Orbita · PM Tool, el portal de gestión de TuConsultor.
Enlace en bio.

❤️ Gestión con corazón desde 2006.

#OrbitaPMTool #SistemasDeGestión #TuConsultor #Accesibilidad #Móvil #GestiónConCorazón #Orbita",https://www.tuconsultor.com/social-img/orbita/V10C_instagram.png,https://www.tuconsultor.com/orbita/,,
975,14/10/2026,08:45,linkedin_alejandro,"Las normas y los procesos en un solo portal.

Llevo veinte años viendo sistemas de gestión repartidos en carpetas, correos y cabezas. Por eso construimos Orbita: un solo portal donde están las normas, los procesos, las tareas y las evidencias. Ahora trabajo así con todos mis clientes.

Te lo enseño en 20 minutos con un proyecto real.
👉 https://www.tuconsultor.com/orbita/?utm_source=linkedin_alejandro&utm_medium=social&utm_campaign=orbita-ventajas&utm_content=v01a

#OrbitaPMTool #SistemasDeGestión #TuConsultor #PortalÚnico #ISO9001",https://www.tuconsultor.com/social-img/orbita/V01A_linkedin.png,https://www.tuconsultor.com/orbita/,,
976,14/10/2026,19:00,linkedin,"Las normas y los procesos en un solo portal.

La calidad en un Excel, los proyectos en otro, los procedimientos en una carpeta y el consultor por correo. Así no se gestiona: se sobrevive. Orbita junta las normas y los procesos en un solo portal, con el consultor y el cliente dentro.

Pide una demo de Orbita · PM Tool.
👉 https://www.tuconsultor.com/orbita/?utm_source=linkedin&utm_medium=social&utm_campaign=orbita-ventajas&utm_content=v01a

#OrbitaPMTool #SistemasDeGestión #TuConsultor #PortalÚnico #ISO9001",https://www.tuconsultor.com/social-img/orbita/V01A_linkedin.png,https://www.tuconsultor.com/orbita/,,
977,14/10/2026,19:00,instagram,"🧭 Las normas y los procesos en un solo portal.

ISO, procesos, tareas, evidencias y equipo. Un sitio. Orbita · PM Tool.

Pide una demo: enlace en bio.
Enlace en bio.

❤️ Gestión con corazón desde 2006.

#OrbitaPMTool #SistemasDeGestión #TuConsultor #PortalÚnico #ISO9001 #GestiónConCorazón #Orbita",https://www.tuconsultor.com/social-img/orbita/V01A_instagram.png,https://www.tuconsultor.com/orbita/,,
978,15/10/2026,08:45,linkedin_alejandro,"Un portal. Todas tus normas, todos tus procesos.

Cuando una empresa suma su segunda norma, lo normal es que duplique papeles. En Orbita no: las normas comparten los mismos procesos y las mismas evidencias. Menos trabajo, más control. Es lo que llevo años defendiendo.

Te lo enseño en 20 minutos con un proyecto real.
👉 https://www.tuconsultor.com/orbita/?utm_source=linkedin_alejandro&utm_medium=social&utm_campaign=orbita-ventajas&utm_content=v01b

#OrbitaPMTool #SistemasDeGestión #TuConsultor #PortalÚnico #ISO9001",https://www.tuconsultor.com/social-img/orbita/V01B_linkedin.png,https://www.tuconsultor.com/orbita/,,
979,15/10/2026,19:00,linkedin,"Un portal. Todas tus normas, todos tus procesos.

Cada norma que añades no puede ser otra carpeta y otro responsable. En Orbita las normas comparten procesos, tareas y evidencias: una integración de verdad, no una pestaña más.

Pide una demo de Orbita · PM Tool.
👉 https://www.tuconsultor.com/orbita/?utm_source=linkedin&utm_medium=social&utm_campaign=orbita-ventajas&utm_content=v01b

#OrbitaPMTool #SistemasDeGestión #TuConsultor #PortalÚnico #ISO9001",https://www.tuconsultor.com/social-img/orbita/V01B_linkedin.png,https://www.tuconsultor.com/orbita/,,
980,15/10/2026,19:00,instagram,"🧭 Un portal. Todas tus normas, todos tus procesos.

9001, 14001, 27001, 45001… y los procesos que las sostienen. Juntos.

Pide una demo: enlace en bio.
Enlace en bio.

❤️ Gestión con corazón desde 2006.

#OrbitaPMTool #SistemasDeGestión #TuConsultor #PortalÚnico #ISO9001 #GestiónConCorazón #Orbita",https://www.tuconsultor.com/social-img/orbita/V01B_instagram.png,https://www.tuconsultor.com/orbita/,,
981,16/10/2026,08:45,linkedin_alejandro,"Lo que no está en el portal, no existe.

Mi regla con los clientes es sencilla: lo que no está en Orbita no existe. Suena duro y es lo que más tranquilidad da. Una versión, la vigente, y todos mirando lo mismo.

Te lo enseño en 20 minutos con un proyecto real.
👉 https://www.tuconsultor.com/orbita/?utm_source=linkedin_alejandro&utm_medium=social&utm_campaign=orbita-ventajas&utm_content=v01c

#OrbitaPMTool #SistemasDeGestión #TuConsultor #PortalÚnico #ISO9001",https://www.tuconsultor.com/social-img/orbita/V01C_linkedin.png,https://www.tuconsultor.com/orbita/,,
982,16/10/2026,19:00,linkedin,"Lo que no está en el portal, no existe.

La versión buena del procedimiento está en el portátil de alguien. En Orbita hay una versión: la vigente, con su historial. Tu equipo, tu consultor y tu auditor miran la misma pantalla.

Pide una demo de Orbita · PM Tool.
👉 https://www.tuconsultor.com/orbita/?utm_source=linkedin&utm_medium=social&utm_campaign=orbita-ventajas&utm_content=v01c

#OrbitaPMTool #SistemasDeGestión #TuConsultor #PortalÚnico #ISO9001",https://www.tuconsultor.com/social-img/orbita/V01C_linkedin.png,https://www.tuconsultor.com/orbita/,,
983,16/10/2026,19:00,instagram,"🧭 Lo que no está en el portal, no existe.

Y eso es exactamente lo que quieres: una sola versión, la vigente.

Pide una demo: enlace en bio.
Enlace en bio.

❤️ Gestión con corazón desde 2006.

#OrbitaPMTool #SistemasDeGestión #TuConsultor #PortalÚnico #ISO9001 #GestiónConCorazón #Orbita",https://www.tuconsultor.com/social-img/orbita/V01C_instagram.png,https://www.tuconsultor.com/orbita/,,
984,17/10/2026,08:45,linkedin_alejandro,"Tu sistema de gestión no depende de una persona.

He visto sistemas de calidad desaparecer con una baja o un cambio de puesto. Con Orbita eso no pasa: el sistema está en el portal, no en una persona. Es la diferencia entre tener un sistema y tener a alguien que se lo sabe.

Te lo enseño en 20 minutos con un proyecto real.
👉 https://www.tuconsultor.com/orbita/?utm_source=linkedin_alejandro&utm_medium=social&utm_campaign=orbita-ventajas&utm_content=v02a

#OrbitaPMTool #SistemasDeGestión #TuConsultor #Continuidad #Equipo",https://www.tuconsultor.com/social-img/orbita/V02A_linkedin.png,https://www.tuconsultor.com/orbita/,,
985,17/10/2026,19:00,linkedin,"Tu sistema de gestión no depende de una persona.

El sistema ISO de muchas empresas vive en la cabeza de una persona. Cuando esa persona se va, se va el sistema. En Orbita, procesos, tareas, evidencias e historial están en el portal: quien llegue continúa donde lo dejó el anterior.

Pide una demo de Orbita · PM Tool.
👉 https://www.tuconsultor.com/orbita/?utm_source=linkedin&utm_medium=social&utm_campaign=orbita-ventajas&utm_content=v02a

#OrbitaPMTool #SistemasDeGestión #TuConsultor #Continuidad #Equipo",https://www.tuconsultor.com/social-img/orbita/V02A_linkedin.png,https://www.tuconsultor.com/orbita/,,
986,17/10/2026,19:00,instagram,"🧩 Tu sistema de gestión no depende de una persona.

Si el responsable de calidad se va, el sistema se queda.

Pide una demo: enlace en bio.
Enlace en bio.

❤️ Gestión con corazón desde 2006.

#OrbitaPMTool #SistemasDeGestión #TuConsultor #Continuidad #Equipo #GestiónConCorazón #Orbita",https://www.tuconsultor.com/social-img/orbita/V02A_instagram.png,https://www.tuconsultor.com/orbita/,,
987,18/10/2026,08:45,linkedin_alejandro,"Vacaciones, bajas, cambios. El sistema sigue.

Agosto es la prueba de fuego de un sistema de gestión. En Orbita, las tareas del sistema tienen dueño y sustituto, y el consultor las ve. Cuando vuelve el equipo, no hay que reconstruir nada.

Te lo enseño en 20 minutos con un proyecto real.
👉 https://www.tuconsultor.com/orbita/?utm_source=linkedin_alejandro&utm_medium=social&utm_campaign=orbita-ventajas&utm_content=v02b

#OrbitaPMTool #SistemasDeGestión #TuConsultor #Continuidad #Equipo",https://www.tuconsultor.com/social-img/orbita/V02B_linkedin.png,https://www.tuconsultor.com/orbita/,,
988,18/10/2026,19:00,linkedin,"Vacaciones, bajas, cambios. El sistema sigue.

En Orbita cada tarea tiene responsable, plazo y evidencia. Si alguien falta, se reasigna y sigue. La auditoría no espera a que vuelva nadie de vacaciones, y tu sistema tampoco.

Pide una demo de Orbita · PM Tool.
👉 https://www.tuconsultor.com/orbita/?utm_source=linkedin&utm_medium=social&utm_campaign=orbita-ventajas&utm_content=v02b

#OrbitaPMTool #SistemasDeGestión #TuConsultor #Continuidad #Equipo",https://www.tuconsultor.com/social-img/orbita/V02B_linkedin.png,https://www.tuconsultor.com/orbita/,,
989,18/10/2026,19:00,instagram,"🧩 Vacaciones, bajas, cambios. El sistema sigue.

Tareas con dueño, plazos y sustituto. Nada se para.

Pide una demo: enlace en bio.
Enlace en bio.

❤️ Gestión con corazón desde 2006.

#OrbitaPMTool #SistemasDeGestión #TuConsultor #Continuidad #Equipo #GestiónConCorazón #Orbita",https://www.tuconsultor.com/social-img/orbita/V02B_instagram.png,https://www.tuconsultor.com/orbita/,,
990,19/10/2026,08:45,linkedin_alejandro,"El conocimiento del sistema es de la empresa.

Como consultor, mi trabajo es que el cliente no me necesite para saber cómo funciona su sistema. Orbita lo hace posible: todo lo que hacemos juntos queda en su portal, no en mis notas.

Te lo enseño en 20 minutos con un proyecto real.
👉 https://www.tuconsultor.com/orbita/?utm_source=linkedin_alejandro&utm_medium=social&utm_campaign=orbita-ventajas&utm_content=v02c

#OrbitaPMTool #SistemasDeGestión #TuConsultor #Continuidad #Equipo",https://www.tuconsultor.com/social-img/orbita/V02C_linkedin.png,https://www.tuconsultor.com/orbita/,,
991,19/10/2026,19:00,linkedin,"El conocimiento del sistema es de la empresa.

Cuando el sistema está en Orbita, el conocimiento se queda en la empresa: qué se hizo, por qué, con qué evidencia. Cambie quien cambie, el hilo no se rompe.

Pide una demo de Orbita · PM Tool.
👉 https://www.tuconsultor.com/orbita/?utm_source=linkedin&utm_medium=social&utm_campaign=orbita-ventajas&utm_content=v02c

#OrbitaPMTool #SistemasDeGestión #TuConsultor #Continuidad #Equipo",https://www.tuconsultor.com/social-img/orbita/V02C_linkedin.png,https://www.tuconsultor.com/orbita/,,
992,19/10/2026,19:00,instagram,"🧩 El conocimiento del sistema es de la empresa.

No del consultor. No del responsable. De la organización.

Pide una demo: enlace en bio.
Enlace en bio.

❤️ Gestión con corazón desde 2006.

#OrbitaPMTool #SistemasDeGestión #TuConsultor #Continuidad #Equipo #GestiónConCorazón #Orbita",https://www.tuconsultor.com/social-img/orbita/V02C_instagram.png,https://www.tuconsultor.com/orbita/,,
993,20/10/2026,08:45,linkedin_alejandro,"Siempre atendido. No una visita al mes.

Ya no trabajo a golpe de visita mensual. Estoy dentro del portal de cada cliente, veo lo que avanza y lo que se atasca, y actúo antes de que sea un problema. Siempre atendido no es un eslogan: es el modelo.

Te lo enseño en 20 minutos con un proyecto real.
👉 https://www.tuconsultor.com/orbita/?utm_source=linkedin_alejandro&utm_medium=social&utm_campaign=orbita-ventajas&utm_content=v03a

#OrbitaPMTool #SistemasDeGestión #TuConsultor #Consultoría #Acompañamiento",https://www.tuconsultor.com/social-img/orbita/V03A_linkedin.png,https://www.tuconsultor.com/orbita/,,
994,20/10/2026,19:00,linkedin,"Siempre atendido. No una visita al mes.

La consultoría clásica es una visita mensual y un correo cuando hay prisa. En Orbita el consultor está dentro del portal: ve las tareas, contesta las dudas y programa el trabajo semana a semana. Acompañamiento de verdad, no presencia.

Pide una demo de Orbita · PM Tool.
👉 https://www.tuconsultor.com/orbita/?utm_source=linkedin&utm_medium=social&utm_campaign=orbita-ventajas&utm_content=v03a

#OrbitaPMTool #SistemasDeGestión #TuConsultor #Consultoría #Acompañamiento",https://www.tuconsultor.com/social-img/orbita/V03A_linkedin.png,https://www.tuconsultor.com/orbita/,,
995,20/10/2026,19:00,instagram,"🤝 Siempre atendido. No una visita al mes.

Tu consultor dentro del portal, cada semana, no solo antes de la auditoría.

Pide una demo: enlace en bio.
Enlace en bio.

❤️ Gestión con corazón desde 2006.

#OrbitaPMTool #SistemasDeGestión #TuConsultor #Consultoría #Acompañamiento #GestiónConCorazón #Orbita",https://www.tuconsultor.com/social-img/orbita/V03A_instagram.png,https://www.tuconsultor.com/orbita/,,
996,21/10/2026,08:45,linkedin_alejandro,"Cada tarea del sistema tiene a alguien detrás.

Lo que más agradecen mis clientes de Orbita no es la tecnología: es saber quién de mi equipo se ocupa de cada cosa y cuándo. Eso es estar atendido.

Te lo enseño en 20 minutos con un proyecto real.
👉 https://www.tuconsultor.com/orbita/?utm_source=linkedin_alejandro&utm_medium=social&utm_campaign=orbita-ventajas&utm_content=v03b

#OrbitaPMTool #SistemasDeGestión #TuConsultor #Consultoría #Acompañamiento",https://www.tuconsultor.com/social-img/orbita/V03B_linkedin.png,https://www.tuconsultor.com/orbita/,,
997,21/10/2026,19:00,linkedin,"Cada tarea del sistema tiene a alguien detrás.

En Orbita cada proyecto tiene su consultor y cada tarea su sesión programada. El cliente ve quién viene, cuándo y a qué. Sin perseguir a nadie por correo.

Pide una demo de Orbita · PM Tool.
👉 https://www.tuconsultor.com/orbita/?utm_source=linkedin&utm_medium=social&utm_campaign=orbita-ventajas&utm_content=v03b

#OrbitaPMTool #SistemasDeGestión #TuConsultor #Consultoría #Acompañamiento",https://www.tuconsultor.com/social-img/orbita/V03B_linkedin.png,https://www.tuconsultor.com/orbita/,,
998,21/10/2026,19:00,instagram,"🤝 Cada tarea del sistema tiene a alguien detrás.

Consultor asignado, agenda compartida y seguimiento en el portal.

Pide una demo: enlace en bio.
Enlace en bio.

❤️ Gestión con corazón desde 2006.

#OrbitaPMTool #SistemasDeGestión #TuConsultor #Consultoría #Acompañamiento #GestiónConCorazón #Orbita",https://www.tuconsultor.com/social-img/orbita/V03B_instagram.png,https://www.tuconsultor.com/orbita/,,
999,22/10/2026,08:45,linkedin_alejandro,"Relación, Implicación o Compromiso.

Hay clientes que quieren que les acompañe y clientes que quieren que me ocupe. Por eso Orbita tiene tres modelos: Relación, Implicación y Compromiso. Elige el tuyo y el portal se adapta.

Te lo enseño en 20 minutos con un proyecto real.
👉 https://www.tuconsultor.com/orbita/?utm_source=linkedin_alejandro&utm_medium=social&utm_campaign=orbita-ventajas&utm_content=v03c

#OrbitaPMTool #SistemasDeGestión #TuConsultor #Consultoría #Acompañamiento",https://www.tuconsultor.com/social-img/orbita/V03C_linkedin.png,https://www.tuconsultor.com/orbita/,,
1000,22/10/2026,19:00,linkedin,"Relación, Implicación o Compromiso.

No todas las empresas necesitan lo mismo. En Orbita trabajamos con tres modelos: Relación (te acompañamos), Implicación (lo hacemos contigo) y Compromiso (lo llevamos por ti). El portal es el mismo; cambia cuánto hacemos nosotros.

Pide una demo de Orbita · PM Tool.
👉 https://www.tuconsultor.com/orbita/?utm_source=linkedin&utm_medium=social&utm_campaign=orbita-ventajas&utm_content=v03c

#OrbitaPMTool #SistemasDeGestión #TuConsultor #Consultoría #Acompañamiento",https://www.tuconsultor.com/social-img/orbita/V03C_linkedin.png,https://www.tuconsultor.com/orbita/,,
1001,22/10/2026,19:00,instagram,"🤝 Relación, Implicación o Compromiso.

Tres modelos de acompañamiento. Tú eliges cuánto nos metemos.

Pide una demo: enlace en bio.
Enlace en bio.

❤️ Gestión con corazón desde 2006.

#OrbitaPMTool #SistemasDeGestión #TuConsultor #Consultoría #Acompañamiento #GestiónConCorazón #Orbita",https://www.tuconsultor.com/social-img/orbita/V03C_instagram.png,https://www.tuconsultor.com/orbita/,,
1002,23/10/2026,08:45,linkedin_alejandro,"Diez años de sistema en un solo hilo.

Lo primero que pide un auditor es el hilo: qué pasó el año pasado y qué hicisteis. En Orbita el hilo está entero, con fecha y evidencia. Es el legado del sistema, y es de la empresa.

Te lo enseño en 20 minutos con un proyecto real.
👉 https://www.tuconsultor.com/orbita/?utm_source=linkedin_alejandro&utm_medium=social&utm_campaign=orbita-ventajas&utm_content=v04a

#OrbitaPMTool #SistemasDeGestión #TuConsultor #Legado #Conocimiento",https://www.tuconsultor.com/social-img/orbita/V04A_linkedin.png,https://www.tuconsultor.com/orbita/,,
1003,23/10/2026,19:00,linkedin,"Diez años de sistema en un solo hilo.

Un sistema de gestión es su historia: qué falló, qué se decidió, qué se cambió. En Orbita ese legado está ordenado por proyecto y por proceso, con fecha, autor y evidencia. Nada se pierde entre versiones de carpeta.

Pide una demo de Orbita · PM Tool.
👉 https://www.tuconsultor.com/orbita/?utm_source=linkedin&utm_medium=social&utm_campaign=orbita-ventajas&utm_content=v04a

#OrbitaPMTool #SistemasDeGestión #TuConsultor #Legado #Conocimiento",https://www.tuconsultor.com/social-img/orbita/V04A_linkedin.png,https://www.tuconsultor.com/orbita/,,
1004,23/10/2026,19:00,instagram,"📚 Diez años de sistema en un solo hilo.

Auditorías, no conformidades, cambios y decisiones. Con fecha y evidencia.

Pide una demo: enlace en bio.
Enlace en bio.

❤️ Gestión con corazón desde 2006.

#OrbitaPMTool #SistemasDeGestión #TuConsultor #Legado #Conocimiento #GestiónConCorazón #Orbita",https://www.tuconsultor.com/social-img/orbita/V04A_instagram.png,https://www.tuconsultor.com/orbita/,,
1005,24/10/2026,08:45,linkedin_alejandro,"La no conformidad de 2024 y lo que hiciste con ella.

Una no conformidad bien cerrada es la mejor prueba de que el sistema funciona. Con Orbita queda el ciclo completo: hallazgo, causa, acción y eficacia. Eso es gestionar el legado.

Te lo enseño en 20 minutos con un proyecto real.
👉 https://www.tuconsultor.com/orbita/?utm_source=linkedin_alejandro&utm_medium=social&utm_campaign=orbita-ventajas&utm_content=v04b

#OrbitaPMTool #SistemasDeGestión #TuConsultor #Legado #Conocimiento",https://www.tuconsultor.com/social-img/orbita/V04B_linkedin.png,https://www.tuconsultor.com/orbita/,,
1006,24/10/2026,19:00,linkedin,"La no conformidad de 2024 y lo que hiciste con ella.

En Orbita cada hallazgo lleva su análisis, su acción y su verificación de eficacia. Cuando el auditor pregunte por la no conformidad de hace dos años, la respuesta está en el portal, no en la memoria de nadie.

Pide una demo de Orbita · PM Tool.
👉 https://www.tuconsultor.com/orbita/?utm_source=linkedin&utm_medium=social&utm_campaign=orbita-ventajas&utm_content=v04b

#OrbitaPMTool #SistemasDeGestión #TuConsultor #Legado #Conocimiento",https://www.tuconsultor.com/social-img/orbita/V04B_linkedin.png,https://www.tuconsultor.com/orbita/,,
1007,24/10/2026,19:00,instagram,"📚 La no conformidad de 2024 y lo que hiciste con ella.

En el portal, a dos clics. No en un correo de hace dos años.

Pide una demo: enlace en bio.
Enlace en bio.

❤️ Gestión con corazón desde 2006.

#OrbitaPMTool #SistemasDeGestión #TuConsultor #Legado #Conocimiento #GestiónConCorazón #Orbita",https://www.tuconsultor.com/social-img/orbita/V04B_instagram.png,https://www.tuconsultor.com/orbita/,,
1008,25/10/2026,08:45,linkedin_alejandro,"Cambiar de consultor sin empezar de cero.

Sé que suena raro viniendo de un consultor: con Orbita puedes cambiar de consultor sin perder nada. El sistema, con todo su historial, es de la empresa. Así debería ser siempre.

Te lo enseño en 20 minutos con un proyecto real.
👉 https://www.tuconsultor.com/orbita/?utm_source=linkedin_alejandro&utm_medium=social&utm_campaign=orbita-ventajas&utm_content=v04c

#OrbitaPMTool #SistemasDeGestión #TuConsultor #Legado #Conocimiento",https://www.tuconsultor.com/social-img/orbita/V04C_linkedin.png,https://www.tuconsultor.com/orbita/,,
1009,25/10/2026,19:00,linkedin,"Cambiar de consultor sin empezar de cero.

Con Orbita el sistema es tuyo: si cambia el consultor, el nuevo entra en el portal y continúa. Sin rehacer procedimientos, sin reconstruir el historial.

Pide una demo de Orbita · PM Tool.
👉 https://www.tuconsultor.com/orbita/?utm_source=linkedin&utm_medium=social&utm_campaign=orbita-ventajas&utm_content=v04c

#OrbitaPMTool #SistemasDeGestión #TuConsultor #Legado #Conocimiento",https://www.tuconsultor.com/social-img/orbita/V04C_linkedin.png,https://www.tuconsultor.com/orbita/,,
1010,25/10/2026,19:00,instagram,"📚 Cambiar de consultor sin empezar de cero.

El sistema, sus decisiones y sus evidencias siguen en tu portal.

Pide una demo: enlace en bio.
Enlace en bio.

❤️ Gestión con corazón desde 2006.

#OrbitaPMTool #SistemasDeGestión #TuConsultor #Legado #Conocimiento #GestiónConCorazón #Orbita",https://www.tuconsultor.com/social-img/orbita/V04C_instagram.png,https://www.tuconsultor.com/orbita/,,
1011,26/10/2026,08:45,linkedin_alejandro,"Tus procedimientos no viajan por WhatsApp.

Como consultor de ISO 27001 y ENS no podía ofrecer a mis clientes un portal que no cumpliera lo que yo exijo en las auditorías. Orbita tiene accesos por rol, registro de accesos y datos en la UE.

Te lo enseño en 20 minutos con un proyecto real.
👉 https://www.tuconsultor.com/orbita/?utm_source=linkedin_alejandro&utm_medium=social&utm_campaign=orbita-ventajas&utm_content=v05a

#OrbitaPMTool #SistemasDeGestión #TuConsultor #ISO27001 #Seguridad",https://www.tuconsultor.com/social-img/orbita/V05A_linkedin.png,https://www.tuconsultor.com/orbita/,,
1012,26/10/2026,19:00,linkedin,"Tus procedimientos no viajan por WhatsApp.

Un sistema de gestión maneja información sensible: auditorías, no conformidades, datos de personas. En Orbita cada usuario ve lo suyo, cada acceso queda registrado y los datos se alojan en la Unión Europea.

Pide una demo de Orbita · PM Tool.
👉 https://www.tuconsultor.com/orbita/?utm_source=linkedin&utm_medium=social&utm_campaign=orbita-ventajas&utm_content=v05a

#OrbitaPMTool #SistemasDeGestión #TuConsultor #ISO27001 #Seguridad",https://www.tuconsultor.com/social-img/orbita/V05A_linkedin.png,https://www.tuconsultor.com/orbita/,,
1013,26/10/2026,19:00,instagram,"🔐 Tus procedimientos no viajan por WhatsApp.

Accesos por rol, trazabilidad y datos en la Unión Europea.

Pide una demo: enlace en bio.
Enlace en bio.

❤️ Gestión con corazón desde 2006.

#OrbitaPMTool #SistemasDeGestión #TuConsultor #ISO27001 #Seguridad #GestiónConCorazón #Orbita",https://www.tuconsultor.com/social-img/orbita/V05A_instagram.png,https://www.tuconsultor.com/orbita/,,
1014,27/10/2026,08:45,linkedin_alejandro,"Quién vio qué y cuándo.

La trazabilidad no es un lujo: es un requisito. En Orbita sabemos quién entró, qué vio y qué cambió. Es la misma exigencia que aplico en cada implantación de 27001.

Te lo enseño en 20 minutos con un proyecto real.
👉 https://www.tuconsultor.com/orbita/?utm_source=linkedin_alejandro&utm_medium=social&utm_campaign=orbita-ventajas&utm_content=v05b

#OrbitaPMTool #SistemasDeGestión #TuConsultor #ISO27001 #Seguridad",https://www.tuconsultor.com/social-img/orbita/V05B_linkedin.png,https://www.tuconsultor.com/orbita/,,
1015,27/10/2026,19:00,linkedin,"Quién vio qué y cuándo.

Orbita registra entradas, accesos y cambios en el sistema. Es lo que piden la ISO 27001 y el ENS, y lo que necesitas para saber que la documentación del sistema está bajo control.

Pide una demo de Orbita · PM Tool.
👉 https://www.tuconsultor.com/orbita/?utm_source=linkedin&utm_medium=social&utm_campaign=orbita-ventajas&utm_content=v05b

#OrbitaPMTool #SistemasDeGestión #TuConsultor #ISO27001 #Seguridad",https://www.tuconsultor.com/social-img/orbita/V05B_linkedin.png,https://www.tuconsultor.com/orbita/,,
1016,27/10/2026,19:00,instagram,"🔐 Quién vio qué y cuándo.

Registro de accesos y cambios. Lo que pide la ISO 27001 y el ENS.

Pide una demo: enlace en bio.
Enlace en bio.

❤️ Gestión con corazón desde 2006.

#OrbitaPMTool #SistemasDeGestión #TuConsultor #ISO27001 #Seguridad #GestiónConCorazón #Orbita",https://www.tuconsultor.com/social-img/orbita/V05B_instagram.png,https://www.tuconsultor.com/orbita/,,
1017,28/10/2026,08:45,linkedin_alejandro,"Copias, cifrado y accesos que no dependen de nadie.

Cada vez que veo un sistema de gestión en una carpeta compartida sin control de accesos, pienso en el día que alguien lo borre sin querer. Con Orbita ese día no llega.

Te lo enseño en 20 minutos con un proyecto real.
👉 https://www.tuconsultor.com/orbita/?utm_source=linkedin_alejandro&utm_medium=social&utm_campaign=orbita-ventajas&utm_content=v05c

#OrbitaPMTool #SistemasDeGestión #TuConsultor #ISO27001 #Seguridad",https://www.tuconsultor.com/social-img/orbita/V05C_linkedin.png,https://www.tuconsultor.com/orbita/,,
1018,28/10/2026,19:00,linkedin,"Copias, cifrado y accesos que no dependen de nadie.

La carpeta compartida no tiene copias de seguridad verificadas ni control de accesos real. Orbita corre sobre infraestructura profesional en la UE, con copias, cifrado en tránsito y en reposo y accesos por rol.

Pide una demo de Orbita · PM Tool.
👉 https://www.tuconsultor.com/orbita/?utm_source=linkedin&utm_medium=social&utm_campaign=orbita-ventajas&utm_content=v05c

#OrbitaPMTool #SistemasDeGestión #TuConsultor #ISO27001 #Seguridad",https://www.tuconsultor.com/social-img/orbita/V05C_linkedin.png,https://www.tuconsultor.com/orbita/,,
1019,28/10/2026,19:00,instagram,"🔐 Copias, cifrado y accesos que no dependen de nadie.

Infraestructura profesional, no una carpeta compartida.

Pide una demo: enlace en bio.
Enlace en bio.

❤️ Gestión con corazón desde 2006.

#OrbitaPMTool #SistemasDeGestión #TuConsultor #ISO27001 #Seguridad #GestiónConCorazón #Orbita",https://www.tuconsultor.com/social-img/orbita/V05C_instagram.png,https://www.tuconsultor.com/orbita/,,
1020,29/10/2026,08:45,linkedin_alejandro,"Preguntas al sistema. Respuestas al momento.

Mis clientes me hacían las mismas preguntas una y otra vez. Ahora se las hacen al portal y la respuesta sale de su propia documentación. Yo me quedo para lo que aporta valor.

Te lo enseño en 20 minutos con un proyecto real.
👉 https://www.tuconsultor.com/orbita/?utm_source=linkedin_alejandro&utm_medium=social&utm_campaign=orbita-ventajas&utm_content=v06a

#OrbitaPMTool #SistemasDeGestión #TuConsultor #IA #Consultoría",https://www.tuconsultor.com/social-img/orbita/V06A_linkedin.png,https://www.tuconsultor.com/orbita/,,
1021,29/10/2026,19:00,linkedin,"Preguntas al sistema. Respuestas al momento.

«¿Qué dice nuestro procedimiento de compras?» «¿Qué me toca antes de la auditoría?» En Orbita las respuestas salen de tu propia documentación, al instante, sin esperar al consultor ni buscar en carpetas.

Pide una demo de Orbita · PM Tool.
👉 https://www.tuconsultor.com/orbita/?utm_source=linkedin&utm_medium=social&utm_campaign=orbita-ventajas&utm_content=v06a

#OrbitaPMTool #SistemasDeGestión #TuConsultor #IA #Consultoría",https://www.tuconsultor.com/social-img/orbita/V06A_linkedin.png,https://www.tuconsultor.com/orbita/,,
1022,29/10/2026,19:00,instagram,"⚡ Preguntas al sistema. Respuestas al momento.

La documentación de tu ISO responde: qué dice el procedimiento, qué toca ahora.

Pide una demo: enlace en bio.
Enlace en bio.

❤️ Gestión con corazón desde 2006.

#OrbitaPMTool #SistemasDeGestión #TuConsultor #IA #Consultoría #GestiónConCorazón #Orbita",https://www.tuconsultor.com/social-img/orbita/V06A_instagram.png,https://www.tuconsultor.com/orbita/,,
1023,30/10/2026,08:45,linkedin_alejandro,"Sin esperar al correo del consultor.

Odiaba ser el cuello de botella de mis clientes. Con Orbita las dudas del día a día se resuelven al momento y con referencia al procedimiento. Yo entro cuando hace falta criterio, no para buscar un párrafo.

Te lo enseño en 20 minutos con un proyecto real.
👉 https://www.tuconsultor.com/orbita/?utm_source=linkedin_alejandro&utm_medium=social&utm_campaign=orbita-ventajas&utm_content=v06b

#OrbitaPMTool #SistemasDeGestión #TuConsultor #IA #Consultoría",https://www.tuconsultor.com/social-img/orbita/V06B_linkedin.png,https://www.tuconsultor.com/orbita/,,
1024,30/10/2026,19:00,linkedin,"Sin esperar al correo del consultor.

Una duda del sistema no puede esperar tres días a que el consultor conteste el correo. En Orbita la respuesta es inmediata y cita el procedimiento: si hace falta más, el consultor entra en el mismo hilo.

Pide una demo de Orbita · PM Tool.
👉 https://www.tuconsultor.com/orbita/?utm_source=linkedin&utm_medium=social&utm_campaign=orbita-ventajas&utm_content=v06b

#OrbitaPMTool #SistemasDeGestión #TuConsultor #IA #Consultoría",https://www.tuconsultor.com/social-img/orbita/V06B_linkedin.png,https://www.tuconsultor.com/orbita/,,
1025,30/10/2026,19:00,instagram,"⚡ Sin esperar al correo del consultor.

Dudas resueltas en el portal, con la referencia al procedimiento.

Pide una demo: enlace en bio.
Enlace en bio.

❤️ Gestión con corazón desde 2006.

#OrbitaPMTool #SistemasDeGestión #TuConsultor #IA #Consultoría #GestiónConCorazón #Orbita",https://www.tuconsultor.com/social-img/orbita/V06B_instagram.png,https://www.tuconsultor.com/orbita/,,
1026,31/10/2026,08:45,linkedin_alejandro,"La auditoría empieza cuando tú quieras.

Preparar una auditoría era una semana de nervios. Con Orbita mis clientes se hacen las preguntas del auditor antes, con sus propios datos, y llegan tranquilos.

Te lo enseño en 20 minutos con un proyecto real.
👉 https://www.tuconsultor.com/orbita/?utm_source=linkedin_alejandro&utm_medium=social&utm_campaign=orbita-ventajas&utm_content=v06c

#OrbitaPMTool #SistemasDeGestión #TuConsultor #IA #Consultoría",https://www.tuconsultor.com/social-img/orbita/V06C_linkedin.png,https://www.tuconsultor.com/orbita/,,
1027,31/10/2026,19:00,linkedin,"La auditoría empieza cuando tú quieras.

Antes de la auditoría, pregunta al portal lo que preguntaría el auditor. Orbita responde con tu documentación y te dice dónde hay hueco. Llegas sabiendo qué van a encontrar.

Pide una demo de Orbita · PM Tool.
👉 https://www.tuconsultor.com/orbita/?utm_source=linkedin&utm_medium=social&utm_campaign=orbita-ventajas&utm_content=v06c

#OrbitaPMTool #SistemasDeGestión #TuConsultor #IA #Consultoría",https://www.tuconsultor.com/social-img/orbita/V06C_linkedin.png,https://www.tuconsultor.com/orbita/,,
1028,31/10/2026,19:00,instagram,"⚡ La auditoría empieza cuando tú quieras.

Simula preguntas del auditor y comprueba las respuestas con tu documentación.

Pide una demo: enlace en bio.
Enlace en bio.

❤️ Gestión con corazón desde 2006.

#OrbitaPMTool #SistemasDeGestión #TuConsultor #IA #Consultoría #GestiónConCorazón #Orbita",https://www.tuconsultor.com/social-img/orbita/V06C_instagram.png,https://www.tuconsultor.com/orbita/,,
1029,01/11/2026,08:45,linkedin_alejandro,"Tus indicadores, en tiempo real.

Ver es la mitad del control. En Orbita cada cliente tiene su dashboard: indicadores, tareas y auditorías en vivo. Y yo veo lo mismo, así que no hace falta preguntar.

Te lo enseño en 20 minutos con un proyecto real.
👉 https://www.tuconsultor.com/orbita/?utm_source=linkedin_alejandro&utm_medium=social&utm_campaign=orbita-ventajas&utm_content=v07a

#OrbitaPMTool #SistemasDeGestión #TuConsultor #Dashboard #Dirección",https://www.tuconsultor.com/social-img/orbita/V07A_linkedin.png,https://www.tuconsultor.com/orbita/,,
1030,01/11/2026,19:00,linkedin,"Tus indicadores, en tiempo real.

Un sistema de gestión sin indicadores a la vista es un archivo. En Orbita el dashboard muestra objetivos, no conformidades abiertas, tareas pendientes y próximas auditorías, actualizado según se trabaja.

Pide una demo de Orbita · PM Tool.
👉 https://www.tuconsultor.com/orbita/?utm_source=linkedin&utm_medium=social&utm_campaign=orbita-ventajas&utm_content=v07a

#OrbitaPMTool #SistemasDeGestión #TuConsultor #Dashboard #Dirección",https://www.tuconsultor.com/social-img/orbita/V07A_linkedin.png,https://www.tuconsultor.com/orbita/,,
1031,01/11/2026,19:00,instagram,"📊 Tus indicadores, en tiempo real.

Objetivos, no conformidades, tareas y auditorías en una pantalla.

Pide una demo: enlace en bio.
Enlace en bio.

❤️ Gestión con corazón desde 2006.

#OrbitaPMTool #SistemasDeGestión #TuConsultor #Dashboard #Dirección #GestiónConCorazón #Orbita",https://www.tuconsultor.com/social-img/orbita/V07A_instagram.png,https://www.tuconsultor.com/orbita/,,
1032,02/11/2026,08:45,linkedin_alejandro,"El comité de dirección sin preparar el Excel.

La revisión por la dirección es el momento más útil del sistema y el peor preparado. Con Orbita los datos ya están; dedicamos la reunión a decidir. Eso cambia la conversación con la dirección.

Te lo enseño en 20 minutos con un proyecto real.
👉 https://www.tuconsultor.com/orbita/?utm_source=linkedin_alejandro&utm_medium=social&utm_campaign=orbita-ventajas&utm_content=v07b

#OrbitaPMTool #SistemasDeGestión #TuConsultor #Dashboard #Dirección",https://www.tuconsultor.com/social-img/orbita/V07B_linkedin.png,https://www.tuconsultor.com/orbita/,,
1033,02/11/2026,19:00,linkedin,"El comité de dirección sin preparar el Excel.

La revisión por la dirección no debería empezar con dos semanas de recopilar datos. En Orbita los indicadores del sistema están siempre al día: la reunión es para decidir, no para reunir.

Pide una demo de Orbita · PM Tool.
👉 https://www.tuconsultor.com/orbita/?utm_source=linkedin&utm_medium=social&utm_campaign=orbita-ventajas&utm_content=v07b

#OrbitaPMTool #SistemasDeGestión #TuConsultor #Dashboard #Dirección",https://www.tuconsultor.com/social-img/orbita/V07B_linkedin.png,https://www.tuconsultor.com/orbita/,,
1034,02/11/2026,19:00,instagram,"📊 El comité de dirección sin preparar el Excel.

Los datos de la revisión por la dirección ya están en el portal.

Pide una demo: enlace en bio.
Enlace en bio.

❤️ Gestión con corazón desde 2006.

#OrbitaPMTool #SistemasDeGestión #TuConsultor #Dashboard #Dirección #GestiónConCorazón #Orbita",https://www.tuconsultor.com/social-img/orbita/V07B_instagram.png,https://www.tuconsultor.com/orbita/,,
1035,03/11/2026,08:45,linkedin_alejandro,"Un semáforo por proceso. Sin sorpresas.

Un dashboard no es para mirar números: es para no llevarse sorpresas. En Orbita el semáforo por proceso avisa antes de que el problema llegue a la auditoría.

Te lo enseño en 20 minutos con un proyecto real.
👉 https://www.tuconsultor.com/orbita/?utm_source=linkedin_alejandro&utm_medium=social&utm_campaign=orbita-ventajas&utm_content=v07c

#OrbitaPMTool #SistemasDeGestión #TuConsultor #Dashboard #Dirección",https://www.tuconsultor.com/social-img/orbita/V07C_linkedin.png,https://www.tuconsultor.com/orbita/,,
1036,03/11/2026,19:00,linkedin,"Un semáforo por proceso. Sin sorpresas.

En Orbita cada proceso y cada proyecto tienen su estado: al día, en riesgo o retrasado. La dirección ve el sistema completo de un vistazo y decide con datos, no con sensaciones.

Pide una demo de Orbita · PM Tool.
👉 https://www.tuconsultor.com/orbita/?utm_source=linkedin&utm_medium=social&utm_campaign=orbita-ventajas&utm_content=v07c

#OrbitaPMTool #SistemasDeGestión #TuConsultor #Dashboard #Dirección",https://www.tuconsultor.com/social-img/orbita/V07C_linkedin.png,https://www.tuconsultor.com/orbita/,,
1037,03/11/2026,19:00,instagram,"📊 Un semáforo por proceso. Sin sorpresas.

Qué va bien, qué se retrasa y qué necesita decisión. A un vistazo.

Pide una demo: enlace en bio.
Enlace en bio.

❤️ Gestión con corazón desde 2006.

#OrbitaPMTool #SistemasDeGestión #TuConsultor #Dashboard #Dirección #GestiónConCorazón #Orbita",https://www.tuconsultor.com/social-img/orbita/V07C_instagram.png,https://www.tuconsultor.com/orbita/,,
1038,04/11/2026,08:45,linkedin_alejandro,"La documentación del sistema, disponible 24/7.

La documentación del sistema no puede depender de que alguien esté en la oficina. En Orbita está siempre disponible, con la versión vigente. Es lo mínimo para un sistema que dice estar vivo.

Te lo enseño en 20 minutos con un proyecto real.
👉 https://www.tuconsultor.com/orbita/?utm_source=linkedin_alejandro&utm_medium=social&utm_campaign=orbita-ventajas&utm_content=v08a

#OrbitaPMTool #SistemasDeGestión #TuConsultor #Documentación #Auditoría",https://www.tuconsultor.com/social-img/orbita/V08A_linkedin.png,https://www.tuconsultor.com/orbita/,,
1039,04/11/2026,19:00,linkedin,"La documentación del sistema, disponible 24/7.

El auditor llega a las 8 y el responsable está de viaje. Da igual: en Orbita la documentación del sistema está disponible las 24 horas, con la versión vigente y su historial. Sin pedir nada a nadie.

Pide una demo de Orbita · PM Tool.
👉 https://www.tuconsultor.com/orbita/?utm_source=linkedin&utm_medium=social&utm_campaign=orbita-ventajas&utm_content=v08a

#OrbitaPMTool #SistemasDeGestión #TuConsultor #Documentación #Auditoría",https://www.tuconsultor.com/social-img/orbita/V08A_linkedin.png,https://www.tuconsultor.com/orbita/,,
1040,04/11/2026,19:00,instagram,"🗂️ La documentación del sistema, disponible 24/7.

Procedimientos, registros y evidencias. A cualquier hora, desde cualquier sitio.

Pide una demo: enlace en bio.
Enlace en bio.

❤️ Gestión con corazón desde 2006.

#OrbitaPMTool #SistemasDeGestión #TuConsultor #Documentación #Auditoría #GestiónConCorazón #Orbita",https://www.tuconsultor.com/social-img/orbita/V08A_instagram.png,https://www.tuconsultor.com/orbita/,,
1041,05/11/2026,08:45,linkedin_alejandro,"Un solo lugar para cada documento.

La pregunta «¿cuál es la versión buena?» desaparece con Orbita. Hay una, está en el portal y se puede consultar a cualquier hora. Parece poco; cambia la auditoría entera.

Te lo enseño en 20 minutos con un proyecto real.
👉 https://www.tuconsultor.com/orbita/?utm_source=linkedin_alejandro&utm_medium=social&utm_campaign=orbita-ventajas&utm_content=v08b

#OrbitaPMTool #SistemasDeGestión #TuConsultor #Documentación #Auditoría",https://www.tuconsultor.com/social-img/orbita/V08B_linkedin.png,https://www.tuconsultor.com/orbita/,,
1042,05/11/2026,19:00,linkedin,"Un solo lugar para cada documento.

En Orbita cada documento tiene un lugar, un estado y un historial. La copia que alguien guardó en su escritorio deja de ser un riesgo porque nadie la necesita.

Pide una demo de Orbita · PM Tool.
👉 https://www.tuconsultor.com/orbita/?utm_source=linkedin&utm_medium=social&utm_campaign=orbita-ventajas&utm_content=v08b

#OrbitaPMTool #SistemasDeGestión #TuConsultor #Documentación #Auditoría",https://www.tuconsultor.com/social-img/orbita/V08B_linkedin.png,https://www.tuconsultor.com/orbita/,,
1043,05/11/2026,19:00,instagram,"🗂️ Un solo lugar para cada documento.

Sin copias en el escritorio ni versiones en el correo.

Pide una demo: enlace en bio.
Enlace en bio.

❤️ Gestión con corazón desde 2006.

#OrbitaPMTool #SistemasDeGestión #TuConsultor #Documentación #Auditoría #GestiónConCorazón #Orbita",https://www.tuconsultor.com/social-img/orbita/V08B_instagram.png,https://www.tuconsultor.com/orbita/,,
1044,06/11/2026,08:45,linkedin_alejandro,"Evidencias con fecha, no capturas en el móvil.

He visto auditorías salvadas con capturas de un móvil. Con Orbita las evidencias están en su sitio, con fecha y responsable. La diferencia entre aprobar y demostrar.

Te lo enseño en 20 minutos con un proyecto real.
👉 https://www.tuconsultor.com/orbita/?utm_source=linkedin_alejandro&utm_medium=social&utm_campaign=orbita-ventajas&utm_content=v08c

#OrbitaPMTool #SistemasDeGestión #TuConsultor #Documentación #Auditoría",https://www.tuconsultor.com/social-img/orbita/V08C_linkedin.png,https://www.tuconsultor.com/orbita/,,
1045,06/11/2026,19:00,linkedin,"Evidencias con fecha, no capturas en el móvil.

Las evidencias del sistema en Orbita cuelgan del proceso y de la tarea: quién, cuándo y qué. Cuando el auditor pide la prueba, está donde debe estar, no en el carrete de un teléfono.

Pide una demo de Orbita · PM Tool.
👉 https://www.tuconsultor.com/orbita/?utm_source=linkedin&utm_medium=social&utm_campaign=orbita-ventajas&utm_content=v08c

#OrbitaPMTool #SistemasDeGestión #TuConsultor #Documentación #Auditoría",https://www.tuconsultor.com/social-img/orbita/V08C_linkedin.png,https://www.tuconsultor.com/orbita/,,
1046,06/11/2026,19:00,instagram,"🗂️ Evidencias con fecha, no capturas en el móvil.

Cada registro en su proceso, con quién y cuándo. Listo para auditar.

Pide una demo: enlace en bio.
Enlace en bio.

❤️ Gestión con corazón desde 2006.

#OrbitaPMTool #SistemasDeGestión #TuConsultor #Documentación #Auditoría #GestiónConCorazón #Orbita",https://www.tuconsultor.com/social-img/orbita/V08C_instagram.png,https://www.tuconsultor.com/orbita/,,
1047,07/11/2026,08:45,linkedin_alejandro,"Respuesta 24/7. También un domingo.

No prometo estar disponible un domingo a las once. Prometo que mis clientes tendrán respuesta: el portal contesta con su documentación y yo retomo el lunes con criterio. Eso es 24/7 de verdad.

Te lo enseño en 20 minutos con un proyecto real.
👉 https://www.tuconsultor.com/orbita/?utm_source=linkedin_alejandro&utm_medium=social&utm_campaign=orbita-ventajas&utm_content=v09a

#OrbitaPMTool #SistemasDeGestión #TuConsultor #Soporte #Disponibilidad",https://www.tuconsultor.com/social-img/orbita/V09A_linkedin.png,https://www.tuconsultor.com/orbita/,,
1048,07/11/2026,19:00,linkedin,"Respuesta 24/7. También un domingo.

Las dudas no esperan al lunes. En Orbita el portal responde a cualquier hora con tu documentación y el consultor retoma en horario. Siempre hay respuesta; luego, si hace falta, criterio.

Pide una demo de Orbita · PM Tool.
👉 https://www.tuconsultor.com/orbita/?utm_source=linkedin&utm_medium=social&utm_campaign=orbita-ventajas&utm_content=v09a

#OrbitaPMTool #SistemasDeGestión #TuConsultor #Soporte #Disponibilidad",https://www.tuconsultor.com/social-img/orbita/V09A_linkedin.png,https://www.tuconsultor.com/orbita/,,
1049,07/11/2026,19:00,instagram,"🕐 Respuesta 24/7. También un domingo.

El portal contesta siempre; el consultor, en horario. Nunca te quedas sin respuesta.

Pide una demo: enlace en bio.
Enlace en bio.

❤️ Gestión con corazón desde 2006.

#OrbitaPMTool #SistemasDeGestión #TuConsultor #Soporte #Disponibilidad #GestiónConCorazón #Orbita",https://www.tuconsultor.com/social-img/orbita/V09A_instagram.png,https://www.tuconsultor.com/orbita/,,
1050,08/11/2026,08:45,linkedin_alejandro,"Soporte dentro del portal. No un teléfono que nadie coge.

El soporte a un cliente no puede ser un correo perdido. En Orbita cada petición tiene número, estado y responsable. Yo lo veo y el cliente también.

Te lo enseño en 20 minutos con un proyecto real.
👉 https://www.tuconsultor.com/orbita/?utm_source=linkedin_alejandro&utm_medium=social&utm_campaign=orbita-ventajas&utm_content=v09b

#OrbitaPMTool #SistemasDeGestión #TuConsultor #Soporte #Disponibilidad",https://www.tuconsultor.com/social-img/orbita/V09B_linkedin.png,https://www.tuconsultor.com/orbita/,,
1051,08/11/2026,19:00,linkedin,"Soporte dentro del portal. No un teléfono que nadie coge.

En Orbita el soporte está dentro: cada consulta o incidencia queda registrada, con estado y responsable. Sabes que se ha recibido y sabes en qué punto está.

Pide una demo de Orbita · PM Tool.
👉 https://www.tuconsultor.com/orbita/?utm_source=linkedin&utm_medium=social&utm_campaign=orbita-ventajas&utm_content=v09b

#OrbitaPMTool #SistemasDeGestión #TuConsultor #Soporte #Disponibilidad",https://www.tuconsultor.com/social-img/orbita/V09B_linkedin.png,https://www.tuconsultor.com/orbita/,,
1052,08/11/2026,19:00,instagram,"🕐 Soporte dentro del portal. No un teléfono que nadie coge.

Consulta, incidencia o petición: queda registrada y con seguimiento.

Pide una demo: enlace en bio.
Enlace en bio.

❤️ Gestión con corazón desde 2006.

#OrbitaPMTool #SistemasDeGestión #TuConsultor #Soporte #Disponibilidad #GestiónConCorazón #Orbita",https://www.tuconsultor.com/social-img/orbita/V09B_instagram.png,https://www.tuconsultor.com/orbita/,,
1053,09/11/2026,08:45,linkedin_alejandro,"Antes de la auditoría, a la hora que sea.

Sé que la víspera de una auditoría se trabaja hasta tarde. Por eso Orbita responde a cualquier hora con la documentación del cliente. Y yo llego a la auditoría sabiendo qué se ha consultado.

Te lo enseño en 20 minutos con un proyecto real.
👉 https://www.tuconsultor.com/orbita/?utm_source=linkedin_alejandro&utm_medium=social&utm_campaign=orbita-ventajas&utm_content=v09c

#OrbitaPMTool #SistemasDeGestión #TuConsultor #Soporte #Disponibilidad",https://www.tuconsultor.com/social-img/orbita/V09C_linkedin.png,https://www.tuconsultor.com/orbita/,,
1054,09/11/2026,19:00,linkedin,"Antes de la auditoría, a la hora que sea.

El día antes de la auditoría siempre surge algo. En Orbita el portal responde con tu documentación a cualquier hora y el equipo de TuConsultor está al tanto. Nadie llega solo a la auditoría.

Pide una demo de Orbita · PM Tool.
👉 https://www.tuconsultor.com/orbita/?utm_source=linkedin&utm_medium=social&utm_campaign=orbita-ventajas&utm_content=v09c

#OrbitaPMTool #SistemasDeGestión #TuConsultor #Soporte #Disponibilidad",https://www.tuconsultor.com/social-img/orbita/V09C_linkedin.png,https://www.tuconsultor.com/orbita/,,
1055,09/11/2026,19:00,instagram,"🕐 Antes de la auditoría, a la hora que sea.

El día previo no tiene horario. El portal tampoco.

Pide una demo: enlace en bio.
Enlace en bio.

❤️ Gestión con corazón desde 2006.

#OrbitaPMTool #SistemasDeGestión #TuConsultor #Soporte #Disponibilidad #GestiónConCorazón #Orbita",https://www.tuconsultor.com/social-img/orbita/V09C_instagram.png,https://www.tuconsultor.com/orbita/,,
1056,10/11/2026,08:45,linkedin_alejandro,"Desde el móvil, desde la planta, desde la auditoría.

Un sistema que solo se consulta desde el despacho de calidad no es un sistema. Orbita se abre en el móvil de quien está en planta. Ahí es donde el sistema se cumple o no.

Te lo enseño en 20 minutos con un proyecto real.
👉 https://www.tuconsultor.com/orbita/?utm_source=linkedin_alejandro&utm_medium=social&utm_campaign=orbita-ventajas&utm_content=v10a

#OrbitaPMTool #SistemasDeGestión #TuConsultor #Accesibilidad #Móvil",https://www.tuconsultor.com/social-img/orbita/V10A_linkedin.png,https://www.tuconsultor.com/orbita/,,
1057,10/11/2026,19:00,linkedin,"Desde el móvil, desde la planta, desde la auditoría.

Un sistema de gestión se usa donde pasa el trabajo: en planta, en obra, en la visita del auditor. Orbita es web, se abre en el móvil y no requiere instalación. Accesible para todo el equipo, no solo para calidad.

Pide una demo de Orbita · PM Tool.
👉 https://www.tuconsultor.com/orbita/?utm_source=linkedin&utm_medium=social&utm_campaign=orbita-ventajas&utm_content=v10a

#OrbitaPMTool #SistemasDeGestión #TuConsultor #Accesibilidad #Móvil",https://www.tuconsultor.com/social-img/orbita/V10A_linkedin.png,https://www.tuconsultor.com/orbita/,,
1058,10/11/2026,19:00,instagram,"📱 Desde el móvil, desde la planta, desde la auditoría.

Orbita funciona donde estés. Sin instalar nada.

Pide una demo: enlace en bio.
Enlace en bio.

❤️ Gestión con corazón desde 2006.

#OrbitaPMTool #SistemasDeGestión #TuConsultor #Accesibilidad #Móvil #GestiónConCorazón #Orbita",https://www.tuconsultor.com/social-img/orbita/V10A_instagram.png,https://www.tuconsultor.com/orbita/,,
1059,11/11/2026,08:45,linkedin_alejandro,"Para el equipo, el cliente y el auditor.

El sistema deja de ser «cosa de calidad» cuando cada persona ve lo suyo en el mismo portal. En Orbita el operario, la dirección y el auditor entran por la misma puerta, cada uno a su sitio.

Te lo enseño en 20 minutos con un proyecto real.
👉 https://www.tuconsultor.com/orbita/?utm_source=linkedin_alejandro&utm_medium=social&utm_campaign=orbita-ventajas&utm_content=v10b

#OrbitaPMTool #SistemasDeGestión #TuConsultor #Accesibilidad #Móvil",https://www.tuconsultor.com/social-img/orbita/V10B_linkedin.png,https://www.tuconsultor.com/orbita/,,
1060,11/11/2026,19:00,linkedin,"Para el equipo, el cliente y el auditor.

Orbita es hiperaccesible porque no es solo para calidad: el equipo ve sus tareas, la dirección su dashboard, el consultor el plan y el auditor las evidencias. Cada rol con su acceso, todos en el mismo sitio.

Pide una demo de Orbita · PM Tool.
👉 https://www.tuconsultor.com/orbita/?utm_source=linkedin&utm_medium=social&utm_campaign=orbita-ventajas&utm_content=v10b

#OrbitaPMTool #SistemasDeGestión #TuConsultor #Accesibilidad #Móvil",https://www.tuconsultor.com/social-img/orbita/V10B_linkedin.png,https://www.tuconsultor.com/orbita/,,
1061,11/11/2026,19:00,instagram,"📱 Para el equipo, el cliente y el auditor.

Cada uno con su acceso y su vista. Todos en el mismo portal.

Pide una demo: enlace en bio.
Enlace en bio.

❤️ Gestión con corazón desde 2006.

#OrbitaPMTool #SistemasDeGestión #TuConsultor #Accesibilidad #Móvil #GestiónConCorazón #Orbita",https://www.tuconsultor.com/social-img/orbita/V10B_instagram.png,https://www.tuconsultor.com/orbita/,,
1062,12/11/2026,08:45,linkedin_alejandro,"Accesible también para quien no ve, no oye o no puede.

Trabajo con entidades del ámbito social y de la discapacidad. No podía ofrecerles un portal que excluyera a parte de su equipo. Orbita cumple accesibilidad web: el sistema es de todos.

Te lo enseño en 20 minutos con un proyecto real.
👉 https://www.tuconsultor.com/orbita/?utm_source=linkedin_alejandro&utm_medium=social&utm_campaign=orbita-ventajas&utm_content=v10c

#OrbitaPMTool #SistemasDeGestión #TuConsultor #Accesibilidad #Móvil",https://www.tuconsultor.com/social-img/orbita/V10C_linkedin.png,https://www.tuconsultor.com/orbita/,,
1063,12/11/2026,19:00,linkedin,"Accesible también para quien no ve, no oye o no puede.

Hiperaccesible también significa accesible: Orbita está diseñado para usarse con lector de pantalla, con teclado y con contraste alto. Un sistema de gestión para toda la plantilla, sin excepciones.

Pide una demo de Orbita · PM Tool.
👉 https://www.tuconsultor.com/orbita/?utm_source=linkedin&utm_medium=social&utm_campaign=orbita-ventajas&utm_content=v10c

#OrbitaPMTool #SistemasDeGestión #TuConsultor #Accesibilidad #Móvil",https://www.tuconsultor.com/social-img/orbita/V10C_linkedin.png,https://www.tuconsultor.com/orbita/,,
1064,12/11/2026,19:00,instagram,"📱 Accesible también para quien no ve, no oye o no puede.

Orbita cumple accesibilidad web. El sistema es de todos.

Pide una demo: enlace en bio.
Enlace en bio.

❤️ Gestión con corazón desde 2006.

#OrbitaPMTool #SistemasDeGestión #TuConsultor #Accesibilidad #Móvil #GestiónConCorazón #Orbita",https://www.tuconsultor.com/social-img/orbita/V10C_instagram.png,https://www.tuconsultor.com/orbita/,,
1065,13/11/2026,08:45,linkedin_alejandro,"Las normas y los procesos en un solo portal.

Llevo veinte años viendo sistemas de gestión repartidos en carpetas, correos y cabezas. Por eso construimos Orbita: un solo portal donde están las normas, los procesos, las tareas y las evidencias. Ahora trabajo así con todos mis clientes.

Si te suena, hablamos.
👉 https://www.tuconsultor.com/orbita/?utm_source=linkedin_alejandro&utm_medium=social&utm_campaign=orbita-ventajas&utm_content=v01a

#OrbitaPMTool #SistemasDeGestión #TuConsultor #PortalÚnico #ISO9001",https://www.tuconsultor.com/social-img/orbita/V01A_linkedin.png,https://www.tuconsultor.com/orbita/,,
1066,13/11/2026,19:00,linkedin,"Las normas y los procesos en un solo portal.

La calidad en un Excel, los proyectos en otro, los procedimientos en una carpeta y el consultor por correo. Así no se gestiona: se sobrevive. Orbita junta las normas y los procesos en un solo portal, con el consultor y el cliente dentro.

Así trabajamos ahora con nuestros clientes.
👉 https://www.tuconsultor.com/orbita/?utm_source=linkedin&utm_medium=social&utm_campaign=orbita-ventajas&utm_content=v01a

#OrbitaPMTool #SistemasDeGestión #TuConsultor #PortalÚnico #ISO9001",https://www.tuconsultor.com/social-img/orbita/V01A_linkedin.png,https://www.tuconsultor.com/orbita/,,
1067,13/11/2026,19:00,instagram,"🧭 Las normas y los procesos en un solo portal.

ISO, procesos, tareas, evidencias y equipo. Un sitio. Orbita · PM Tool.

Un portal. Todo dentro.
Enlace en bio.

❤️ Gestión con corazón desde 2006.

#OrbitaPMTool #SistemasDeGestión #TuConsultor #PortalÚnico #ISO9001 #GestiónConCorazón #Orbita",https://www.tuconsultor.com/social-img/orbita/V01A_instagram.png,https://www.tuconsultor.com/orbita/,,
1068,14/11/2026,08:45,linkedin_alejandro,"Un portal. Todas tus normas, todos tus procesos.

Cuando una empresa suma su segunda norma, lo normal es que duplique papeles. En Orbita no: las normas comparten los mismos procesos y las mismas evidencias. Menos trabajo, más control. Es lo que llevo años defendiendo.

Si te suena, hablamos.
👉 https://www.tuconsultor.com/orbita/?utm_source=linkedin_alejandro&utm_medium=social&utm_campaign=orbita-ventajas&utm_content=v01b

#OrbitaPMTool #SistemasDeGestión #TuConsultor #PortalÚnico #ISO9001",https://www.tuconsultor.com/social-img/orbita/V01B_linkedin.png,https://www.tuconsultor.com/orbita/,,
1069,14/11/2026,19:00,linkedin,"Un portal. Todas tus normas, todos tus procesos.

Cada norma que añades no puede ser otra carpeta y otro responsable. En Orbita las normas comparten procesos, tareas y evidencias: una integración de verdad, no una pestaña más.

Así trabajamos ahora con nuestros clientes.
👉 https://www.tuconsultor.com/orbita/?utm_source=linkedin&utm_medium=social&utm_campaign=orbita-ventajas&utm_content=v01b

#OrbitaPMTool #SistemasDeGestión #TuConsultor #PortalÚnico #ISO9001",https://www.tuconsultor.com/social-img/orbita/V01B_linkedin.png,https://www.tuconsultor.com/orbita/,,
1070,14/11/2026,19:00,instagram,"🧭 Un portal. Todas tus normas, todos tus procesos.

9001, 14001, 27001, 45001… y los procesos que las sostienen. Juntos.

Un portal. Todo dentro.
Enlace en bio.

❤️ Gestión con corazón desde 2006.

#OrbitaPMTool #SistemasDeGestión #TuConsultor #PortalÚnico #ISO9001 #GestiónConCorazón #Orbita",https://www.tuconsultor.com/social-img/orbita/V01B_instagram.png,https://www.tuconsultor.com/orbita/,,
1071,15/11/2026,08:45,linkedin_alejandro,"Lo que no está en el portal, no existe.

Mi regla con los clientes es sencilla: lo que no está en Orbita no existe. Suena duro y es lo que más tranquilidad da. Una versión, la vigente, y todos mirando lo mismo.

Si te suena, hablamos.
👉 https://www.tuconsultor.com/orbita/?utm_source=linkedin_alejandro&utm_medium=social&utm_campaign=orbita-ventajas&utm_content=v01c

#OrbitaPMTool #SistemasDeGestión #TuConsultor #PortalÚnico #ISO9001",https://www.tuconsultor.com/social-img/orbita/V01C_linkedin.png,https://www.tuconsultor.com/orbita/,,
1072,15/11/2026,19:00,linkedin,"Lo que no está en el portal, no existe.

La versión buena del procedimiento está en el portátil de alguien. En Orbita hay una versión: la vigente, con su historial. Tu equipo, tu consultor y tu auditor miran la misma pantalla.

Así trabajamos ahora con nuestros clientes.
👉 https://www.tuconsultor.com/orbita/?utm_source=linkedin&utm_medium=social&utm_campaign=orbita-ventajas&utm_content=v01c

#OrbitaPMTool #SistemasDeGestión #TuConsultor #PortalÚnico #ISO9001",https://www.tuconsultor.com/social-img/orbita/V01C_linkedin.png,https://www.tuconsultor.com/orbita/,,
1073,15/11/2026,19:00,instagram,"🧭 Lo que no está en el portal, no existe.

Y eso es exactamente lo que quieres: una sola versión, la vigente.

Un portal. Todo dentro.
Enlace en bio.

❤️ Gestión con corazón desde 2006.

#OrbitaPMTool #SistemasDeGestión #TuConsultor #PortalÚnico #ISO9001 #GestiónConCorazón #Orbita",https://www.tuconsultor.com/social-img/orbita/V01C_instagram.png,https://www.tuconsultor.com/orbita/,,
1074,16/11/2026,08:45,linkedin_alejandro,"Tu sistema de gestión no depende de una persona.

He visto sistemas de calidad desaparecer con una baja o un cambio de puesto. Con Orbita eso no pasa: el sistema está en el portal, no en una persona. Es la diferencia entre tener un sistema y tener a alguien que se lo sabe.

Si te suena, hablamos.
👉 https://www.tuconsultor.com/orbita/?utm_source=linkedin_alejandro&utm_medium=social&utm_campaign=orbita-ventajas&utm_content=v02a

#OrbitaPMTool #SistemasDeGestión #TuConsultor #Continuidad #Equipo",https://www.tuconsultor.com/social-img/orbita/V02A_linkedin.png,https://www.tuconsultor.com/orbita/,,
1075,16/11/2026,19:00,linkedin,"Tu sistema de gestión no depende de una persona.

El sistema ISO de muchas empresas vive en la cabeza de una persona. Cuando esa persona se va, se va el sistema. En Orbita, procesos, tareas, evidencias e historial están en el portal: quien llegue continúa donde lo dejó el anterior.

Así trabajamos ahora con nuestros clientes.
👉 https://www.tuconsultor.com/orbita/?utm_source=linkedin&utm_medium=social&utm_campaign=orbita-ventajas&utm_content=v02a

#OrbitaPMTool #SistemasDeGestión #TuConsultor #Continuidad #Equipo",https://www.tuconsultor.com/social-img/orbita/V02A_linkedin.png,https://www.tuconsultor.com/orbita/,,
1076,16/11/2026,19:00,instagram,"🧩 Tu sistema de gestión no depende de una persona.

Si el responsable de calidad se va, el sistema se queda.

Un portal. Todo dentro.
Enlace en bio.

❤️ Gestión con corazón desde 2006.

#OrbitaPMTool #SistemasDeGestión #TuConsultor #Continuidad #Equipo #GestiónConCorazón #Orbita",https://www.tuconsultor.com/social-img/orbita/V02A_instagram.png,https://www.tuconsultor.com/orbita/,,
1077,17/11/2026,08:45,linkedin_alejandro,"Vacaciones, bajas, cambios. El sistema sigue.

Agosto es la prueba de fuego de un sistema de gestión. En Orbita, las tareas del sistema tienen dueño y sustituto, y el consultor las ve. Cuando vuelve el equipo, no hay que reconstruir nada.

Si te suena, hablamos.
👉 https://www.tuconsultor.com/orbita/?utm_source=linkedin_alejandro&utm_medium=social&utm_campaign=orbita-ventajas&utm_content=v02b

#OrbitaPMTool #SistemasDeGestión #TuConsultor #Continuidad #Equipo",https://www.tuconsultor.com/social-img/orbita/V02B_linkedin.png,https://www.tuconsultor.com/orbita/,,
1078,17/11/2026,19:00,linkedin,"Vacaciones, bajas, cambios. El sistema sigue.

En Orbita cada tarea tiene responsable, plazo y evidencia. Si alguien falta, se reasigna y sigue. La auditoría no espera a que vuelva nadie de vacaciones, y tu sistema tampoco.

Así trabajamos ahora con nuestros clientes.
👉 https://www.tuconsultor.com/orbita/?utm_source=linkedin&utm_medium=social&utm_campaign=orbita-ventajas&utm_content=v02b

#OrbitaPMTool #SistemasDeGestión #TuConsultor #Continuidad #Equipo",https://www.tuconsultor.com/social-img/orbita/V02B_linkedin.png,https://www.tuconsultor.com/orbita/,,
1079,17/11/2026,19:00,instagram,"🧩 Vacaciones, bajas, cambios. El sistema sigue.

Tareas con dueño, plazos y sustituto. Nada se para.

Un portal. Todo dentro.
Enlace en bio.

❤️ Gestión con corazón desde 2006.

#OrbitaPMTool #SistemasDeGestión #TuConsultor #Continuidad #Equipo #GestiónConCorazón #Orbita",https://www.tuconsultor.com/social-img/orbita/V02B_instagram.png,https://www.tuconsultor.com/orbita/,,
1080,18/11/2026,08:45,linkedin_alejandro,"El conocimiento del sistema es de la empresa.

Como consultor, mi trabajo es que el cliente no me necesite para saber cómo funciona su sistema. Orbita lo hace posible: todo lo que hacemos juntos queda en su portal, no en mis notas.

Si te suena, hablamos.
👉 https://www.tuconsultor.com/orbita/?utm_source=linkedin_alejandro&utm_medium=social&utm_campaign=orbita-ventajas&utm_content=v02c

#OrbitaPMTool #SistemasDeGestión #TuConsultor #Continuidad #Equipo",https://www.tuconsultor.com/social-img/orbita/V02C_linkedin.png,https://www.tuconsultor.com/orbita/,,
1081,18/11/2026,19:00,linkedin,"El conocimiento del sistema es de la empresa.

Cuando el sistema está en Orbita, el conocimiento se queda en la empresa: qué se hizo, por qué, con qué evidencia. Cambie quien cambie, el hilo no se rompe.

Así trabajamos ahora con nuestros clientes.
👉 https://www.tuconsultor.com/orbita/?utm_source=linkedin&utm_medium=social&utm_campaign=orbita-ventajas&utm_content=v02c

#OrbitaPMTool #SistemasDeGestión #TuConsultor #Continuidad #Equipo",https://www.tuconsultor.com/social-img/orbita/V02C_linkedin.png,https://www.tuconsultor.com/orbita/,,
1082,18/11/2026,19:00,instagram,"🧩 El conocimiento del sistema es de la empresa.

No del consultor. No del responsable. De la organización.

Un portal. Todo dentro.
Enlace en bio.

❤️ Gestión con corazón desde 2006.

#OrbitaPMTool #SistemasDeGestión #TuConsultor #Continuidad #Equipo #GestiónConCorazón #Orbita",https://www.tuconsultor.com/social-img/orbita/V02C_instagram.png,https://www.tuconsultor.com/orbita/,,
1083,19/11/2026,08:45,linkedin_alejandro,"Siempre atendido. No una visita al mes.

Ya no trabajo a golpe de visita mensual. Estoy dentro del portal de cada cliente, veo lo que avanza y lo que se atasca, y actúo antes de que sea un problema. Siempre atendido no es un eslogan: es el modelo.

Si te suena, hablamos.
👉 https://www.tuconsultor.com/orbita/?utm_source=linkedin_alejandro&utm_medium=social&utm_campaign=orbita-ventajas&utm_content=v03a

#OrbitaPMTool #SistemasDeGestión #TuConsultor #Consultoría #Acompañamiento",https://www.tuconsultor.com/social-img/orbita/V03A_linkedin.png,https://www.tuconsultor.com/orbita/,,
1084,19/11/2026,19:00,linkedin,"Siempre atendido. No una visita al mes.

La consultoría clásica es una visita mensual y un correo cuando hay prisa. En Orbita el consultor está dentro del portal: ve las tareas, contesta las dudas y programa el trabajo semana a semana. Acompañamiento de verdad, no presencia.

Así trabajamos ahora con nuestros clientes.
👉 https://www.tuconsultor.com/orbita/?utm_source=linkedin&utm_medium=social&utm_campaign=orbita-ventajas&utm_content=v03a

#OrbitaPMTool #SistemasDeGestión #TuConsultor #Consultoría #Acompañamiento",https://www.tuconsultor.com/social-img/orbita/V03A_linkedin.png,https://www.tuconsultor.com/orbita/,,
1085,19/11/2026,19:00,instagram,"🤝 Siempre atendido. No una visita al mes.

Tu consultor dentro del portal, cada semana, no solo antes de la auditoría.

Un portal. Todo dentro.
Enlace en bio.

❤️ Gestión con corazón desde 2006.

#OrbitaPMTool #SistemasDeGestión #TuConsultor #Consultoría #Acompañamiento #GestiónConCorazón #Orbita",https://www.tuconsultor.com/social-img/orbita/V03A_instagram.png,https://www.tuconsultor.com/orbita/,,
1086,20/11/2026,08:45,linkedin_alejandro,"Cada tarea del sistema tiene a alguien detrás.

Lo que más agradecen mis clientes de Orbita no es la tecnología: es saber quién de mi equipo se ocupa de cada cosa y cuándo. Eso es estar atendido.

Si te suena, hablamos.
👉 https://www.tuconsultor.com/orbita/?utm_source=linkedin_alejandro&utm_medium=social&utm_campaign=orbita-ventajas&utm_content=v03b

#OrbitaPMTool #SistemasDeGestión #TuConsultor #Consultoría #Acompañamiento",https://www.tuconsultor.com/social-img/orbita/V03B_linkedin.png,https://www.tuconsultor.com/orbita/,,
1087,20/11/2026,19:00,linkedin,"Cada tarea del sistema tiene a alguien detrás.

En Orbita cada proyecto tiene su consultor y cada tarea su sesión programada. El cliente ve quién viene, cuándo y a qué. Sin perseguir a nadie por correo.

Así trabajamos ahora con nuestros clientes.
👉 https://www.tuconsultor.com/orbita/?utm_source=linkedin&utm_medium=social&utm_campaign=orbita-ventajas&utm_content=v03b

#OrbitaPMTool #SistemasDeGestión #TuConsultor #Consultoría #Acompañamiento",https://www.tuconsultor.com/social-img/orbita/V03B_linkedin.png,https://www.tuconsultor.com/orbita/,,
1088,20/11/2026,19:00,instagram,"🤝 Cada tarea del sistema tiene a alguien detrás.

Consultor asignado, agenda compartida y seguimiento en el portal.

Un portal. Todo dentro.
Enlace en bio.

❤️ Gestión con corazón desde 2006.

#OrbitaPMTool #SistemasDeGestión #TuConsultor #Consultoría #Acompañamiento #GestiónConCorazón #Orbita",https://www.tuconsultor.com/social-img/orbita/V03B_instagram.png,https://www.tuconsultor.com/orbita/,,
1089,21/11/2026,08:45,linkedin_alejandro,"Relación, Implicación o Compromiso.

Hay clientes que quieren que les acompañe y clientes que quieren que me ocupe. Por eso Orbita tiene tres modelos: Relación, Implicación y Compromiso. Elige el tuyo y el portal se adapta.

Si te suena, hablamos.
👉 https://www.tuconsultor.com/orbita/?utm_source=linkedin_alejandro&utm_medium=social&utm_campaign=orbita-ventajas&utm_content=v03c

#OrbitaPMTool #SistemasDeGestión #TuConsultor #Consultoría #Acompañamiento",https://www.tuconsultor.com/social-img/orbita/V03C_linkedin.png,https://www.tuconsultor.com/orbita/,,
1090,21/11/2026,19:00,linkedin,"Relación, Implicación o Compromiso.

No todas las empresas necesitan lo mismo. En Orbita trabajamos con tres modelos: Relación (te acompañamos), Implicación (lo hacemos contigo) y Compromiso (lo llevamos por ti). El portal es el mismo; cambia cuánto hacemos nosotros.

Así trabajamos ahora con nuestros clientes.
👉 https://www.tuconsultor.com/orbita/?utm_source=linkedin&utm_medium=social&utm_campaign=orbita-ventajas&utm_content=v03c

#OrbitaPMTool #SistemasDeGestión #TuConsultor #Consultoría #Acompañamiento",https://www.tuconsultor.com/social-img/orbita/V03C_linkedin.png,https://www.tuconsultor.com/orbita/,,
1091,21/11/2026,19:00,instagram,"🤝 Relación, Implicación o Compromiso.

Tres modelos de acompañamiento. Tú eliges cuánto nos metemos.

Un portal. Todo dentro.
Enlace en bio.

❤️ Gestión con corazón desde 2006.

#OrbitaPMTool #SistemasDeGestión #TuConsultor #Consultoría #Acompañamiento #GestiónConCorazón #Orbita",https://www.tuconsultor.com/social-img/orbita/V03C_instagram.png,https://www.tuconsultor.com/orbita/,,
1092,22/11/2026,08:45,linkedin_alejandro,"Diez años de sistema en un solo hilo.

Lo primero que pide un auditor es el hilo: qué pasó el año pasado y qué hicisteis. En Orbita el hilo está entero, con fecha y evidencia. Es el legado del sistema, y es de la empresa.

Si te suena, hablamos.
👉 https://www.tuconsultor.com/orbita/?utm_source=linkedin_alejandro&utm_medium=social&utm_campaign=orbita-ventajas&utm_content=v04a

#OrbitaPMTool #SistemasDeGestión #TuConsultor #Legado #Conocimiento",https://www.tuconsultor.com/social-img/orbita/V04A_linkedin.png,https://www.tuconsultor.com/orbita/,,
1093,22/11/2026,19:00,linkedin,"Diez años de sistema en un solo hilo.

Un sistema de gestión es su historia: qué falló, qué se decidió, qué se cambió. En Orbita ese legado está ordenado por proyecto y por proceso, con fecha, autor y evidencia. Nada se pierde entre versiones de carpeta.

Así trabajamos ahora con nuestros clientes.
👉 https://www.tuconsultor.com/orbita/?utm_source=linkedin&utm_medium=social&utm_campaign=orbita-ventajas&utm_content=v04a

#OrbitaPMTool #SistemasDeGestión #TuConsultor #Legado #Conocimiento",https://www.tuconsultor.com/social-img/orbita/V04A_linkedin.png,https://www.tuconsultor.com/orbita/,,
1094,22/11/2026,19:00,instagram,"📚 Diez años de sistema en un solo hilo.

Auditorías, no conformidades, cambios y decisiones. Con fecha y evidencia.

Un portal. Todo dentro.
Enlace en bio.

❤️ Gestión con corazón desde 2006.

#OrbitaPMTool #SistemasDeGestión #TuConsultor #Legado #Conocimiento #GestiónConCorazón #Orbita",https://www.tuconsultor.com/social-img/orbita/V04A_instagram.png,https://www.tuconsultor.com/orbita/,,
1095,23/11/2026,08:45,linkedin_alejandro,"La no conformidad de 2024 y lo que hiciste con ella.

Una no conformidad bien cerrada es la mejor prueba de que el sistema funciona. Con Orbita queda el ciclo completo: hallazgo, causa, acción y eficacia. Eso es gestionar el legado.

Si te suena, hablamos.
👉 https://www.tuconsultor.com/orbita/?utm_source=linkedin_alejandro&utm_medium=social&utm_campaign=orbita-ventajas&utm_content=v04b

#OrbitaPMTool #SistemasDeGestión #TuConsultor #Legado #Conocimiento",https://www.tuconsultor.com/social-img/orbita/V04B_linkedin.png,https://www.tuconsultor.com/orbita/,,
1096,23/11/2026,19:00,linkedin,"La no conformidad de 2024 y lo que hiciste con ella.

En Orbita cada hallazgo lleva su análisis, su acción y su verificación de eficacia. Cuando el auditor pregunte por la no conformidad de hace dos años, la respuesta está en el portal, no en la memoria de nadie.

Así trabajamos ahora con nuestros clientes.
👉 https://www.tuconsultor.com/orbita/?utm_source=linkedin&utm_medium=social&utm_campaign=orbita-ventajas&utm_content=v04b

#OrbitaPMTool #SistemasDeGestión #TuConsultor #Legado #Conocimiento",https://www.tuconsultor.com/social-img/orbita/V04B_linkedin.png,https://www.tuconsultor.com/orbita/,,
1097,23/11/2026,19:00,instagram,"📚 La no conformidad de 2024 y lo que hiciste con ella.

En el portal, a dos clics. No en un correo de hace dos años.

Un portal. Todo dentro.
Enlace en bio.

❤️ Gestión con corazón desde 2006.

#OrbitaPMTool #SistemasDeGestión #TuConsultor #Legado #Conocimiento #GestiónConCorazón #Orbita",https://www.tuconsultor.com/social-img/orbita/V04B_instagram.png,https://www.tuconsultor.com/orbita/,,
1098,24/11/2026,08:45,linkedin_alejandro,"Cambiar de consultor sin empezar de cero.

Sé que suena raro viniendo de un consultor: con Orbita puedes cambiar de consultor sin perder nada. El sistema, con todo su historial, es de la empresa. Así debería ser siempre.

Si te suena, hablamos.
👉 https://www.tuconsultor.com/orbita/?utm_source=linkedin_alejandro&utm_medium=social&utm_campaign=orbita-ventajas&utm_content=v04c

#OrbitaPMTool #SistemasDeGestión #TuConsultor #Legado #Conocimiento",https://www.tuconsultor.com/social-img/orbita/V04C_linkedin.png,https://www.tuconsultor.com/orbita/,,
1099,24/11/2026,19:00,linkedin,"Cambiar de consultor sin empezar de cero.

Con Orbita el sistema es tuyo: si cambia el consultor, el nuevo entra en el portal y continúa. Sin rehacer procedimientos, sin reconstruir el historial.

Así trabajamos ahora con nuestros clientes.
👉 https://www.tuconsultor.com/orbita/?utm_source=linkedin&utm_medium=social&utm_campaign=orbita-ventajas&utm_content=v04c

#OrbitaPMTool #SistemasDeGestión #TuConsultor #Legado #Conocimiento",https://www.tuconsultor.com/social-img/orbita/V04C_linkedin.png,https://www.tuconsultor.com/orbita/,,
1100,24/11/2026,19:00,instagram,"📚 Cambiar de consultor sin empezar de cero.

El sistema, sus decisiones y sus evidencias siguen en tu portal.

Un portal. Todo dentro.
Enlace en bio.

❤️ Gestión con corazón desde 2006.

#OrbitaPMTool #SistemasDeGestión #TuConsultor #Legado #Conocimiento #GestiónConCorazón #Orbita",https://www.tuconsultor.com/social-img/orbita/V04C_instagram.png,https://www.tuconsultor.com/orbita/,,
1101,25/11/2026,08:45,linkedin_alejandro,"Tus procedimientos no viajan por WhatsApp.

Como consultor de ISO 27001 y ENS no podía ofrecer a mis clientes un portal que no cumpliera lo que yo exijo en las auditorías. Orbita tiene accesos por rol, registro de accesos y datos en la UE.

Si te suena, hablamos.
👉 https://www.tuconsultor.com/orbita/?utm_source=linkedin_alejandro&utm_medium=social&utm_campaign=orbita-ventajas&utm_content=v05a

#OrbitaPMTool #SistemasDeGestión #TuConsultor #ISO27001 #Seguridad",https://www.tuconsultor.com/social-img/orbita/V05A_linkedin.png,https://www.tuconsultor.com/orbita/,,
1102,25/11/2026,19:00,linkedin,"Tus procedimientos no viajan por WhatsApp.

Un sistema de gestión maneja información sensible: auditorías, no conformidades, datos de personas. En Orbita cada usuario ve lo suyo, cada acceso queda registrado y los datos se alojan en la Unión Europea.

Así trabajamos ahora con nuestros clientes.
👉 https://www.tuconsultor.com/orbita/?utm_source=linkedin&utm_medium=social&utm_campaign=orbita-ventajas&utm_content=v05a

#OrbitaPMTool #SistemasDeGestión #TuConsultor #ISO27001 #Seguridad",https://www.tuconsultor.com/social-img/orbita/V05A_linkedin.png,https://www.tuconsultor.com/orbita/,,
1103,25/11/2026,19:00,instagram,"🔐 Tus procedimientos no viajan por WhatsApp.

Accesos por rol, trazabilidad y datos en la Unión Europea.

Un portal. Todo dentro.
Enlace en bio.

❤️ Gestión con corazón desde 2006.

#OrbitaPMTool #SistemasDeGestión #TuConsultor #ISO27001 #Seguridad #GestiónConCorazón #Orbita",https://www.tuconsultor.com/social-img/orbita/V05A_instagram.png,https://www.tuconsultor.com/orbita/,,
1104,26/11/2026,08:45,linkedin_alejandro,"Quién vio qué y cuándo.

La trazabilidad no es un lujo: es un requisito. En Orbita sabemos quién entró, qué vio y qué cambió. Es la misma exigencia que aplico en cada implantación de 27001.

Si te suena, hablamos.
👉 https://www.tuconsultor.com/orbita/?utm_source=linkedin_alejandro&utm_medium=social&utm_campaign=orbita-ventajas&utm_content=v05b

#OrbitaPMTool #SistemasDeGestión #TuConsultor #ISO27001 #Seguridad",https://www.tuconsultor.com/social-img/orbita/V05B_linkedin.png,https://www.tuconsultor.com/orbita/,,
1105,26/11/2026,19:00,linkedin,"Quién vio qué y cuándo.

Orbita registra entradas, accesos y cambios en el sistema. Es lo que piden la ISO 27001 y el ENS, y lo que necesitas para saber que la documentación del sistema está bajo control.

Así trabajamos ahora con nuestros clientes.
👉 https://www.tuconsultor.com/orbita/?utm_source=linkedin&utm_medium=social&utm_campaign=orbita-ventajas&utm_content=v05b

#OrbitaPMTool #SistemasDeGestión #TuConsultor #ISO27001 #Seguridad",https://www.tuconsultor.com/social-img/orbita/V05B_linkedin.png,https://www.tuconsultor.com/orbita/,,
1106,26/11/2026,19:00,instagram,"🔐 Quién vio qué y cuándo.

Registro de accesos y cambios. Lo que pide la ISO 27001 y el ENS.

Un portal. Todo dentro.
Enlace en bio.

❤️ Gestión con corazón desde 2006.

#OrbitaPMTool #SistemasDeGestión #TuConsultor #ISO27001 #Seguridad #GestiónConCorazón #Orbita",https://www.tuconsultor.com/social-img/orbita/V05B_instagram.png,https://www.tuconsultor.com/orbita/,,
1107,27/11/2026,08:45,linkedin_alejandro,"Copias, cifrado y accesos que no dependen de nadie.

Cada vez que veo un sistema de gestión en una carpeta compartida sin control de accesos, pienso en el día que alguien lo borre sin querer. Con Orbita ese día no llega.

Si te suena, hablamos.
👉 https://www.tuconsultor.com/orbita/?utm_source=linkedin_alejandro&utm_medium=social&utm_campaign=orbita-ventajas&utm_content=v05c

#OrbitaPMTool #SistemasDeGestión #TuConsultor #ISO27001 #Seguridad",https://www.tuconsultor.com/social-img/orbita/V05C_linkedin.png,https://www.tuconsultor.com/orbita/,,
1108,27/11/2026,19:00,linkedin,"Copias, cifrado y accesos que no dependen de nadie.

La carpeta compartida no tiene copias de seguridad verificadas ni control de accesos real. Orbita corre sobre infraestructura profesional en la UE, con copias, cifrado en tránsito y en reposo y accesos por rol.

Así trabajamos ahora con nuestros clientes.
👉 https://www.tuconsultor.com/orbita/?utm_source=linkedin&utm_medium=social&utm_campaign=orbita-ventajas&utm_content=v05c

#OrbitaPMTool #SistemasDeGestión #TuConsultor #ISO27001 #Seguridad",https://www.tuconsultor.com/social-img/orbita/V05C_linkedin.png,https://www.tuconsultor.com/orbita/,,
1109,27/11/2026,19:00,instagram,"🔐 Copias, cifrado y accesos que no dependen de nadie.

Infraestructura profesional, no una carpeta compartida.

Un portal. Todo dentro.
Enlace en bio.

❤️ Gestión con corazón desde 2006.

#OrbitaPMTool #SistemasDeGestión #TuConsultor #ISO27001 #Seguridad #GestiónConCorazón #Orbita",https://www.tuconsultor.com/social-img/orbita/V05C_instagram.png,https://www.tuconsultor.com/orbita/,,
1110,28/11/2026,08:45,linkedin_alejandro,"Preguntas al sistema. Respuestas al momento.

Mis clientes me hacían las mismas preguntas una y otra vez. Ahora se las hacen al portal y la respuesta sale de su propia documentación. Yo me quedo para lo que aporta valor.

Si te suena, hablamos.
👉 https://www.tuconsultor.com/orbita/?utm_source=linkedin_alejandro&utm_medium=social&utm_campaign=orbita-ventajas&utm_content=v06a

#OrbitaPMTool #SistemasDeGestión #TuConsultor #IA #Consultoría",https://www.tuconsultor.com/social-img/orbita/V06A_linkedin.png,https://www.tuconsultor.com/orbita/,,
1111,28/11/2026,19:00,linkedin,"Preguntas al sistema. Respuestas al momento.

«¿Qué dice nuestro procedimiento de compras?» «¿Qué me toca antes de la auditoría?» En Orbita las respuestas salen de tu propia documentación, al instante, sin esperar al consultor ni buscar en carpetas.

Así trabajamos ahora con nuestros clientes.
👉 https://www.tuconsultor.com/orbita/?utm_source=linkedin&utm_medium=social&utm_campaign=orbita-ventajas&utm_content=v06a

#OrbitaPMTool #SistemasDeGestión #TuConsultor #IA #Consultoría",https://www.tuconsultor.com/social-img/orbita/V06A_linkedin.png,https://www.tuconsultor.com/orbita/,,
1112,28/11/2026,19:00,instagram,"⚡ Preguntas al sistema. Respuestas al momento.

La documentación de tu ISO responde: qué dice el procedimiento, qué toca ahora.

Un portal. Todo dentro.
Enlace en bio.

❤️ Gestión con corazón desde 2006.

#OrbitaPMTool #SistemasDeGestión #TuConsultor #IA #Consultoría #GestiónConCorazón #Orbita",https://www.tuconsultor.com/social-img/orbita/V06A_instagram.png,https://www.tuconsultor.com/orbita/,,
1113,29/11/2026,08:45,linkedin_alejandro,"Sin esperar al correo del consultor.

Odiaba ser el cuello de botella de mis clientes. Con Orbita las dudas del día a día se resuelven al momento y con referencia al procedimiento. Yo entro cuando hace falta criterio, no para buscar un párrafo.

Si te suena, hablamos.
👉 https://www.tuconsultor.com/orbita/?utm_source=linkedin_alejandro&utm_medium=social&utm_campaign=orbita-ventajas&utm_content=v06b

#OrbitaPMTool #SistemasDeGestión #TuConsultor #IA #Consultoría",https://www.tuconsultor.com/social-img/orbita/V06B_linkedin.png,https://www.tuconsultor.com/orbita/,,
1114,29/11/2026,19:00,linkedin,"Sin esperar al correo del consultor.

Una duda del sistema no puede esperar tres días a que el consultor conteste el correo. En Orbita la respuesta es inmediata y cita el procedimiento: si hace falta más, el consultor entra en el mismo hilo.

Así trabajamos ahora con nuestros clientes.
👉 https://www.tuconsultor.com/orbita/?utm_source=linkedin&utm_medium=social&utm_campaign=orbita-ventajas&utm_content=v06b

#OrbitaPMTool #SistemasDeGestión #TuConsultor #IA #Consultoría",https://www.tuconsultor.com/social-img/orbita/V06B_linkedin.png,https://www.tuconsultor.com/orbita/,,
1115,29/11/2026,19:00,instagram,"⚡ Sin esperar al correo del consultor.

Dudas resueltas en el portal, con la referencia al procedimiento.

Un portal. Todo dentro.
Enlace en bio.

❤️ Gestión con corazón desde 2006.

#OrbitaPMTool #SistemasDeGestión #TuConsultor #IA #Consultoría #GestiónConCorazón #Orbita",https://www.tuconsultor.com/social-img/orbita/V06B_instagram.png,https://www.tuconsultor.com/orbita/,,
1116,30/11/2026,08:45,linkedin_alejandro,"La auditoría empieza cuando tú quieras.

Preparar una auditoría era una semana de nervios. Con Orbita mis clientes se hacen las preguntas del auditor antes, con sus propios datos, y llegan tranquilos.

Si te suena, hablamos.
👉 https://www.tuconsultor.com/orbita/?utm_source=linkedin_alejandro&utm_medium=social&utm_campaign=orbita-ventajas&utm_content=v06c

#OrbitaPMTool #SistemasDeGestión #TuConsultor #IA #Consultoría",https://www.tuconsultor.com/social-img/orbita/V06C_linkedin.png,https://www.tuconsultor.com/orbita/,,
1117,30/11/2026,19:00,linkedin,"La auditoría empieza cuando tú quieras.

Antes de la auditoría, pregunta al portal lo que preguntaría el auditor. Orbita responde con tu documentación y te dice dónde hay hueco. Llegas sabiendo qué van a encontrar.

Así trabajamos ahora con nuestros clientes.
👉 https://www.tuconsultor.com/orbita/?utm_source=linkedin&utm_medium=social&utm_campaign=orbita-ventajas&utm_content=v06c

#OrbitaPMTool #SistemasDeGestión #TuConsultor #IA #Consultoría",https://www.tuconsultor.com/social-img/orbita/V06C_linkedin.png,https://www.tuconsultor.com/orbita/,,
1118,30/11/2026,19:00,instagram,"⚡ La auditoría empieza cuando tú quieras.

Simula preguntas del auditor y comprueba las respuestas con tu documentación.

Un portal. Todo dentro.
Enlace en bio.

❤️ Gestión con corazón desde 2006.

#OrbitaPMTool #SistemasDeGestión #TuConsultor #IA #Consultoría #GestiónConCorazón #Orbita",https://www.tuconsultor.com/social-img/orbita/V06C_instagram.png,https://www.tuconsultor.com/orbita/,,
1119,01/12/2026,08:45,linkedin_alejandro,"Tus indicadores, en tiempo real.

Ver es la mitad del control. En Orbita cada cliente tiene su dashboard: indicadores, tareas y auditorías en vivo. Y yo veo lo mismo, así que no hace falta preguntar.

Si te suena, hablamos.
👉 https://www.tuconsultor.com/orbita/?utm_source=linkedin_alejandro&utm_medium=social&utm_campaign=orbita-ventajas&utm_content=v07a

#OrbitaPMTool #SistemasDeGestión #TuConsultor #Dashboard #Dirección",https://www.tuconsultor.com/social-img/orbita/V07A_linkedin.png,https://www.tuconsultor.com/orbita/,,
1120,01/12/2026,19:00,linkedin,"Tus indicadores, en tiempo real.

Un sistema de gestión sin indicadores a la vista es un archivo. En Orbita el dashboard muestra objetivos, no conformidades abiertas, tareas pendientes y próximas auditorías, actualizado según se trabaja.

Así trabajamos ahora con nuestros clientes.
👉 https://www.tuconsultor.com/orbita/?utm_source=linkedin&utm_medium=social&utm_campaign=orbita-ventajas&utm_content=v07a

#OrbitaPMTool #SistemasDeGestión #TuConsultor #Dashboard #Dirección",https://www.tuconsultor.com/social-img/orbita/V07A_linkedin.png,https://www.tuconsultor.com/orbita/,,
1121,01/12/2026,19:00,instagram,"📊 Tus indicadores, en tiempo real.

Objetivos, no conformidades, tareas y auditorías en una pantalla.

Un portal. Todo dentro.
Enlace en bio.

❤️ Gestión con corazón desde 2006.

#OrbitaPMTool #SistemasDeGestión #TuConsultor #Dashboard #Dirección #GestiónConCorazón #Orbita",https://www.tuconsultor.com/social-img/orbita/V07A_instagram.png,https://www.tuconsultor.com/orbita/,,
1122,02/12/2026,08:45,linkedin_alejandro,"El comité de dirección sin preparar el Excel.

La revisión por la dirección es el momento más útil del sistema y el peor preparado. Con Orbita los datos ya están; dedicamos la reunión a decidir. Eso cambia la conversación con la dirección.

Si te suena, hablamos.
👉 https://www.tuconsultor.com/orbita/?utm_source=linkedin_alejandro&utm_medium=social&utm_campaign=orbita-ventajas&utm_content=v07b

#OrbitaPMTool #SistemasDeGestión #TuConsultor #Dashboard #Dirección",https://www.tuconsultor.com/social-img/orbita/V07B_linkedin.png,https://www.tuconsultor.com/orbita/,,
1123,02/12/2026,19:00,linkedin,"El comité de dirección sin preparar el Excel.

La revisión por la dirección no debería empezar con dos semanas de recopilar datos. En Orbita los indicadores del sistema están siempre al día: la reunión es para decidir, no para reunir.

Así trabajamos ahora con nuestros clientes.
👉 https://www.tuconsultor.com/orbita/?utm_source=linkedin&utm_medium=social&utm_campaign=orbita-ventajas&utm_content=v07b

#OrbitaPMTool #SistemasDeGestión #TuConsultor #Dashboard #Dirección",https://www.tuconsultor.com/social-img/orbita/V07B_linkedin.png,https://www.tuconsultor.com/orbita/,,
1124,02/12/2026,19:00,instagram,"📊 El comité de dirección sin preparar el Excel.

Los datos de la revisión por la dirección ya están en el portal.

Un portal. Todo dentro.
Enlace en bio.

❤️ Gestión con corazón desde 2006.

#OrbitaPMTool #SistemasDeGestión #TuConsultor #Dashboard #Dirección #GestiónConCorazón #Orbita",https://www.tuconsultor.com/social-img/orbita/V07B_instagram.png,https://www.tuconsultor.com/orbita/,,
1125,03/12/2026,08:45,linkedin_alejandro,"Un semáforo por proceso. Sin sorpresas.

Un dashboard no es para mirar números: es para no llevarse sorpresas. En Orbita el semáforo por proceso avisa antes de que el problema llegue a la auditoría.

Si te suena, hablamos.
👉 https://www.tuconsultor.com/orbita/?utm_source=linkedin_alejandro&utm_medium=social&utm_campaign=orbita-ventajas&utm_content=v07c

#OrbitaPMTool #SistemasDeGestión #TuConsultor #Dashboard #Dirección",https://www.tuconsultor.com/social-img/orbita/V07C_linkedin.png,https://www.tuconsultor.com/orbita/,,
1126,03/12/2026,19:00,linkedin,"Un semáforo por proceso. Sin sorpresas.

En Orbita cada proceso y cada proyecto tienen su estado: al día, en riesgo o retrasado. La dirección ve el sistema completo de un vistazo y decide con datos, no con sensaciones.

Así trabajamos ahora con nuestros clientes.
👉 https://www.tuconsultor.com/orbita/?utm_source=linkedin&utm_medium=social&utm_campaign=orbita-ventajas&utm_content=v07c

#OrbitaPMTool #SistemasDeGestión #TuConsultor #Dashboard #Dirección",https://www.tuconsultor.com/social-img/orbita/V07C_linkedin.png,https://www.tuconsultor.com/orbita/,,
1127,03/12/2026,19:00,instagram,"📊 Un semáforo por proceso. Sin sorpresas.

Qué va bien, qué se retrasa y qué necesita decisión. A un vistazo.

Un portal. Todo dentro.
Enlace en bio.

❤️ Gestión con corazón desde 2006.

#OrbitaPMTool #SistemasDeGestión #TuConsultor #Dashboard #Dirección #GestiónConCorazón #Orbita",https://www.tuconsultor.com/social-img/orbita/V07C_instagram.png,https://www.tuconsultor.com/orbita/,,
1128,04/12/2026,08:45,linkedin_alejandro,"La documentación del sistema, disponible 24/7.

La documentación del sistema no puede depender de que alguien esté en la oficina. En Orbita está siempre disponible, con la versión vigente. Es lo mínimo para un sistema que dice estar vivo.

Si te suena, hablamos.
👉 https://www.tuconsultor.com/orbita/?utm_source=linkedin_alejandro&utm_medium=social&utm_campaign=orbita-ventajas&utm_content=v08a

#OrbitaPMTool #SistemasDeGestión #TuConsultor #Documentación #Auditoría",https://www.tuconsultor.com/social-img/orbita/V08A_linkedin.png,https://www.tuconsultor.com/orbita/,,
1129,04/12/2026,19:00,linkedin,"La documentación del sistema, disponible 24/7.

El auditor llega a las 8 y el responsable está de viaje. Da igual: en Orbita la documentación del sistema está disponible las 24 horas, con la versión vigente y su historial. Sin pedir nada a nadie.

Así trabajamos ahora con nuestros clientes.
👉 https://www.tuconsultor.com/orbita/?utm_source=linkedin&utm_medium=social&utm_campaign=orbita-ventajas&utm_content=v08a

#OrbitaPMTool #SistemasDeGestión #TuConsultor #Documentación #Auditoría",https://www.tuconsultor.com/social-img/orbita/V08A_linkedin.png,https://www.tuconsultor.com/orbita/,,
1130,04/12/2026,19:00,instagram,"🗂️ La documentación del sistema, disponible 24/7.

Procedimientos, registros y evidencias. A cualquier hora, desde cualquier sitio.

Un portal. Todo dentro.
Enlace en bio.

❤️ Gestión con corazón desde 2006.

#OrbitaPMTool #SistemasDeGestión #TuConsultor #Documentación #Auditoría #GestiónConCorazón #Orbita",https://www.tuconsultor.com/social-img/orbita/V08A_instagram.png,https://www.tuconsultor.com/orbita/,,
1131,05/12/2026,08:45,linkedin_alejandro,"Un solo lugar para cada documento.

La pregunta «¿cuál es la versión buena?» desaparece con Orbita. Hay una, está en el portal y se puede consultar a cualquier hora. Parece poco; cambia la auditoría entera.

Si te suena, hablamos.
👉 https://www.tuconsultor.com/orbita/?utm_source=linkedin_alejandro&utm_medium=social&utm_campaign=orbita-ventajas&utm_content=v08b

#OrbitaPMTool #SistemasDeGestión #TuConsultor #Documentación #Auditoría",https://www.tuconsultor.com/social-img/orbita/V08B_linkedin.png,https://www.tuconsultor.com/orbita/,,
1132,05/12/2026,19:00,linkedin,"Un solo lugar para cada documento.

En Orbita cada documento tiene un lugar, un estado y un historial. La copia que alguien guardó en su escritorio deja de ser un riesgo porque nadie la necesita.

Así trabajamos ahora con nuestros clientes.
👉 https://www.tuconsultor.com/orbita/?utm_source=linkedin&utm_medium=social&utm_campaign=orbita-ventajas&utm_content=v08b

#OrbitaPMTool #SistemasDeGestión #TuConsultor #Documentación #Auditoría",https://www.tuconsultor.com/social-img/orbita/V08B_linkedin.png,https://www.tuconsultor.com/orbita/,,
1133,05/12/2026,19:00,instagram,"🗂️ Un solo lugar para cada documento.

Sin copias en el escritorio ni versiones en el correo.

Un portal. Todo dentro.
Enlace en bio.

❤️ Gestión con corazón desde 2006.

#OrbitaPMTool #SistemasDeGestión #TuConsultor #Documentación #Auditoría #GestiónConCorazón #Orbita",https://www.tuconsultor.com/social-img/orbita/V08B_instagram.png,https://www.tuconsultor.com/orbita/,,
1134,06/12/2026,08:45,linkedin_alejandro,"Evidencias con fecha, no capturas en el móvil.

He visto auditorías salvadas con capturas de un móvil. Con Orbita las evidencias están en su sitio, con fecha y responsable. La diferencia entre aprobar y demostrar.

Si te suena, hablamos.
👉 https://www.tuconsultor.com/orbita/?utm_source=linkedin_alejandro&utm_medium=social&utm_campaign=orbita-ventajas&utm_content=v08c

#OrbitaPMTool #SistemasDeGestión #TuConsultor #Documentación #Auditoría",https://www.tuconsultor.com/social-img/orbita/V08C_linkedin.png,https://www.tuconsultor.com/orbita/,,
1135,06/12/2026,19:00,linkedin,"Evidencias con fecha, no capturas en el móvil.

Las evidencias del sistema en Orbita cuelgan del proceso y de la tarea: quién, cuándo y qué. Cuando el auditor pide la prueba, está donde debe estar, no en el carrete de un teléfono.

Así trabajamos ahora con nuestros clientes.
👉 https://www.tuconsultor.com/orbita/?utm_source=linkedin&utm_medium=social&utm_campaign=orbita-ventajas&utm_content=v08c

#OrbitaPMTool #SistemasDeGestión #TuConsultor #Documentación #Auditoría",https://www.tuconsultor.com/social-img/orbita/V08C_linkedin.png,https://www.tuconsultor.com/orbita/,,
1136,06/12/2026,19:00,instagram,"🗂️ Evidencias con fecha, no capturas en el móvil.

Cada registro en su proceso, con quién y cuándo. Listo para auditar.

Un portal. Todo dentro.
Enlace en bio.

❤️ Gestión con corazón desde 2006.

#OrbitaPMTool #SistemasDeGestión #TuConsultor #Documentación #Auditoría #GestiónConCorazón #Orbita",https://www.tuconsultor.com/social-img/orbita/V08C_instagram.png,https://www.tuconsultor.com/orbita/,,
1137,07/12/2026,08:45,linkedin_alejandro,"Respuesta 24/7. También un domingo.

No prometo estar disponible un domingo a las once. Prometo que mis clientes tendrán respuesta: el portal contesta con su documentación y yo retomo el lunes con criterio. Eso es 24/7 de verdad.

Si te suena, hablamos.
👉 https://www.tuconsultor.com/orbita/?utm_source=linkedin_alejandro&utm_medium=social&utm_campaign=orbita-ventajas&utm_content=v09a

#OrbitaPMTool #SistemasDeGestión #TuConsultor #Soporte #Disponibilidad",https://www.tuconsultor.com/social-img/orbita/V09A_linkedin.png,https://www.tuconsultor.com/orbita/,,
1138,07/12/2026,19:00,linkedin,"Respuesta 24/7. También un domingo.

Las dudas no esperan al lunes. En Orbita el portal responde a cualquier hora con tu documentación y el consultor retoma en horario. Siempre hay respuesta; luego, si hace falta, criterio.

Así trabajamos ahora con nuestros clientes.
👉 https://www.tuconsultor.com/orbita/?utm_source=linkedin&utm_medium=social&utm_campaign=orbita-ventajas&utm_content=v09a

#OrbitaPMTool #SistemasDeGestión #TuConsultor #Soporte #Disponibilidad",https://www.tuconsultor.com/social-img/orbita/V09A_linkedin.png,https://www.tuconsultor.com/orbita/,,
1139,07/12/2026,19:00,instagram,"🕐 Respuesta 24/7. También un domingo.

El portal contesta siempre; el consultor, en horario. Nunca te quedas sin respuesta.

Un portal. Todo dentro.
Enlace en bio.

❤️ Gestión con corazón desde 2006.

#OrbitaPMTool #SistemasDeGestión #TuConsultor #Soporte #Disponibilidad #GestiónConCorazón #Orbita",https://www.tuconsultor.com/social-img/orbita/V09A_instagram.png,https://www.tuconsultor.com/orbita/,,
1140,08/12/2026,08:45,linkedin_alejandro,"Soporte dentro del portal. No un teléfono que nadie coge.

El soporte a un cliente no puede ser un correo perdido. En Orbita cada petición tiene número, estado y responsable. Yo lo veo y el cliente también.

Si te suena, hablamos.
👉 https://www.tuconsultor.com/orbita/?utm_source=linkedin_alejandro&utm_medium=social&utm_campaign=orbita-ventajas&utm_content=v09b

#OrbitaPMTool #SistemasDeGestión #TuConsultor #Soporte #Disponibilidad",https://www.tuconsultor.com/social-img/orbita/V09B_linkedin.png,https://www.tuconsultor.com/orbita/,,
1141,08/12/2026,19:00,linkedin,"Soporte dentro del portal. No un teléfono que nadie coge.

En Orbita el soporte está dentro: cada consulta o incidencia queda registrada, con estado y responsable. Sabes que se ha recibido y sabes en qué punto está.

Así trabajamos ahora con nuestros clientes.
👉 https://www.tuconsultor.com/orbita/?utm_source=linkedin&utm_medium=social&utm_campaign=orbita-ventajas&utm_content=v09b

#OrbitaPMTool #SistemasDeGestión #TuConsultor #Soporte #Disponibilidad",https://www.tuconsultor.com/social-img/orbita/V09B_linkedin.png,https://www.tuconsultor.com/orbita/,,
1142,08/12/2026,19:00,instagram,"🕐 Soporte dentro del portal. No un teléfono que nadie coge.

Consulta, incidencia o petición: queda registrada y con seguimiento.

Un portal. Todo dentro.
Enlace en bio.

❤️ Gestión con corazón desde 2006.

#OrbitaPMTool #SistemasDeGestión #TuConsultor #Soporte #Disponibilidad #GestiónConCorazón #Orbita",https://www.tuconsultor.com/social-img/orbita/V09B_instagram.png,https://www.tuconsultor.com/orbita/,,
1143,09/12/2026,08:45,linkedin_alejandro,"Antes de la auditoría, a la hora que sea.

Sé que la víspera de una auditoría se trabaja hasta tarde. Por eso Orbita responde a cualquier hora con la documentación del cliente. Y yo llego a la auditoría sabiendo qué se ha consultado.

Si te suena, hablamos.
👉 https://www.tuconsultor.com/orbita/?utm_source=linkedin_alejandro&utm_medium=social&utm_campaign=orbita-ventajas&utm_content=v09c

#OrbitaPMTool #SistemasDeGestión #TuConsultor #Soporte #Disponibilidad",https://www.tuconsultor.com/social-img/orbita/V09C_linkedin.png,https://www.tuconsultor.com/orbita/,,
1144,09/12/2026,19:00,linkedin,"Antes de la auditoría, a la hora que sea.

El día antes de la auditoría siempre surge algo. En Orbita el portal responde con tu documentación a cualquier hora y el equipo de TuConsultor está al tanto. Nadie llega solo a la auditoría.

Así trabajamos ahora con nuestros clientes.
👉 https://www.tuconsultor.com/orbita/?utm_source=linkedin&utm_medium=social&utm_campaign=orbita-ventajas&utm_content=v09c

#OrbitaPMTool #SistemasDeGestión #TuConsultor #Soporte #Disponibilidad",https://www.tuconsultor.com/social-img/orbita/V09C_linkedin.png,https://www.tuconsultor.com/orbita/,,
1145,09/12/2026,19:00,instagram,"🕐 Antes de la auditoría, a la hora que sea.

El día previo no tiene horario. El portal tampoco.

Un portal. Todo dentro.
Enlace en bio.

❤️ Gestión con corazón desde 2006.

#OrbitaPMTool #SistemasDeGestión #TuConsultor #Soporte #Disponibilidad #GestiónConCorazón #Orbita",https://www.tuconsultor.com/social-img/orbita/V09C_instagram.png,https://www.tuconsultor.com/orbita/,,
1146,10/12/2026,08:45,linkedin_alejandro,"Desde el móvil, desde la planta, desde la auditoría.

Un sistema que solo se consulta desde el despacho de calidad no es un sistema. Orbita se abre en el móvil de quien está en planta. Ahí es donde el sistema se cumple o no.

Si te suena, hablamos.
👉 https://www.tuconsultor.com/orbita/?utm_source=linkedin_alejandro&utm_medium=social&utm_campaign=orbita-ventajas&utm_content=v10a

#OrbitaPMTool #SistemasDeGestión #TuConsultor #Accesibilidad #Móvil",https://www.tuconsultor.com/social-img/orbita/V10A_linkedin.png,https://www.tuconsultor.com/orbita/,,
1147,10/12/2026,19:00,linkedin,"Desde el móvil, desde la planta, desde la auditoría.

Un sistema de gestión se usa donde pasa el trabajo: en planta, en obra, en la visita del auditor. Orbita es web, se abre en el móvil y no requiere instalación. Accesible para todo el equipo, no solo para calidad.

Así trabajamos ahora con nuestros clientes.
👉 https://www.tuconsultor.com/orbita/?utm_source=linkedin&utm_medium=social&utm_campaign=orbita-ventajas&utm_content=v10a

#OrbitaPMTool #SistemasDeGestión #TuConsultor #Accesibilidad #Móvil",https://www.tuconsultor.com/social-img/orbita/V10A_linkedin.png,https://www.tuconsultor.com/orbita/,,
1148,10/12/2026,19:00,instagram,"📱 Desde el móvil, desde la planta, desde la auditoría.

Orbita funciona donde estés. Sin instalar nada.

Un portal. Todo dentro.
Enlace en bio.

❤️ Gestión con corazón desde 2006.

#OrbitaPMTool #SistemasDeGestión #TuConsultor #Accesibilidad #Móvil #GestiónConCorazón #Orbita",https://www.tuconsultor.com/social-img/orbita/V10A_instagram.png,https://www.tuconsultor.com/orbita/,,
1149,11/12/2026,08:45,linkedin_alejandro,"Para el equipo, el cliente y el auditor.

El sistema deja de ser «cosa de calidad» cuando cada persona ve lo suyo en el mismo portal. En Orbita el operario, la dirección y el auditor entran por la misma puerta, cada uno a su sitio.

Si te suena, hablamos.
👉 https://www.tuconsultor.com/orbita/?utm_source=linkedin_alejandro&utm_medium=social&utm_campaign=orbita-ventajas&utm_content=v10b

#OrbitaPMTool #SistemasDeGestión #TuConsultor #Accesibilidad #Móvil",https://www.tuconsultor.com/social-img/orbita/V10B_linkedin.png,https://www.tuconsultor.com/orbita/,,
1150,11/12/2026,19:00,linkedin,"Para el equipo, el cliente y el auditor.

Orbita es hiperaccesible porque no es solo para calidad: el equipo ve sus tareas, la dirección su dashboard, el consultor el plan y el auditor las evidencias. Cada rol con su acceso, todos en el mismo sitio.

Así trabajamos ahora con nuestros clientes.
👉 https://www.tuconsultor.com/orbita/?utm_source=linkedin&utm_medium=social&utm_campaign=orbita-ventajas&utm_content=v10b

#OrbitaPMTool #SistemasDeGestión #TuConsultor #Accesibilidad #Móvil",https://www.tuconsultor.com/social-img/orbita/V10B_linkedin.png,https://www.tuconsultor.com/orbita/,,
1151,11/12/2026,19:00,instagram,"📱 Para el equipo, el cliente y el auditor.

Cada uno con su acceso y su vista. Todos en el mismo portal.

Un portal. Todo dentro.
Enlace en bio.

❤️ Gestión con corazón desde 2006.

#OrbitaPMTool #SistemasDeGestión #TuConsultor #Accesibilidad #Móvil #GestiónConCorazón #Orbita",https://www.tuconsultor.com/social-img/orbita/V10B_instagram.png,https://www.tuconsultor.com/orbita/,,
1152,12/12/2026,08:45,linkedin_alejandro,"Accesible también para quien no ve, no oye o no puede.

Trabajo con entidades del ámbito social y de la discapacidad. No podía ofrecerles un portal que excluyera a parte de su equipo. Orbita cumple accesibilidad web: el sistema es de todos.

Si te suena, hablamos.
👉 https://www.tuconsultor.com/orbita/?utm_source=linkedin_alejandro&utm_medium=social&utm_campaign=orbita-ventajas&utm_content=v10c

#OrbitaPMTool #SistemasDeGestión #TuConsultor #Accesibilidad #Móvil",https://www.tuconsultor.com/social-img/orbita/V10C_linkedin.png,https://www.tuconsultor.com/orbita/,,
1153,12/12/2026,19:00,linkedin,"Accesible también para quien no ve, no oye o no puede.

Hiperaccesible también significa accesible: Orbita está diseñado para usarse con lector de pantalla, con teclado y con contraste alto. Un sistema de gestión para toda la plantilla, sin excepciones.

Así trabajamos ahora con nuestros clientes.
👉 https://www.tuconsultor.com/orbita/?utm_source=linkedin&utm_medium=social&utm_campaign=orbita-ventajas&utm_content=v10c

#OrbitaPMTool #SistemasDeGestión #TuConsultor #Accesibilidad #Móvil",https://www.tuconsultor.com/social-img/orbita/V10C_linkedin.png,https://www.tuconsultor.com/orbita/,,
1154,12/12/2026,19:00,instagram,"📱 Accesible también para quien no ve, no oye o no puede.

Orbita cumple accesibilidad web. El sistema es de todos.

Un portal. Todo dentro.
Enlace en bio.

❤️ Gestión con corazón desde 2006.

#OrbitaPMTool #SistemasDeGestión #TuConsultor #Accesibilidad #Móvil #GestiónConCorazón #Orbita",https://www.tuconsultor.com/social-img/orbita/V10C_instagram.png,https://www.tuconsultor.com/orbita/,,
1155,13/12/2026,08:45,linkedin_alejandro,"Las normas y los procesos en un solo portal.

Llevo veinte años viendo sistemas de gestión repartidos en carpetas, correos y cabezas. Por eso construimos Orbita: un solo portal donde están las normas, los procesos, las tareas y las evidencias. Ahora trabajo así con todos mis clientes.

Si quieres verlo con tu sistema, escríbeme.
👉 https://www.tuconsultor.com/orbita/?utm_source=linkedin_alejandro&utm_medium=social&utm_campaign=orbita-ventajas&utm_content=v01a

#OrbitaPMTool #SistemasDeGestión #TuConsultor #PortalÚnico #ISO9001",https://www.tuconsultor.com/social-img/orbita/V01A_linkedin.png,https://www.tuconsultor.com/orbita/,,
1156,13/12/2026,19:00,linkedin,"Las normas y los procesos en un solo portal.

La calidad en un Excel, los proyectos en otro, los procedimientos en una carpeta y el consultor por correo. Así no se gestiona: se sobrevive. Orbita junta las normas y los procesos en un solo portal, con el consultor y el cliente dentro.

Orbita · PM Tool, el portal de gestión de TuConsultor.
👉 https://www.tuconsultor.com/orbita/?utm_source=linkedin&utm_medium=social&utm_campaign=orbita-ventajas&utm_content=v01a

#OrbitaPMTool #SistemasDeGestión #TuConsultor #PortalÚnico #ISO9001",https://www.tuconsultor.com/social-img/orbita/V01A_linkedin.png,https://www.tuconsultor.com/orbita/,,
1157,13/12/2026,19:00,instagram,"🧭 Las normas y los procesos en un solo portal.

ISO, procesos, tareas, evidencias y equipo. Un sitio. Orbita · PM Tool.

Orbita · PM Tool, el portal de gestión de TuConsultor.
Enlace en bio.

❤️ Gestión con corazón desde 2006.

#OrbitaPMTool #SistemasDeGestión #TuConsultor #PortalÚnico #ISO9001 #GestiónConCorazón #Orbita",https://www.tuconsultor.com/social-img/orbita/V01A_instagram.png,https://www.tuconsultor.com/orbita/,,
1158,14/12/2026,08:45,linkedin_alejandro,"Un portal. Todas tus normas, todos tus procesos.

Cuando una empresa suma su segunda norma, lo normal es que duplique papeles. En Orbita no: las normas comparten los mismos procesos y las mismas evidencias. Menos trabajo, más control. Es lo que llevo años defendiendo.

Si quieres verlo con tu sistema, escríbeme.
👉 https://www.tuconsultor.com/orbita/?utm_source=linkedin_alejandro&utm_medium=social&utm_campaign=orbita-ventajas&utm_content=v01b

#OrbitaPMTool #SistemasDeGestión #TuConsultor #PortalÚnico #ISO9001",https://www.tuconsultor.com/social-img/orbita/V01B_linkedin.png,https://www.tuconsultor.com/orbita/,,
1159,14/12/2026,19:00,linkedin,"Un portal. Todas tus normas, todos tus procesos.

Cada norma que añades no puede ser otra carpeta y otro responsable. En Orbita las normas comparten procesos, tareas y evidencias: una integración de verdad, no una pestaña más.

Orbita · PM Tool, el portal de gestión de TuConsultor.
👉 https://www.tuconsultor.com/orbita/?utm_source=linkedin&utm_medium=social&utm_campaign=orbita-ventajas&utm_content=v01b

#OrbitaPMTool #SistemasDeGestión #TuConsultor #PortalÚnico #ISO9001",https://www.tuconsultor.com/social-img/orbita/V01B_linkedin.png,https://www.tuconsultor.com/orbita/,,
1160,14/12/2026,19:00,instagram,"🧭 Un portal. Todas tus normas, todos tus procesos.

9001, 14001, 27001, 45001… y los procesos que las sostienen. Juntos.

Orbita · PM Tool, el portal de gestión de TuConsultor.
Enlace en bio.

❤️ Gestión con corazón desde 2006.

#OrbitaPMTool #SistemasDeGestión #TuConsultor #PortalÚnico #ISO9001 #GestiónConCorazón #Orbita",https://www.tuconsultor.com/social-img/orbita/V01B_instagram.png,https://www.tuconsultor.com/orbita/,,
1161,15/12/2026,08:45,linkedin_alejandro,"Lo que no está en el portal, no existe.

Mi regla con los clientes es sencilla: lo que no está en Orbita no existe. Suena duro y es lo que más tranquilidad da. Una versión, la vigente, y todos mirando lo mismo.

Si quieres verlo con tu sistema, escríbeme.
👉 https://www.tuconsultor.com/orbita/?utm_source=linkedin_alejandro&utm_medium=social&utm_campaign=orbita-ventajas&utm_content=v01c

#OrbitaPMTool #SistemasDeGestión #TuConsultor #PortalÚnico #ISO9001",https://www.tuconsultor.com/social-img/orbita/V01C_linkedin.png,https://www.tuconsultor.com/orbita/,,
1162,15/12/2026,19:00,linkedin,"Lo que no está en el portal, no existe.

La versión buena del procedimiento está en el portátil de alguien. En Orbita hay una versión: la vigente, con su historial. Tu equipo, tu consultor y tu auditor miran la misma pantalla.

Orbita · PM Tool, el portal de gestión de TuConsultor.
👉 https://www.tuconsultor.com/orbita/?utm_source=linkedin&utm_medium=social&utm_campaign=orbita-ventajas&utm_content=v01c

#OrbitaPMTool #SistemasDeGestión #TuConsultor #PortalÚnico #ISO9001",https://www.tuconsultor.com/social-img/orbita/V01C_linkedin.png,https://www.tuconsultor.com/orbita/,,
1163,15/12/2026,19:00,instagram,"🧭 Lo que no está en el portal, no existe.

Y eso es exactamente lo que quieres: una sola versión, la vigente.

Orbita · PM Tool, el portal de gestión de TuConsultor.
Enlace en bio.

❤️ Gestión con corazón desde 2006.

#OrbitaPMTool #SistemasDeGestión #TuConsultor #PortalÚnico #ISO9001 #GestiónConCorazón #Orbita",https://www.tuconsultor.com/social-img/orbita/V01C_instagram.png,https://www.tuconsultor.com/orbita/,,
1164,16/12/2026,08:45,linkedin_alejandro,"Tu sistema de gestión no depende de una persona.

He visto sistemas de calidad desaparecer con una baja o un cambio de puesto. Con Orbita eso no pasa: el sistema está en el portal, no en una persona. Es la diferencia entre tener un sistema y tener a alguien que se lo sabe.

Si quieres verlo con tu sistema, escríbeme.
👉 https://www.tuconsultor.com/orbita/?utm_source=linkedin_alejandro&utm_medium=social&utm_campaign=orbita-ventajas&utm_content=v02a

#OrbitaPMTool #SistemasDeGestión #TuConsultor #Continuidad #Equipo",https://www.tuconsultor.com/social-img/orbita/V02A_linkedin.png,https://www.tuconsultor.com/orbita/,,
1165,16/12/2026,19:00,linkedin,"Tu sistema de gestión no depende de una persona.

El sistema ISO de muchas empresas vive en la cabeza de una persona. Cuando esa persona se va, se va el sistema. En Orbita, procesos, tareas, evidencias e historial están en el portal: quien llegue continúa donde lo dejó el anterior.

Orbita · PM Tool, el portal de gestión de TuConsultor.
👉 https://www.tuconsultor.com/orbita/?utm_source=linkedin&utm_medium=social&utm_campaign=orbita-ventajas&utm_content=v02a

#OrbitaPMTool #SistemasDeGestión #TuConsultor #Continuidad #Equipo",https://www.tuconsultor.com/social-img/orbita/V02A_linkedin.png,https://www.tuconsultor.com/orbita/,,
1166,16/12/2026,19:00,instagram,"🧩 Tu sistema de gestión no depende de una persona.

Si el responsable de calidad se va, el sistema se queda.

Orbita · PM Tool, el portal de gestión de TuConsultor.
Enlace en bio.

❤️ Gestión con corazón desde 2006.

#OrbitaPMTool #SistemasDeGestión #TuConsultor #Continuidad #Equipo #GestiónConCorazón #Orbita",https://www.tuconsultor.com/social-img/orbita/V02A_instagram.png,https://www.tuconsultor.com/orbita/,,
1167,17/12/2026,08:45,linkedin_alejandro,"Vacaciones, bajas, cambios. El sistema sigue.

Agosto es la prueba de fuego de un sistema de gestión. En Orbita, las tareas del sistema tienen dueño y sustituto, y el consultor las ve. Cuando vuelve el equipo, no hay que reconstruir nada.

Si quieres verlo con tu sistema, escríbeme.
👉 https://www.tuconsultor.com/orbita/?utm_source=linkedin_alejandro&utm_medium=social&utm_campaign=orbita-ventajas&utm_content=v02b

#OrbitaPMTool #SistemasDeGestión #TuConsultor #Continuidad #Equipo",https://www.tuconsultor.com/social-img/orbita/V02B_linkedin.png,https://www.tuconsultor.com/orbita/,,
1168,17/12/2026,19:00,linkedin,"Vacaciones, bajas, cambios. El sistema sigue.

En Orbita cada tarea tiene responsable, plazo y evidencia. Si alguien falta, se reasigna y sigue. La auditoría no espera a que vuelva nadie de vacaciones, y tu sistema tampoco.

Orbita · PM Tool, el portal de gestión de TuConsultor.
👉 https://www.tuconsultor.com/orbita/?utm_source=linkedin&utm_medium=social&utm_campaign=orbita-ventajas&utm_content=v02b

#OrbitaPMTool #SistemasDeGestión #TuConsultor #Continuidad #Equipo",https://www.tuconsultor.com/social-img/orbita/V02B_linkedin.png,https://www.tuconsultor.com/orbita/,,
1169,17/12/2026,19:00,instagram,"🧩 Vacaciones, bajas, cambios. El sistema sigue.

Tareas con dueño, plazos y sustituto. Nada se para.

Orbita · PM Tool, el portal de gestión de TuConsultor.
Enlace en bio.

❤️ Gestión con corazón desde 2006.

#OrbitaPMTool #SistemasDeGestión #TuConsultor #Continuidad #Equipo #GestiónConCorazón #Orbita",https://www.tuconsultor.com/social-img/orbita/V02B_instagram.png,https://www.tuconsultor.com/orbita/,,
1170,18/12/2026,08:45,linkedin_alejandro,"El conocimiento del sistema es de la empresa.

Como consultor, mi trabajo es que el cliente no me necesite para saber cómo funciona su sistema. Orbita lo hace posible: todo lo que hacemos juntos queda en su portal, no en mis notas.

Si quieres verlo con tu sistema, escríbeme.
👉 https://www.tuconsultor.com/orbita/?utm_source=linkedin_alejandro&utm_medium=social&utm_campaign=orbita-ventajas&utm_content=v02c

#OrbitaPMTool #SistemasDeGestión #TuConsultor #Continuidad #Equipo",https://www.tuconsultor.com/social-img/orbita/V02C_linkedin.png,https://www.tuconsultor.com/orbita/,,
1171,18/12/2026,19:00,linkedin,"El conocimiento del sistema es de la empresa.

Cuando el sistema está en Orbita, el conocimiento se queda en la empresa: qué se hizo, por qué, con qué evidencia. Cambie quien cambie, el hilo no se rompe.

Orbita · PM Tool, el portal de gestión de TuConsultor.
👉 https://www.tuconsultor.com/orbita/?utm_source=linkedin&utm_medium=social&utm_campaign=orbita-ventajas&utm_content=v02c

#OrbitaPMTool #SistemasDeGestión #TuConsultor #Continuidad #Equipo",https://www.tuconsultor.com/social-img/orbita/V02C_linkedin.png,https://www.tuconsultor.com/orbita/,,
1172,18/12/2026,19:00,instagram,"🧩 El conocimiento del sistema es de la empresa.

No del consultor. No del responsable. De la organización.

Orbita · PM Tool, el portal de gestión de TuConsultor.
Enlace en bio.

❤️ Gestión con corazón desde 2006.

#OrbitaPMTool #SistemasDeGestión #TuConsultor #Continuidad #Equipo #GestiónConCorazón #Orbita",https://www.tuconsultor.com/social-img/orbita/V02C_instagram.png,https://www.tuconsultor.com/orbita/,,
1173,19/12/2026,08:45,linkedin_alejandro,"Siempre atendido. No una visita al mes.

Ya no trabajo a golpe de visita mensual. Estoy dentro del portal de cada cliente, veo lo que avanza y lo que se atasca, y actúo antes de que sea un problema. Siempre atendido no es un eslogan: es el modelo.

Si quieres verlo con tu sistema, escríbeme.
👉 https://www.tuconsultor.com/orbita/?utm_source=linkedin_alejandro&utm_medium=social&utm_campaign=orbita-ventajas&utm_content=v03a

#OrbitaPMTool #SistemasDeGestión #TuConsultor #Consultoría #Acompañamiento",https://www.tuconsultor.com/social-img/orbita/V03A_linkedin.png,https://www.tuconsultor.com/orbita/,,
1174,19/12/2026,19:00,linkedin,"Siempre atendido. No una visita al mes.

La consultoría clásica es una visita mensual y un correo cuando hay prisa. En Orbita el consultor está dentro del portal: ve las tareas, contesta las dudas y programa el trabajo semana a semana. Acompañamiento de verdad, no presencia.

Orbita · PM Tool, el portal de gestión de TuConsultor.
👉 https://www.tuconsultor.com/orbita/?utm_source=linkedin&utm_medium=social&utm_campaign=orbita-ventajas&utm_content=v03a

#OrbitaPMTool #SistemasDeGestión #TuConsultor #Consultoría #Acompañamiento",https://www.tuconsultor.com/social-img/orbita/V03A_linkedin.png,https://www.tuconsultor.com/orbita/,,
1175,19/12/2026,19:00,instagram,"🤝 Siempre atendido. No una visita al mes.

Tu consultor dentro del portal, cada semana, no solo antes de la auditoría.

Orbita · PM Tool, el portal de gestión de TuConsultor.
Enlace en bio.

❤️ Gestión con corazón desde 2006.

#OrbitaPMTool #SistemasDeGestión #TuConsultor #Consultoría #Acompañamiento #GestiónConCorazón #Orbita",https://www.tuconsultor.com/social-img/orbita/V03A_instagram.png,https://www.tuconsultor.com/orbita/,,
1176,20/12/2026,08:45,linkedin_alejandro,"Cada tarea del sistema tiene a alguien detrás.

Lo que más agradecen mis clientes de Orbita no es la tecnología: es saber quién de mi equipo se ocupa de cada cosa y cuándo. Eso es estar atendido.

Si quieres verlo con tu sistema, escríbeme.
👉 https://www.tuconsultor.com/orbita/?utm_source=linkedin_alejandro&utm_medium=social&utm_campaign=orbita-ventajas&utm_content=v03b

#OrbitaPMTool #SistemasDeGestión #TuConsultor #Consultoría #Acompañamiento",https://www.tuconsultor.com/social-img/orbita/V03B_linkedin.png,https://www.tuconsultor.com/orbita/,,
1177,20/12/2026,19:00,linkedin,"Cada tarea del sistema tiene a alguien detrás.

En Orbita cada proyecto tiene su consultor y cada tarea su sesión programada. El cliente ve quién viene, cuándo y a qué. Sin perseguir a nadie por correo.

Orbita · PM Tool, el portal de gestión de TuConsultor.
👉 https://www.tuconsultor.com/orbita/?utm_source=linkedin&utm_medium=social&utm_campaign=orbita-ventajas&utm_content=v03b

#OrbitaPMTool #SistemasDeGestión #TuConsultor #Consultoría #Acompañamiento",https://www.tuconsultor.com/social-img/orbita/V03B_linkedin.png,https://www.tuconsultor.com/orbita/,,
1178,20/12/2026,19:00,instagram,"🤝 Cada tarea del sistema tiene a alguien detrás.

Consultor asignado, agenda compartida y seguimiento en el portal.

Orbita · PM Tool, el portal de gestión de TuConsultor.
Enlace en bio.

❤️ Gestión con corazón desde 2006.

#OrbitaPMTool #SistemasDeGestión #TuConsultor #Consultoría #Acompañamiento #GestiónConCorazón #Orbita",https://www.tuconsultor.com/social-img/orbita/V03B_instagram.png,https://www.tuconsultor.com/orbita/,,
1179,21/12/2026,08:45,linkedin_alejandro,"Relación, Implicación o Compromiso.

Hay clientes que quieren que les acompañe y clientes que quieren que me ocupe. Por eso Orbita tiene tres modelos: Relación, Implicación y Compromiso. Elige el tuyo y el portal se adapta.

Si quieres verlo con tu sistema, escríbeme.
👉 https://www.tuconsultor.com/orbita/?utm_source=linkedin_alejandro&utm_medium=social&utm_campaign=orbita-ventajas&utm_content=v03c

#OrbitaPMTool #SistemasDeGestión #TuConsultor #Consultoría #Acompañamiento",https://www.tuconsultor.com/social-img/orbita/V03C_linkedin.png,https://www.tuconsultor.com/orbita/,,
1180,21/12/2026,19:00,linkedin,"Relación, Implicación o Compromiso.

No todas las empresas necesitan lo mismo. En Orbita trabajamos con tres modelos: Relación (te acompañamos), Implicación (lo hacemos contigo) y Compromiso (lo llevamos por ti). El portal es el mismo; cambia cuánto hacemos nosotros.

Orbita · PM Tool, el portal de gestión de TuConsultor.
👉 https://www.tuconsultor.com/orbita/?utm_source=linkedin&utm_medium=social&utm_campaign=orbita-ventajas&utm_content=v03c

#OrbitaPMTool #SistemasDeGestión #TuConsultor #Consultoría #Acompañamiento",https://www.tuconsultor.com/social-img/orbita/V03C_linkedin.png,https://www.tuconsultor.com/orbita/,,
1181,21/12/2026,19:00,instagram,"🤝 Relación, Implicación o Compromiso.

Tres modelos de acompañamiento. Tú eliges cuánto nos metemos.

Orbita · PM Tool, el portal de gestión de TuConsultor.
Enlace en bio.

❤️ Gestión con corazón desde 2006.

#OrbitaPMTool #SistemasDeGestión #TuConsultor #Consultoría #Acompañamiento #GestiónConCorazón #Orbita",https://www.tuconsultor.com/social-img/orbita/V03C_instagram.png,https://www.tuconsultor.com/orbita/,,
1182,22/12/2026,08:45,linkedin_alejandro,"Diez años de sistema en un solo hilo.

Lo primero que pide un auditor es el hilo: qué pasó el año pasado y qué hicisteis. En Orbita el hilo está entero, con fecha y evidencia. Es el legado del sistema, y es de la empresa.

Si quieres verlo con tu sistema, escríbeme.
👉 https://www.tuconsultor.com/orbita/?utm_source=linkedin_alejandro&utm_medium=social&utm_campaign=orbita-ventajas&utm_content=v04a

#OrbitaPMTool #SistemasDeGestión #TuConsultor #Legado #Conocimiento",https://www.tuconsultor.com/social-img/orbita/V04A_linkedin.png,https://www.tuconsultor.com/orbita/,,
1183,22/12/2026,19:00,linkedin,"Diez años de sistema en un solo hilo.

Un sistema de gestión es su historia: qué falló, qué se decidió, qué se cambió. En Orbita ese legado está ordenado por proyecto y por proceso, con fecha, autor y evidencia. Nada se pierde entre versiones de carpeta.

Orbita · PM Tool, el portal de gestión de TuConsultor.
👉 https://www.tuconsultor.com/orbita/?utm_source=linkedin&utm_medium=social&utm_campaign=orbita-ventajas&utm_content=v04a

#OrbitaPMTool #SistemasDeGestión #TuConsultor #Legado #Conocimiento",https://www.tuconsultor.com/social-img/orbita/V04A_linkedin.png,https://www.tuconsultor.com/orbita/,,
1184,22/12/2026,19:00,instagram,"📚 Diez años de sistema en un solo hilo.

Auditorías, no conformidades, cambios y decisiones. Con fecha y evidencia.

Orbita · PM Tool, el portal de gestión de TuConsultor.
Enlace en bio.

❤️ Gestión con corazón desde 2006.

#OrbitaPMTool #SistemasDeGestión #TuConsultor #Legado #Conocimiento #GestiónConCorazón #Orbita",https://www.tuconsultor.com/social-img/orbita/V04A_instagram.png,https://www.tuconsultor.com/orbita/,,
1185,23/12/2026,08:45,linkedin_alejandro,"La no conformidad de 2024 y lo que hiciste con ella.

Una no conformidad bien cerrada es la mejor prueba de que el sistema funciona. Con Orbita queda el ciclo completo: hallazgo, causa, acción y eficacia. Eso es gestionar el legado.

Si quieres verlo con tu sistema, escríbeme.
👉 https://www.tuconsultor.com/orbita/?utm_source=linkedin_alejandro&utm_medium=social&utm_campaign=orbita-ventajas&utm_content=v04b

#OrbitaPMTool #SistemasDeGestión #TuConsultor #Legado #Conocimiento",https://www.tuconsultor.com/social-img/orbita/V04B_linkedin.png,https://www.tuconsultor.com/orbita/,,
1186,23/12/2026,19:00,linkedin,"La no conformidad de 2024 y lo que hiciste con ella.

En Orbita cada hallazgo lleva su análisis, su acción y su verificación de eficacia. Cuando el auditor pregunte por la no conformidad de hace dos años, la respuesta está en el portal, no en la memoria de nadie.

Orbita · PM Tool, el portal de gestión de TuConsultor.
👉 https://www.tuconsultor.com/orbita/?utm_source=linkedin&utm_medium=social&utm_campaign=orbita-ventajas&utm_content=v04b

#OrbitaPMTool #SistemasDeGestión #TuConsultor #Legado #Conocimiento",https://www.tuconsultor.com/social-img/orbita/V04B_linkedin.png,https://www.tuconsultor.com/orbita/,,
1187,23/12/2026,19:00,instagram,"📚 La no conformidad de 2024 y lo que hiciste con ella.

En el portal, a dos clics. No en un correo de hace dos años.

Orbita · PM Tool, el portal de gestión de TuConsultor.
Enlace en bio.

❤️ Gestión con corazón desde 2006.

#OrbitaPMTool #SistemasDeGestión #TuConsultor #Legado #Conocimiento #GestiónConCorazón #Orbita",https://www.tuconsultor.com/social-img/orbita/V04B_instagram.png,https://www.tuconsultor.com/orbita/,,
1188,24/12/2026,08:45,linkedin_alejandro,"Cambiar de consultor sin empezar de cero.

Sé que suena raro viniendo de un consultor: con Orbita puedes cambiar de consultor sin perder nada. El sistema, con todo su historial, es de la empresa. Así debería ser siempre.

Si quieres verlo con tu sistema, escríbeme.
👉 https://www.tuconsultor.com/orbita/?utm_source=linkedin_alejandro&utm_medium=social&utm_campaign=orbita-ventajas&utm_content=v04c

#OrbitaPMTool #SistemasDeGestión #TuConsultor #Legado #Conocimiento",https://www.tuconsultor.com/social-img/orbita/V04C_linkedin.png,https://www.tuconsultor.com/orbita/,,
1189,24/12/2026,19:00,linkedin,"Cambiar de consultor sin empezar de cero.

Con Orbita el sistema es tuyo: si cambia el consultor, el nuevo entra en el portal y continúa. Sin rehacer procedimientos, sin reconstruir el historial.

Orbita · PM Tool, el portal de gestión de TuConsultor.
👉 https://www.tuconsultor.com/orbita/?utm_source=linkedin&utm_medium=social&utm_campaign=orbita-ventajas&utm_content=v04c

#OrbitaPMTool #SistemasDeGestión #TuConsultor #Legado #Conocimiento",https://www.tuconsultor.com/social-img/orbita/V04C_linkedin.png,https://www.tuconsultor.com/orbita/,,
1190,24/12/2026,19:00,instagram,"📚 Cambiar de consultor sin empezar de cero.

El sistema, sus decisiones y sus evidencias siguen en tu portal.

Orbita · PM Tool, el portal de gestión de TuConsultor.
Enlace en bio.

❤️ Gestión con corazón desde 2006.

#OrbitaPMTool #SistemasDeGestión #TuConsultor #Legado #Conocimiento #GestiónConCorazón #Orbita",https://www.tuconsultor.com/social-img/orbita/V04C_instagram.png,https://www.tuconsultor.com/orbita/,,
1191,25/12/2026,08:45,linkedin_alejandro,"Tus procedimientos no viajan por WhatsApp.

Como consultor de ISO 27001 y ENS no podía ofrecer a mis clientes un portal que no cumpliera lo que yo exijo en las auditorías. Orbita tiene accesos por rol, registro de accesos y datos en la UE.

Si quieres verlo con tu sistema, escríbeme.
👉 https://www.tuconsultor.com/orbita/?utm_source=linkedin_alejandro&utm_medium=social&utm_campaign=orbita-ventajas&utm_content=v05a

#OrbitaPMTool #SistemasDeGestión #TuConsultor #ISO27001 #Seguridad",https://www.tuconsultor.com/social-img/orbita/V05A_linkedin.png,https://www.tuconsultor.com/orbita/,,
1192,25/12/2026,19:00,linkedin,"Tus procedimientos no viajan por WhatsApp.

Un sistema de gestión maneja información sensible: auditorías, no conformidades, datos de personas. En Orbita cada usuario ve lo suyo, cada acceso queda registrado y los datos se alojan en la Unión Europea.

Orbita · PM Tool, el portal de gestión de TuConsultor.
👉 https://www.tuconsultor.com/orbita/?utm_source=linkedin&utm_medium=social&utm_campaign=orbita-ventajas&utm_content=v05a

#OrbitaPMTool #SistemasDeGestión #TuConsultor #ISO27001 #Seguridad",https://www.tuconsultor.com/social-img/orbita/V05A_linkedin.png,https://www.tuconsultor.com/orbita/,,
1193,25/12/2026,19:00,instagram,"🔐 Tus procedimientos no viajan por WhatsApp.

Accesos por rol, trazabilidad y datos en la Unión Europea.

Orbita · PM Tool, el portal de gestión de TuConsultor.
Enlace en bio.

❤️ Gestión con corazón desde 2006.

#OrbitaPMTool #SistemasDeGestión #TuConsultor #ISO27001 #Seguridad #GestiónConCorazón #Orbita",https://www.tuconsultor.com/social-img/orbita/V05A_instagram.png,https://www.tuconsultor.com/orbita/,,
1194,26/12/2026,08:45,linkedin_alejandro,"Quién vio qué y cuándo.

La trazabilidad no es un lujo: es un requisito. En Orbita sabemos quién entró, qué vio y qué cambió. Es la misma exigencia que aplico en cada implantación de 27001.

Si quieres verlo con tu sistema, escríbeme.
👉 https://www.tuconsultor.com/orbita/?utm_source=linkedin_alejandro&utm_medium=social&utm_campaign=orbita-ventajas&utm_content=v05b

#OrbitaPMTool #SistemasDeGestión #TuConsultor #ISO27001 #Seguridad",https://www.tuconsultor.com/social-img/orbita/V05B_linkedin.png,https://www.tuconsultor.com/orbita/,,
1195,26/12/2026,19:00,linkedin,"Quién vio qué y cuándo.

Orbita registra entradas, accesos y cambios en el sistema. Es lo que piden la ISO 27001 y el ENS, y lo que necesitas para saber que la documentación del sistema está bajo control.

Orbita · PM Tool, el portal de gestión de TuConsultor.
👉 https://www.tuconsultor.com/orbita/?utm_source=linkedin&utm_medium=social&utm_campaign=orbita-ventajas&utm_content=v05b

#OrbitaPMTool #SistemasDeGestión #TuConsultor #ISO27001 #Seguridad",https://www.tuconsultor.com/social-img/orbita/V05B_linkedin.png,https://www.tuconsultor.com/orbita/,,
1196,26/12/2026,19:00,instagram,"🔐 Quién vio qué y cuándo.

Registro de accesos y cambios. Lo que pide la ISO 27001 y el ENS.

Orbita · PM Tool, el portal de gestión de TuConsultor.
Enlace en bio.

❤️ Gestión con corazón desde 2006.

#OrbitaPMTool #SistemasDeGestión #TuConsultor #ISO27001 #Seguridad #GestiónConCorazón #Orbita",https://www.tuconsultor.com/social-img/orbita/V05B_instagram.png,https://www.tuconsultor.com/orbita/,,
1197,27/12/2026,08:45,linkedin_alejandro,"Copias, cifrado y accesos que no dependen de nadie.

Cada vez que veo un sistema de gestión en una carpeta compartida sin control de accesos, pienso en el día que alguien lo borre sin querer. Con Orbita ese día no llega.

Si quieres verlo con tu sistema, escríbeme.
👉 https://www.tuconsultor.com/orbita/?utm_source=linkedin_alejandro&utm_medium=social&utm_campaign=orbita-ventajas&utm_content=v05c

#OrbitaPMTool #SistemasDeGestión #TuConsultor #ISO27001 #Seguridad",https://www.tuconsultor.com/social-img/orbita/V05C_linkedin.png,https://www.tuconsultor.com/orbita/,,
1198,27/12/2026,19:00,linkedin,"Copias, cifrado y accesos que no dependen de nadie.

La carpeta compartida no tiene copias de seguridad verificadas ni control de accesos real. Orbita corre sobre infraestructura profesional en la UE, con copias, cifrado en tránsito y en reposo y accesos por rol.

Orbita · PM Tool, el portal de gestión de TuConsultor.
👉 https://www.tuconsultor.com/orbita/?utm_source=linkedin&utm_medium=social&utm_campaign=orbita-ventajas&utm_content=v05c

#OrbitaPMTool #SistemasDeGestión #TuConsultor #ISO27001 #Seguridad",https://www.tuconsultor.com/social-img/orbita/V05C_linkedin.png,https://www.tuconsultor.com/orbita/,,
1199,27/12/2026,19:00,instagram,"🔐 Copias, cifrado y accesos que no dependen de nadie.

Infraestructura profesional, no una carpeta compartida.

Orbita · PM Tool, el portal de gestión de TuConsultor.
Enlace en bio.

❤️ Gestión con corazón desde 2006.

#OrbitaPMTool #SistemasDeGestión #TuConsultor #ISO27001 #Seguridad #GestiónConCorazón #Orbita",https://www.tuconsultor.com/social-img/orbita/V05C_instagram.png,https://www.tuconsultor.com/orbita/,,
1200,28/12/2026,08:45,linkedin_alejandro,"Preguntas al sistema. Respuestas al momento.

Mis clientes me hacían las mismas preguntas una y otra vez. Ahora se las hacen al portal y la respuesta sale de su propia documentación. Yo me quedo para lo que aporta valor.

Si quieres verlo con tu sistema, escríbeme.
👉 https://www.tuconsultor.com/orbita/?utm_source=linkedin_alejandro&utm_medium=social&utm_campaign=orbita-ventajas&utm_content=v06a

#OrbitaPMTool #SistemasDeGestión #TuConsultor #IA #Consultoría",https://www.tuconsultor.com/social-img/orbita/V06A_linkedin.png,https://www.tuconsultor.com/orbita/,,
1201,28/12/2026,19:00,linkedin,"Preguntas al sistema. Respuestas al momento.

«¿Qué dice nuestro procedimiento de compras?» «¿Qué me toca antes de la auditoría?» En Orbita las respuestas salen de tu propia documentación, al instante, sin esperar al consultor ni buscar en carpetas.

Orbita · PM Tool, el portal de gestión de TuConsultor.
👉 https://www.tuconsultor.com/orbita/?utm_source=linkedin&utm_medium=social&utm_campaign=orbita-ventajas&utm_content=v06a

#OrbitaPMTool #SistemasDeGestión #TuConsultor #IA #Consultoría",https://www.tuconsultor.com/social-img/orbita/V06A_linkedin.png,https://www.tuconsultor.com/orbita/,,
1202,28/12/2026,19:00,instagram,"⚡ Preguntas al sistema. Respuestas al momento.

La documentación de tu ISO responde: qué dice el procedimiento, qué toca ahora.

Orbita · PM Tool, el portal de gestión de TuConsultor.
Enlace en bio.

❤️ Gestión con corazón desde 2006.

#OrbitaPMTool #SistemasDeGestión #TuConsultor #IA #Consultoría #GestiónConCorazón #Orbita",https://www.tuconsultor.com/social-img/orbita/V06A_instagram.png,https://www.tuconsultor.com/orbita/,,
1203,29/12/2026,08:45,linkedin_alejandro,"Sin esperar al correo del consultor.

Odiaba ser el cuello de botella de mis clientes. Con Orbita las dudas del día a día se resuelven al momento y con referencia al procedimiento. Yo entro cuando hace falta criterio, no para buscar un párrafo.

Si quieres verlo con tu sistema, escríbeme.
👉 https://www.tuconsultor.com/orbita/?utm_source=linkedin_alejandro&utm_medium=social&utm_campaign=orbita-ventajas&utm_content=v06b

#OrbitaPMTool #SistemasDeGestión #TuConsultor #IA #Consultoría",https://www.tuconsultor.com/social-img/orbita/V06B_linkedin.png,https://www.tuconsultor.com/orbita/,,
1204,29/12/2026,19:00,linkedin,"Sin esperar al correo del consultor.

Una duda del sistema no puede esperar tres días a que el consultor conteste el correo. En Orbita la respuesta es inmediata y cita el procedimiento: si hace falta más, el consultor entra en el mismo hilo.

Orbita · PM Tool, el portal de gestión de TuConsultor.
👉 https://www.tuconsultor.com/orbita/?utm_source=linkedin&utm_medium=social&utm_campaign=orbita-ventajas&utm_content=v06b

#OrbitaPMTool #SistemasDeGestión #TuConsultor #IA #Consultoría",https://www.tuconsultor.com/social-img/orbita/V06B_linkedin.png,https://www.tuconsultor.com/orbita/,,
1205,29/12/2026,19:00,instagram,"⚡ Sin esperar al correo del consultor.

Dudas resueltas en el portal, con la referencia al procedimiento.

Orbita · PM Tool, el portal de gestión de TuConsultor.
Enlace en bio.

❤️ Gestión con corazón desde 2006.

#OrbitaPMTool #SistemasDeGestión #TuConsultor #IA #Consultoría #GestiónConCorazón #Orbita",https://www.tuconsultor.com/social-img/orbita/V06B_instagram.png,https://www.tuconsultor.com/orbita/,,
1206,30/12/2026,08:45,linkedin_alejandro,"La auditoría empieza cuando tú quieras.

Preparar una auditoría era una semana de nervios. Con Orbita mis clientes se hacen las preguntas del auditor antes, con sus propios datos, y llegan tranquilos.

Si quieres verlo con tu sistema, escríbeme.
👉 https://www.tuconsultor.com/orbita/?utm_source=linkedin_alejandro&utm_medium=social&utm_campaign=orbita-ventajas&utm_content=v06c

#OrbitaPMTool #SistemasDeGestión #TuConsultor #IA #Consultoría",https://www.tuconsultor.com/social-img/orbita/V06C_linkedin.png,https://www.tuconsultor.com/orbita/,,
1207,30/12/2026,19:00,linkedin,"La auditoría empieza cuando tú quieras.

Antes de la auditoría, pregunta al portal lo que preguntaría el auditor. Orbita responde con tu documentación y te dice dónde hay hueco. Llegas sabiendo qué van a encontrar.

Orbita · PM Tool, el portal de gestión de TuConsultor.
👉 https://www.tuconsultor.com/orbita/?utm_source=linkedin&utm_medium=social&utm_campaign=orbita-ventajas&utm_content=v06c

#OrbitaPMTool #SistemasDeGestión #TuConsultor #IA #Consultoría",https://www.tuconsultor.com/social-img/orbita/V06C_linkedin.png,https://www.tuconsultor.com/orbita/,,
1208,30/12/2026,19:00,instagram,"⚡ La auditoría empieza cuando tú quieras.

Simula preguntas del auditor y comprueba las respuestas con tu documentación.

Orbita · PM Tool, el portal de gestión de TuConsultor.
Enlace en bio.

❤️ Gestión con corazón desde 2006.

#OrbitaPMTool #SistemasDeGestión #TuConsultor #IA #Consultoría #GestiónConCorazón #Orbita",https://www.tuconsultor.com/social-img/orbita/V06C_instagram.png,https://www.tuconsultor.com/orbita/,,
1209,31/12/2026,08:45,linkedin_alejandro,"Tus indicadores, en tiempo real.

Ver es la mitad del control. En Orbita cada cliente tiene su dashboard: indicadores, tareas y auditorías en vivo. Y yo veo lo mismo, así que no hace falta preguntar.

Si quieres verlo con tu sistema, escríbeme.
👉 https://www.tuconsultor.com/orbita/?utm_source=linkedin_alejandro&utm_medium=social&utm_campaign=orbita-ventajas&utm_content=v07a

#OrbitaPMTool #SistemasDeGestión #TuConsultor #Dashboard #Dirección",https://www.tuconsultor.com/social-img/orbita/V07A_linkedin.png,https://www.tuconsultor.com/orbita/,,
1210,31/12/2026,19:00,linkedin,"Tus indicadores, en tiempo real.

Un sistema de gestión sin indicadores a la vista es un archivo. En Orbita el dashboard muestra objetivos, no conformidades abiertas, tareas pendientes y próximas auditorías, actualizado según se trabaja.

Orbita · PM Tool, el portal de gestión de TuConsultor.
👉 https://www.tuconsultor.com/orbita/?utm_source=linkedin&utm_medium=social&utm_campaign=orbita-ventajas&utm_content=v07a

#OrbitaPMTool #SistemasDeGestión #TuConsultor #Dashboard #Dirección",https://www.tuconsultor.com/social-img/orbita/V07A_linkedin.png,https://www.tuconsultor.com/orbita/,,
1211,31/12/2026,19:00,instagram,"📊 Tus indicadores, en tiempo real.

Objetivos, no conformidades, tareas y auditorías en una pantalla.

Orbita · PM Tool, el portal de gestión de TuConsultor.
Enlace en bio.

❤️ Gestión con corazón desde 2006.

#OrbitaPMTool #SistemasDeGestión #TuConsultor #Dashboard #Dirección #GestiónConCorazón #Orbita",https://www.tuconsultor.com/social-img/orbita/V07A_instagram.png,https://www.tuconsultor.com/orbita/,,
1212,01/01/2027,08:45,linkedin_alejandro,"El comité de dirección sin preparar el Excel.

La revisión por la dirección es el momento más útil del sistema y el peor preparado. Con Orbita los datos ya están; dedicamos la reunión a decidir. Eso cambia la conversación con la dirección.

Si quieres verlo con tu sistema, escríbeme.
👉 https://www.tuconsultor.com/orbita/?utm_source=linkedin_alejandro&utm_medium=social&utm_campaign=orbita-ventajas&utm_content=v07b

#OrbitaPMTool #SistemasDeGestión #TuConsultor #Dashboard #Dirección",https://www.tuconsultor.com/social-img/orbita/V07B_linkedin.png,https://www.tuconsultor.com/orbita/,,
1213,01/01/2027,19:00,linkedin,"El comité de dirección sin preparar el Excel.

La revisión por la dirección no debería empezar con dos semanas de recopilar datos. En Orbita los indicadores del sistema están siempre al día: la reunión es para decidir, no para reunir.

Orbita · PM Tool, el portal de gestión de TuConsultor.
👉 https://www.tuconsultor.com/orbita/?utm_source=linkedin&utm_medium=social&utm_campaign=orbita-ventajas&utm_content=v07b

#OrbitaPMTool #SistemasDeGestión #TuConsultor #Dashboard #Dirección",https://www.tuconsultor.com/social-img/orbita/V07B_linkedin.png,https://www.tuconsultor.com/orbita/,,
1214,01/01/2027,19:00,instagram,"📊 El comité de dirección sin preparar el Excel.

Los datos de la revisión por la dirección ya están en el portal.

Orbita · PM Tool, el portal de gestión de TuConsultor.
Enlace en bio.

❤️ Gestión con corazón desde 2006.

#OrbitaPMTool #SistemasDeGestión #TuConsultor #Dashboard #Dirección #GestiónConCorazón #Orbita",https://www.tuconsultor.com/social-img/orbita/V07B_instagram.png,https://www.tuconsultor.com/orbita/,,
1215,02/01/2027,08:45,linkedin_alejandro,"Un semáforo por proceso. Sin sorpresas.

Un dashboard no es para mirar números: es para no llevarse sorpresas. En Orbita el semáforo por proceso avisa antes de que el problema llegue a la auditoría.

Si quieres verlo con tu sistema, escríbeme.
👉 https://www.tuconsultor.com/orbita/?utm_source=linkedin_alejandro&utm_medium=social&utm_campaign=orbita-ventajas&utm_content=v07c

#OrbitaPMTool #SistemasDeGestión #TuConsultor #Dashboard #Dirección",https://www.tuconsultor.com/social-img/orbita/V07C_linkedin.png,https://www.tuconsultor.com/orbita/,,
1216,02/01/2027,19:00,linkedin,"Un semáforo por proceso. Sin sorpresas.

En Orbita cada proceso y cada proyecto tienen su estado: al día, en riesgo o retrasado. La dirección ve el sistema completo de un vistazo y decide con datos, no con sensaciones.

Orbita · PM Tool, el portal de gestión de TuConsultor.
👉 https://www.tuconsultor.com/orbita/?utm_source=linkedin&utm_medium=social&utm_campaign=orbita-ventajas&utm_content=v07c

#OrbitaPMTool #SistemasDeGestión #TuConsultor #Dashboard #Dirección",https://www.tuconsultor.com/social-img/orbita/V07C_linkedin.png,https://www.tuconsultor.com/orbita/,,
1217,02/01/2027,19:00,instagram,"📊 Un semáforo por proceso. Sin sorpresas.

Qué va bien, qué se retrasa y qué necesita decisión. A un vistazo.

Orbita · PM Tool, el portal de gestión de TuConsultor.
Enlace en bio.

❤️ Gestión con corazón desde 2006.

#OrbitaPMTool #SistemasDeGestión #TuConsultor #Dashboard #Dirección #GestiónConCorazón #Orbita",https://www.tuconsultor.com/social-img/orbita/V07C_instagram.png,https://www.tuconsultor.com/orbita/,,
1218,03/01/2027,08:45,linkedin_alejandro,"La documentación del sistema, disponible 24/7.

La documentación del sistema no puede depender de que alguien esté en la oficina. En Orbita está siempre disponible, con la versión vigente. Es lo mínimo para un sistema que dice estar vivo.

Si quieres verlo con tu sistema, escríbeme.
👉 https://www.tuconsultor.com/orbita/?utm_source=linkedin_alejandro&utm_medium=social&utm_campaign=orbita-ventajas&utm_content=v08a

#OrbitaPMTool #SistemasDeGestión #TuConsultor #Documentación #Auditoría",https://www.tuconsultor.com/social-img/orbita/V08A_linkedin.png,https://www.tuconsultor.com/orbita/,,
1219,03/01/2027,19:00,linkedin,"La documentación del sistema, disponible 24/7.

El auditor llega a las 8 y el responsable está de viaje. Da igual: en Orbita la documentación del sistema está disponible las 24 horas, con la versión vigente y su historial. Sin pedir nada a nadie.

Orbita · PM Tool, el portal de gestión de TuConsultor.
👉 https://www.tuconsultor.com/orbita/?utm_source=linkedin&utm_medium=social&utm_campaign=orbita-ventajas&utm_content=v08a

#OrbitaPMTool #SistemasDeGestión #TuConsultor #Documentación #Auditoría",https://www.tuconsultor.com/social-img/orbita/V08A_linkedin.png,https://www.tuconsultor.com/orbita/,,
1220,03/01/2027,19:00,instagram,"🗂️ La documentación del sistema, disponible 24/7.

Procedimientos, registros y evidencias. A cualquier hora, desde cualquier sitio.

Orbita · PM Tool, el portal de gestión de TuConsultor.
Enlace en bio.

❤️ Gestión con corazón desde 2006.

#OrbitaPMTool #SistemasDeGestión #TuConsultor #Documentación #Auditoría #GestiónConCorazón #Orbita",https://www.tuconsultor.com/social-img/orbita/V08A_instagram.png,https://www.tuconsultor.com/orbita/,,
1221,04/01/2027,08:45,linkedin_alejandro,"Un solo lugar para cada documento.

La pregunta «¿cuál es la versión buena?» desaparece con Orbita. Hay una, está en el portal y se puede consultar a cualquier hora. Parece poco; cambia la auditoría entera.

Si quieres verlo con tu sistema, escríbeme.
👉 https://www.tuconsultor.com/orbita/?utm_source=linkedin_alejandro&utm_medium=social&utm_campaign=orbita-ventajas&utm_content=v08b

#OrbitaPMTool #SistemasDeGestión #TuConsultor #Documentación #Auditoría",https://www.tuconsultor.com/social-img/orbita/V08B_linkedin.png,https://www.tuconsultor.com/orbita/,,
1222,04/01/2027,19:00,linkedin,"Un solo lugar para cada documento.

En Orbita cada documento tiene un lugar, un estado y un historial. La copia que alguien guardó en su escritorio deja de ser un riesgo porque nadie la necesita.

Orbita · PM Tool, el portal de gestión de TuConsultor.
👉 https://www.tuconsultor.com/orbita/?utm_source=linkedin&utm_medium=social&utm_campaign=orbita-ventajas&utm_content=v08b

#OrbitaPMTool #SistemasDeGestión #TuConsultor #Documentación #Auditoría",https://www.tuconsultor.com/social-img/orbita/V08B_linkedin.png,https://www.tuconsultor.com/orbita/,,
1223,04/01/2027,19:00,instagram,"🗂️ Un solo lugar para cada documento.

Sin copias en el escritorio ni versiones en el correo.

Orbita · PM Tool, el portal de gestión de TuConsultor.
Enlace en bio.

❤️ Gestión con corazón desde 2006.

#OrbitaPMTool #SistemasDeGestión #TuConsultor #Documentación #Auditoría #GestiónConCorazón #Orbita",https://www.tuconsultor.com/social-img/orbita/V08B_instagram.png,https://www.tuconsultor.com/orbita/,,
1224,05/01/2027,08:45,linkedin_alejandro,"Evidencias con fecha, no capturas en el móvil.

He visto auditorías salvadas con capturas de un móvil. Con Orbita las evidencias están en su sitio, con fecha y responsable. La diferencia entre aprobar y demostrar.

Si quieres verlo con tu sistema, escríbeme.
👉 https://www.tuconsultor.com/orbita/?utm_source=linkedin_alejandro&utm_medium=social&utm_campaign=orbita-ventajas&utm_content=v08c

#OrbitaPMTool #SistemasDeGestión #TuConsultor #Documentación #Auditoría",https://www.tuconsultor.com/social-img/orbita/V08C_linkedin.png,https://www.tuconsultor.com/orbita/,,
1225,05/01/2027,19:00,linkedin,"Evidencias con fecha, no capturas en el móvil.

Las evidencias del sistema en Orbita cuelgan del proceso y de la tarea: quién, cuándo y qué. Cuando el auditor pide la prueba, está donde debe estar, no en el carrete de un teléfono.

Orbita · PM Tool, el portal de gestión de TuConsultor.
👉 https://www.tuconsultor.com/orbita/?utm_source=linkedin&utm_medium=social&utm_campaign=orbita-ventajas&utm_content=v08c

#OrbitaPMTool #SistemasDeGestión #TuConsultor #Documentación #Auditoría",https://www.tuconsultor.com/social-img/orbita/V08C_linkedin.png,https://www.tuconsultor.com/orbita/,,
1226,05/01/2027,19:00,instagram,"🗂️ Evidencias con fecha, no capturas en el móvil.

Cada registro en su proceso, con quién y cuándo. Listo para auditar.

Orbita · PM Tool, el portal de gestión de TuConsultor.
Enlace en bio.

❤️ Gestión con corazón desde 2006.

#OrbitaPMTool #SistemasDeGestión #TuConsultor #Documentación #Auditoría #GestiónConCorazón #Orbita",https://www.tuconsultor.com/social-img/orbita/V08C_instagram.png,https://www.tuconsultor.com/orbita/,,
1227,06/01/2027,08:45,linkedin_alejandro,"Respuesta 24/7. También un domingo.

No prometo estar disponible un domingo a las once. Prometo que mis clientes tendrán respuesta: el portal contesta con su documentación y yo retomo el lunes con criterio. Eso es 24/7 de verdad.

Si quieres verlo con tu sistema, escríbeme.
👉 https://www.tuconsultor.com/orbita/?utm_source=linkedin_alejandro&utm_medium=social&utm_campaign=orbita-ventajas&utm_content=v09a

#OrbitaPMTool #SistemasDeGestión #TuConsultor #Soporte #Disponibilidad",https://www.tuconsultor.com/social-img/orbita/V09A_linkedin.png,https://www.tuconsultor.com/orbita/,,
1228,06/01/2027,19:00,linkedin,"Respuesta 24/7. También un domingo.

Las dudas no esperan al lunes. En Orbita el portal responde a cualquier hora con tu documentación y el consultor retoma en horario. Siempre hay respuesta; luego, si hace falta, criterio.

Orbita · PM Tool, el portal de gestión de TuConsultor.
👉 https://www.tuconsultor.com/orbita/?utm_source=linkedin&utm_medium=social&utm_campaign=orbita-ventajas&utm_content=v09a

#OrbitaPMTool #SistemasDeGestión #TuConsultor #Soporte #Disponibilidad",https://www.tuconsultor.com/social-img/orbita/V09A_linkedin.png,https://www.tuconsultor.com/orbita/,,
1229,06/01/2027,19:00,instagram,"🕐 Respuesta 24/7. También un domingo.

El portal contesta siempre; el consultor, en horario. Nunca te quedas sin respuesta.

Orbita · PM Tool, el portal de gestión de TuConsultor.
Enlace en bio.

❤️ Gestión con corazón desde 2006.

#OrbitaPMTool #SistemasDeGestión #TuConsultor #Soporte #Disponibilidad #GestiónConCorazón #Orbita",https://www.tuconsultor.com/social-img/orbita/V09A_instagram.png,https://www.tuconsultor.com/orbita/,,
1230,07/01/2027,08:45,linkedin_alejandro,"Soporte dentro del portal. No un teléfono que nadie coge.

El soporte a un cliente no puede ser un correo perdido. En Orbita cada petición tiene número, estado y responsable. Yo lo veo y el cliente también.

Si quieres verlo con tu sistema, escríbeme.
👉 https://www.tuconsultor.com/orbita/?utm_source=linkedin_alejandro&utm_medium=social&utm_campaign=orbita-ventajas&utm_content=v09b

#OrbitaPMTool #SistemasDeGestión #TuConsultor #Soporte #Disponibilidad",https://www.tuconsultor.com/social-img/orbita/V09B_linkedin.png,https://www.tuconsultor.com/orbita/,,
1231,07/01/2027,19:00,linkedin,"Soporte dentro del portal. No un teléfono que nadie coge.

En Orbita el soporte está dentro: cada consulta o incidencia queda registrada, con estado y responsable. Sabes que se ha recibido y sabes en qué punto está.

Orbita · PM Tool, el portal de gestión de TuConsultor.
👉 https://www.tuconsultor.com/orbita/?utm_source=linkedin&utm_medium=social&utm_campaign=orbita-ventajas&utm_content=v09b

#OrbitaPMTool #SistemasDeGestión #TuConsultor #Soporte #Disponibilidad",https://www.tuconsultor.com/social-img/orbita/V09B_linkedin.png,https://www.tuconsultor.com/orbita/,,
1232,07/01/2027,19:00,instagram,"🕐 Soporte dentro del portal. No un teléfono que nadie coge.

Consulta, incidencia o petición: queda registrada y con seguimiento.

Orbita · PM Tool, el portal de gestión de TuConsultor.
Enlace en bio.

❤️ Gestión con corazón desde 2006.

#OrbitaPMTool #SistemasDeGestión #TuConsultor #Soporte #Disponibilidad #GestiónConCorazón #Orbita",https://www.tuconsultor.com/social-img/orbita/V09B_instagram.png,https://www.tuconsultor.com/orbita/,,
1233,08/01/2027,08:45,linkedin_alejandro,"Antes de la auditoría, a la hora que sea.

Sé que la víspera de una auditoría se trabaja hasta tarde. Por eso Orbita responde a cualquier hora con la documentación del cliente. Y yo llego a la auditoría sabiendo qué se ha consultado.

Si quieres verlo con tu sistema, escríbeme.
👉 https://www.tuconsultor.com/orbita/?utm_source=linkedin_alejandro&utm_medium=social&utm_campaign=orbita-ventajas&utm_content=v09c

#OrbitaPMTool #SistemasDeGestión #TuConsultor #Soporte #Disponibilidad",https://www.tuconsultor.com/social-img/orbita/V09C_linkedin.png,https://www.tuconsultor.com/orbita/,,
1234,08/01/2027,19:00,linkedin,"Antes de la auditoría, a la hora que sea.

El día antes de la auditoría siempre surge algo. En Orbita el portal responde con tu documentación a cualquier hora y el equipo de TuConsultor está al tanto. Nadie llega solo a la auditoría.

Orbita · PM Tool, el portal de gestión de TuConsultor.
👉 https://www.tuconsultor.com/orbita/?utm_source=linkedin&utm_medium=social&utm_campaign=orbita-ventajas&utm_content=v09c

#OrbitaPMTool #SistemasDeGestión #TuConsultor #Soporte #Disponibilidad",https://www.tuconsultor.com/social-img/orbita/V09C_linkedin.png,https://www.tuconsultor.com/orbita/,,
1235,08/01/2027,19:00,instagram,"🕐 Antes de la auditoría, a la hora que sea.

El día previo no tiene horario. El portal tampoco.

Orbita · PM Tool, el portal de gestión de TuConsultor.
Enlace en bio.

❤️ Gestión con corazón desde 2006.

#OrbitaPMTool #SistemasDeGestión #TuConsultor #Soporte #Disponibilidad #GestiónConCorazón #Orbita",https://www.tuconsultor.com/social-img/orbita/V09C_instagram.png,https://www.tuconsultor.com/orbita/,,
1236,09/01/2027,08:45,linkedin_alejandro,"Desde el móvil, desde la planta, desde la auditoría.

Un sistema que solo se consulta desde el despacho de calidad no es un sistema. Orbita se abre en el móvil de quien está en planta. Ahí es donde el sistema se cumple o no.

Si quieres verlo con tu sistema, escríbeme.
👉 https://www.tuconsultor.com/orbita/?utm_source=linkedin_alejandro&utm_medium=social&utm_campaign=orbita-ventajas&utm_content=v10a

#OrbitaPMTool #SistemasDeGestión #TuConsultor #Accesibilidad #Móvil",https://www.tuconsultor.com/social-img/orbita/V10A_linkedin.png,https://www.tuconsultor.com/orbita/,,
1237,09/01/2027,19:00,linkedin,"Desde el móvil, desde la planta, desde la auditoría.

Un sistema de gestión se usa donde pasa el trabajo: en planta, en obra, en la visita del auditor. Orbita es web, se abre en el móvil y no requiere instalación. Accesible para todo el equipo, no solo para calidad.

Orbita · PM Tool, el portal de gestión de TuConsultor.
👉 https://www.tuconsultor.com/orbita/?utm_source=linkedin&utm_medium=social&utm_campaign=orbita-ventajas&utm_content=v10a

#OrbitaPMTool #SistemasDeGestión #TuConsultor #Accesibilidad #Móvil",https://www.tuconsultor.com/social-img/orbita/V10A_linkedin.png,https://www.tuconsultor.com/orbita/,,
1238,09/01/2027,19:00,instagram,"📱 Desde el móvil, desde la planta, desde la auditoría.

Orbita funciona donde estés. Sin instalar nada.

Orbita · PM Tool, el portal de gestión de TuConsultor.
Enlace en bio.

❤️ Gestión con corazón desde 2006.

#OrbitaPMTool #SistemasDeGestión #TuConsultor #Accesibilidad #Móvil #GestiónConCorazón #Orbita",https://www.tuconsultor.com/social-img/orbita/V10A_instagram.png,https://www.tuconsultor.com/orbita/,,
1239,10/01/2027,08:45,linkedin_alejandro,"Para el equipo, el cliente y el auditor.

El sistema deja de ser «cosa de calidad» cuando cada persona ve lo suyo en el mismo portal. En Orbita el operario, la dirección y el auditor entran por la misma puerta, cada uno a su sitio.

Si quieres verlo con tu sistema, escríbeme.
👉 https://www.tuconsultor.com/orbita/?utm_source=linkedin_alejandro&utm_medium=social&utm_campaign=orbita-ventajas&utm_content=v10b

#OrbitaPMTool #SistemasDeGestión #TuConsultor #Accesibilidad #Móvil",https://www.tuconsultor.com/social-img/orbita/V10B_linkedin.png,https://www.tuconsultor.com/orbita/,,
1240,10/01/2027,19:00,linkedin,"Para el equipo, el cliente y el auditor.

Orbita es hiperaccesible porque no es solo para calidad: el equipo ve sus tareas, la dirección su dashboard, el consultor el plan y el auditor las evidencias. Cada rol con su acceso, todos en el mismo sitio.

Orbita · PM Tool, el portal de gestión de TuConsultor.
👉 https://www.tuconsultor.com/orbita/?utm_source=linkedin&utm_medium=social&utm_campaign=orbita-ventajas&utm_content=v10b

#OrbitaPMTool #SistemasDeGestión #TuConsultor #Accesibilidad #Móvil",https://www.tuconsultor.com/social-img/orbita/V10B_linkedin.png,https://www.tuconsultor.com/orbita/,,
1241,10/01/2027,19:00,instagram,"📱 Para el equipo, el cliente y el auditor.

Cada uno con su acceso y su vista. Todos en el mismo portal.

Orbita · PM Tool, el portal de gestión de TuConsultor.
Enlace en bio.

❤️ Gestión con corazón desde 2006.

#OrbitaPMTool #SistemasDeGestión #TuConsultor #Accesibilidad #Móvil #GestiónConCorazón #Orbita",https://www.tuconsultor.com/social-img/orbita/V10B_instagram.png,https://www.tuconsultor.com/orbita/,,
1242,11/01/2027,08:45,linkedin_alejandro,"Accesible también para quien no ve, no oye o no puede.

Trabajo con entidades del ámbito social y de la discapacidad. No podía ofrecerles un portal que excluyera a parte de su equipo. Orbita cumple accesibilidad web: el sistema es de todos.

Si quieres verlo con tu sistema, escríbeme.
👉 https://www.tuconsultor.com/orbita/?utm_source=linkedin_alejandro&utm_medium=social&utm_campaign=orbita-ventajas&utm_content=v10c

#OrbitaPMTool #SistemasDeGestión #TuConsultor #Accesibilidad #Móvil",https://www.tuconsultor.com/social-img/orbita/V10C_linkedin.png,https://www.tuconsultor.com/orbita/,,
1243,11/01/2027,19:00,linkedin,"Accesible también para quien no ve, no oye o no puede.

Hiperaccesible también significa accesible: Orbita está diseñado para usarse con lector de pantalla, con teclado y con contraste alto. Un sistema de gestión para toda la plantilla, sin excepciones.

Orbita · PM Tool, el portal de gestión de TuConsultor.
👉 https://www.tuconsultor.com/orbita/?utm_source=linkedin&utm_medium=social&utm_campaign=orbita-ventajas&utm_content=v10c

#OrbitaPMTool #SistemasDeGestión #TuConsultor #Accesibilidad #Móvil",https://www.tuconsultor.com/social-img/orbita/V10C_linkedin.png,https://www.tuconsultor.com/orbita/,,
1244,11/01/2027,19:00,instagram,"📱 Accesible también para quien no ve, no oye o no puede.

Orbita cumple accesibilidad web. El sistema es de todos.

Orbita · PM Tool, el portal de gestión de TuConsultor.
Enlace en bio.

❤️ Gestión con corazón desde 2006.

#OrbitaPMTool #SistemasDeGestión #TuConsultor #Accesibilidad #Móvil #GestiónConCorazón #Orbita",https://www.tuconsultor.com/social-img/orbita/V10C_instagram.png,https://www.tuconsultor.com/orbita/,,
1245,12/01/2027,08:45,linkedin_alejandro,"Las normas y los procesos en un solo portal.

Llevo veinte años viendo sistemas de gestión repartidos en carpetas, correos y cabezas. Por eso construimos Orbita: un solo portal donde están las normas, los procesos, las tareas y las evidencias. Ahora trabajo así con todos mis clientes.

Te lo enseño en 20 minutos con un proyecto real.
👉 https://www.tuconsultor.com/orbita/?utm_source=linkedin_alejandro&utm_medium=social&utm_campaign=orbita-ventajas&utm_content=v01a

#OrbitaPMTool #SistemasDeGestión #TuConsultor #PortalÚnico #ISO9001",https://www.tuconsultor.com/social-img/orbita/V01A_linkedin.png,https://www.tuconsultor.com/orbita/,,
1246,12/01/2027,19:00,linkedin,"Las normas y los procesos en un solo portal.

La calidad en un Excel, los proyectos en otro, los procedimientos en una carpeta y el consultor por correo. Así no se gestiona: se sobrevive. Orbita junta las normas y los procesos en un solo portal, con el consultor y el cliente dentro.

Pide una demo de Orbita · PM Tool.
👉 https://www.tuconsultor.com/orbita/?utm_source=linkedin&utm_medium=social&utm_campaign=orbita-ventajas&utm_content=v01a

#OrbitaPMTool #SistemasDeGestión #TuConsultor #PortalÚnico #ISO9001",https://www.tuconsultor.com/social-img/orbita/V01A_linkedin.png,https://www.tuconsultor.com/orbita/,,
1247,12/01/2027,19:00,instagram,"🧭 Las normas y los procesos en un solo portal.

ISO, procesos, tareas, evidencias y equipo. Un sitio. Orbita · PM Tool.

Pide una demo: enlace en bio.
Enlace en bio.

❤️ Gestión con corazón desde 2006.

#OrbitaPMTool #SistemasDeGestión #TuConsultor #PortalÚnico #ISO9001 #GestiónConCorazón #Orbita",https://www.tuconsultor.com/social-img/orbita/V01A_instagram.png,https://www.tuconsultor.com/orbita/,,
1248,13/01/2027,08:45,linkedin_alejandro,"Un portal. Todas tus normas, todos tus procesos.

Cuando una empresa suma su segunda norma, lo normal es que duplique papeles. En Orbita no: las normas comparten los mismos procesos y las mismas evidencias. Menos trabajo, más control. Es lo que llevo años defendiendo.

Te lo enseño en 20 minutos con un proyecto real.
👉 https://www.tuconsultor.com/orbita/?utm_source=linkedin_alejandro&utm_medium=social&utm_campaign=orbita-ventajas&utm_content=v01b

#OrbitaPMTool #SistemasDeGestión #TuConsultor #PortalÚnico #ISO9001",https://www.tuconsultor.com/social-img/orbita/V01B_linkedin.png,https://www.tuconsultor.com/orbita/,,
1249,13/01/2027,19:00,linkedin,"Un portal. Todas tus normas, todos tus procesos.

Cada norma que añades no puede ser otra carpeta y otro responsable. En Orbita las normas comparten procesos, tareas y evidencias: una integración de verdad, no una pestaña más.

Pide una demo de Orbita · PM Tool.
👉 https://www.tuconsultor.com/orbita/?utm_source=linkedin&utm_medium=social&utm_campaign=orbita-ventajas&utm_content=v01b

#OrbitaPMTool #SistemasDeGestión #TuConsultor #PortalÚnico #ISO9001",https://www.tuconsultor.com/social-img/orbita/V01B_linkedin.png,https://www.tuconsultor.com/orbita/,,
1250,13/01/2027,19:00,instagram,"🧭 Un portal. Todas tus normas, todos tus procesos.

9001, 14001, 27001, 45001… y los procesos que las sostienen. Juntos.

Pide una demo: enlace en bio.
Enlace en bio.

❤️ Gestión con corazón desde 2006.

#OrbitaPMTool #SistemasDeGestión #TuConsultor #PortalÚnico #ISO9001 #GestiónConCorazón #Orbita",https://www.tuconsultor.com/social-img/orbita/V01B_instagram.png,https://www.tuconsultor.com/orbita/,,
1251,14/01/2027,08:45,linkedin_alejandro,"Lo que no está en el portal, no existe.

Mi regla con los clientes es sencilla: lo que no está en Orbita no existe. Suena duro y es lo que más tranquilidad da. Una versión, la vigente, y todos mirando lo mismo.

Te lo enseño en 20 minutos con un proyecto real.
👉 https://www.tuconsultor.com/orbita/?utm_source=linkedin_alejandro&utm_medium=social&utm_campaign=orbita-ventajas&utm_content=v01c

#OrbitaPMTool #SistemasDeGestión #TuConsultor #PortalÚnico #ISO9001",https://www.tuconsultor.com/social-img/orbita/V01C_linkedin.png,https://www.tuconsultor.com/orbita/,,
1252,14/01/2027,19:00,linkedin,"Lo que no está en el portal, no existe.

La versión buena del procedimiento está en el portátil de alguien. En Orbita hay una versión: la vigente, con su historial. Tu equipo, tu consultor y tu auditor miran la misma pantalla.

Pide una demo de Orbita · PM Tool.
👉 https://www.tuconsultor.com/orbita/?utm_source=linkedin&utm_medium=social&utm_campaign=orbita-ventajas&utm_content=v01c

#OrbitaPMTool #SistemasDeGestión #TuConsultor #PortalÚnico #ISO9001",https://www.tuconsultor.com/social-img/orbita/V01C_linkedin.png,https://www.tuconsultor.com/orbita/,,
1253,14/01/2027,19:00,instagram,"🧭 Lo que no está en el portal, no existe.

Y eso es exactamente lo que quieres: una sola versión, la vigente.

Pide una demo: enlace en bio.
Enlace en bio.

❤️ Gestión con corazón desde 2006.

#OrbitaPMTool #SistemasDeGestión #TuConsultor #PortalÚnico #ISO9001 #GestiónConCorazón #Orbita",https://www.tuconsultor.com/social-img/orbita/V01C_instagram.png,https://www.tuconsultor.com/orbita/,,
1254,15/01/2027,08:45,linkedin_alejandro,"Tu sistema de gestión no depende de una persona.

He visto sistemas de calidad desaparecer con una baja o un cambio de puesto. Con Orbita eso no pasa: el sistema está en el portal, no en una persona. Es la diferencia entre tener un sistema y tener a alguien que se lo sabe.

Te lo enseño en 20 minutos con un proyecto real.
👉 https://www.tuconsultor.com/orbita/?utm_source=linkedin_alejandro&utm_medium=social&utm_campaign=orbita-ventajas&utm_content=v02a

#OrbitaPMTool #SistemasDeGestión #TuConsultor #Continuidad #Equipo",https://www.tuconsultor.com/social-img/orbita/V02A_linkedin.png,https://www.tuconsultor.com/orbita/,,
1255,15/01/2027,19:00,linkedin,"Tu sistema de gestión no depende de una persona.

El sistema ISO de muchas empresas vive en la cabeza de una persona. Cuando esa persona se va, se va el sistema. En Orbita, procesos, tareas, evidencias e historial están en el portal: quien llegue continúa donde lo dejó el anterior.

Pide una demo de Orbita · PM Tool.
👉 https://www.tuconsultor.com/orbita/?utm_source=linkedin&utm_medium=social&utm_campaign=orbita-ventajas&utm_content=v02a

#OrbitaPMTool #SistemasDeGestión #TuConsultor #Continuidad #Equipo",https://www.tuconsultor.com/social-img/orbita/V02A_linkedin.png,https://www.tuconsultor.com/orbita/,,
1256,15/01/2027,19:00,instagram,"🧩 Tu sistema de gestión no depende de una persona.

Si el responsable de calidad se va, el sistema se queda.

Pide una demo: enlace en bio.
Enlace en bio.

❤️ Gestión con corazón desde 2006.

#OrbitaPMTool #SistemasDeGestión #TuConsultor #Continuidad #Equipo #GestiónConCorazón #Orbita",https://www.tuconsultor.com/social-img/orbita/V02A_instagram.png,https://www.tuconsultor.com/orbita/,,
1257,16/01/2027,08:45,linkedin_alejandro,"Vacaciones, bajas, cambios. El sistema sigue.

Agosto es la prueba de fuego de un sistema de gestión. En Orbita, las tareas del sistema tienen dueño y sustituto, y el consultor las ve. Cuando vuelve el equipo, no hay que reconstruir nada.

Te lo enseño en 20 minutos con un proyecto real.
👉 https://www.tuconsultor.com/orbita/?utm_source=linkedin_alejandro&utm_medium=social&utm_campaign=orbita-ventajas&utm_content=v02b

#OrbitaPMTool #SistemasDeGestión #TuConsultor #Continuidad #Equipo",https://www.tuconsultor.com/social-img/orbita/V02B_linkedin.png,https://www.tuconsultor.com/orbita/,,
1258,16/01/2027,19:00,linkedin,"Vacaciones, bajas, cambios. El sistema sigue.

En Orbita cada tarea tiene responsable, plazo y evidencia. Si alguien falta, se reasigna y sigue. La auditoría no espera a que vuelva nadie de vacaciones, y tu sistema tampoco.

Pide una demo de Orbita · PM Tool.
👉 https://www.tuconsultor.com/orbita/?utm_source=linkedin&utm_medium=social&utm_campaign=orbita-ventajas&utm_content=v02b

#OrbitaPMTool #SistemasDeGestión #TuConsultor #Continuidad #Equipo",https://www.tuconsultor.com/social-img/orbita/V02B_linkedin.png,https://www.tuconsultor.com/orbita/,,
1259,16/01/2027,19:00,instagram,"🧩 Vacaciones, bajas, cambios. El sistema sigue.

Tareas con dueño, plazos y sustituto. Nada se para.

Pide una demo: enlace en bio.
Enlace en bio.

❤️ Gestión con corazón desde 2006.

#OrbitaPMTool #SistemasDeGestión #TuConsultor #Continuidad #Equipo #GestiónConCorazón #Orbita",https://www.tuconsultor.com/social-img/orbita/V02B_instagram.png,https://www.tuconsultor.com/orbita/,,
1260,17/01/2027,08:45,linkedin_alejandro,"El conocimiento del sistema es de la empresa.

Como consultor, mi trabajo es que el cliente no me necesite para saber cómo funciona su sistema. Orbita lo hace posible: todo lo que hacemos juntos queda en su portal, no en mis notas.

Te lo enseño en 20 minutos con un proyecto real.
👉 https://www.tuconsultor.com/orbita/?utm_source=linkedin_alejandro&utm_medium=social&utm_campaign=orbita-ventajas&utm_content=v02c

#OrbitaPMTool #SistemasDeGestión #TuConsultor #Continuidad #Equipo",https://www.tuconsultor.com/social-img/orbita/V02C_linkedin.png,https://www.tuconsultor.com/orbita/,,
1261,17/01/2027,19:00,linkedin,"El conocimiento del sistema es de la empresa.

Cuando el sistema está en Orbita, el conocimiento se queda en la empresa: qué se hizo, por qué, con qué evidencia. Cambie quien cambie, el hilo no se rompe.

Pide una demo de Orbita · PM Tool.
👉 https://www.tuconsultor.com/orbita/?utm_source=linkedin&utm_medium=social&utm_campaign=orbita-ventajas&utm_content=v02c

#OrbitaPMTool #SistemasDeGestión #TuConsultor #Continuidad #Equipo",https://www.tuconsultor.com/social-img/orbita/V02C_linkedin.png,https://www.tuconsultor.com/orbita/,,
1262,17/01/2027,19:00,instagram,"🧩 El conocimiento del sistema es de la empresa.

No del consultor. No del responsable. De la organización.

Pide una demo: enlace en bio.
Enlace en bio.

❤️ Gestión con corazón desde 2006.

#OrbitaPMTool #SistemasDeGestión #TuConsultor #Continuidad #Equipo #GestiónConCorazón #Orbita",https://www.tuconsultor.com/social-img/orbita/V02C_instagram.png,https://www.tuconsultor.com/orbita/,,
1263,18/01/2027,08:45,linkedin_alejandro,"Siempre atendido. No una visita al mes.

Ya no trabajo a golpe de visita mensual. Estoy dentro del portal de cada cliente, veo lo que avanza y lo que se atasca, y actúo antes de que sea un problema. Siempre atendido no es un eslogan: es el modelo.

Te lo enseño en 20 minutos con un proyecto real.
👉 https://www.tuconsultor.com/orbita/?utm_source=linkedin_alejandro&utm_medium=social&utm_campaign=orbita-ventajas&utm_content=v03a

#OrbitaPMTool #SistemasDeGestión #TuConsultor #Consultoría #Acompañamiento",https://www.tuconsultor.com/social-img/orbita/V03A_linkedin.png,https://www.tuconsultor.com/orbita/,,
1264,18/01/2027,19:00,linkedin,"Siempre atendido. No una visita al mes.

La consultoría clásica es una visita mensual y un correo cuando hay prisa. En Orbita el consultor está dentro del portal: ve las tareas, contesta las dudas y programa el trabajo semana a semana. Acompañamiento de verdad, no presencia.

Pide una demo de Orbita · PM Tool.
👉 https://www.tuconsultor.com/orbita/?utm_source=linkedin&utm_medium=social&utm_campaign=orbita-ventajas&utm_content=v03a

#OrbitaPMTool #SistemasDeGestión #TuConsultor #Consultoría #Acompañamiento",https://www.tuconsultor.com/social-img/orbita/V03A_linkedin.png,https://www.tuconsultor.com/orbita/,,
1265,18/01/2027,19:00,instagram,"🤝 Siempre atendido. No una visita al mes.

Tu consultor dentro del portal, cada semana, no solo antes de la auditoría.

Pide una demo: enlace en bio.
Enlace en bio.

❤️ Gestión con corazón desde 2006.

#OrbitaPMTool #SistemasDeGestión #TuConsultor #Consultoría #Acompañamiento #GestiónConCorazón #Orbita",https://www.tuconsultor.com/social-img/orbita/V03A_instagram.png,https://www.tuconsultor.com/orbita/,,
1266,19/01/2027,08:45,linkedin_alejandro,"Cada tarea del sistema tiene a alguien detrás.

Lo que más agradecen mis clientes de Orbita no es la tecnología: es saber quién de mi equipo se ocupa de cada cosa y cuándo. Eso es estar atendido.

Te lo enseño en 20 minutos con un proyecto real.
👉 https://www.tuconsultor.com/orbita/?utm_source=linkedin_alejandro&utm_medium=social&utm_campaign=orbita-ventajas&utm_content=v03b

#OrbitaPMTool #SistemasDeGestión #TuConsultor #Consultoría #Acompañamiento",https://www.tuconsultor.com/social-img/orbita/V03B_linkedin.png,https://www.tuconsultor.com/orbita/,,
1267,19/01/2027,19:00,linkedin,"Cada tarea del sistema tiene a alguien detrás.

En Orbita cada proyecto tiene su consultor y cada tarea su sesión programada. El cliente ve quién viene, cuándo y a qué. Sin perseguir a nadie por correo.

Pide una demo de Orbita · PM Tool.
👉 https://www.tuconsultor.com/orbita/?utm_source=linkedin&utm_medium=social&utm_campaign=orbita-ventajas&utm_content=v03b

#OrbitaPMTool #SistemasDeGestión #TuConsultor #Consultoría #Acompañamiento",https://www.tuconsultor.com/social-img/orbita/V03B_linkedin.png,https://www.tuconsultor.com/orbita/,,
1268,19/01/2027,19:00,instagram,"🤝 Cada tarea del sistema tiene a alguien detrás.

Consultor asignado, agenda compartida y seguimiento en el portal.

Pide una demo: enlace en bio.
Enlace en bio.

❤️ Gestión con corazón desde 2006.

#OrbitaPMTool #SistemasDeGestión #TuConsultor #Consultoría #Acompañamiento #GestiónConCorazón #Orbita",https://www.tuconsultor.com/social-img/orbita/V03B_instagram.png,https://www.tuconsultor.com/orbita/,,
1269,20/01/2027,08:45,linkedin_alejandro,"Relación, Implicación o Compromiso.

Hay clientes que quieren que les acompañe y clientes que quieren que me ocupe. Por eso Orbita tiene tres modelos: Relación, Implicación y Compromiso. Elige el tuyo y el portal se adapta.

Te lo enseño en 20 minutos con un proyecto real.
👉 https://www.tuconsultor.com/orbita/?utm_source=linkedin_alejandro&utm_medium=social&utm_campaign=orbita-ventajas&utm_content=v03c

#OrbitaPMTool #SistemasDeGestión #TuConsultor #Consultoría #Acompañamiento",https://www.tuconsultor.com/social-img/orbita/V03C_linkedin.png,https://www.tuconsultor.com/orbita/,,
1270,20/01/2027,19:00,linkedin,"Relación, Implicación o Compromiso.

No todas las empresas necesitan lo mismo. En Orbita trabajamos con tres modelos: Relación (te acompañamos), Implicación (lo hacemos contigo) y Compromiso (lo llevamos por ti). El portal es el mismo; cambia cuánto hacemos nosotros.

Pide una demo de Orbita · PM Tool.
👉 https://www.tuconsultor.com/orbita/?utm_source=linkedin&utm_medium=social&utm_campaign=orbita-ventajas&utm_content=v03c

#OrbitaPMTool #SistemasDeGestión #TuConsultor #Consultoría #Acompañamiento",https://www.tuconsultor.com/social-img/orbita/V03C_linkedin.png,https://www.tuconsultor.com/orbita/,,
1271,20/01/2027,19:00,instagram,"🤝 Relación, Implicación o Compromiso.

Tres modelos de acompañamiento. Tú eliges cuánto nos metemos.

Pide una demo: enlace en bio.
Enlace en bio.

❤️ Gestión con corazón desde 2006.

#OrbitaPMTool #SistemasDeGestión #TuConsultor #Consultoría #Acompañamiento #GestiónConCorazón #Orbita",https://www.tuconsultor.com/social-img/orbita/V03C_instagram.png,https://www.tuconsultor.com/orbita/,,
1272,21/01/2027,08:45,linkedin_alejandro,"Diez años de sistema en un solo hilo.

Lo primero que pide un auditor es el hilo: qué pasó el año pasado y qué hicisteis. En Orbita el hilo está entero, con fecha y evidencia. Es el legado del sistema, y es de la empresa.

Te lo enseño en 20 minutos con un proyecto real.
👉 https://www.tuconsultor.com/orbita/?utm_source=linkedin_alejandro&utm_medium=social&utm_campaign=orbita-ventajas&utm_content=v04a

#OrbitaPMTool #SistemasDeGestión #TuConsultor #Legado #Conocimiento",https://www.tuconsultor.com/social-img/orbita/V04A_linkedin.png,https://www.tuconsultor.com/orbita/,,
1273,21/01/2027,19:00,linkedin,"Diez años de sistema en un solo hilo.

Un sistema de gestión es su historia: qué falló, qué se decidió, qué se cambió. En Orbita ese legado está ordenado por proyecto y por proceso, con fecha, autor y evidencia. Nada se pierde entre versiones de carpeta.

Pide una demo de Orbita · PM Tool.
👉 https://www.tuconsultor.com/orbita/?utm_source=linkedin&utm_medium=social&utm_campaign=orbita-ventajas&utm_content=v04a

#OrbitaPMTool #SistemasDeGestión #TuConsultor #Legado #Conocimiento",https://www.tuconsultor.com/social-img/orbita/V04A_linkedin.png,https://www.tuconsultor.com/orbita/,,
1274,21/01/2027,19:00,instagram,"📚 Diez años de sistema en un solo hilo.

Auditorías, no conformidades, cambios y decisiones. Con fecha y evidencia.

Pide una demo: enlace en bio.
Enlace en bio.

❤️ Gestión con corazón desde 2006.

#OrbitaPMTool #SistemasDeGestión #TuConsultor #Legado #Conocimiento #GestiónConCorazón #Orbita",https://www.tuconsultor.com/social-img/orbita/V04A_instagram.png,https://www.tuconsultor.com/orbita/,,
1275,22/01/2027,08:45,linkedin_alejandro,"La no conformidad de 2024 y lo que hiciste con ella.

Una no conformidad bien cerrada es la mejor prueba de que el sistema funciona. Con Orbita queda el ciclo completo: hallazgo, causa, acción y eficacia. Eso es gestionar el legado.

Te lo enseño en 20 minutos con un proyecto real.
👉 https://www.tuconsultor.com/orbita/?utm_source=linkedin_alejandro&utm_medium=social&utm_campaign=orbita-ventajas&utm_content=v04b

#OrbitaPMTool #SistemasDeGestión #TuConsultor #Legado #Conocimiento",https://www.tuconsultor.com/social-img/orbita/V04B_linkedin.png,https://www.tuconsultor.com/orbita/,,
1276,22/01/2027,19:00,linkedin,"La no conformidad de 2024 y lo que hiciste con ella.

En Orbita cada hallazgo lleva su análisis, su acción y su verificación de eficacia. Cuando el auditor pregunte por la no conformidad de hace dos años, la respuesta está en el portal, no en la memoria de nadie.

Pide una demo de Orbita · PM Tool.
👉 https://www.tuconsultor.com/orbita/?utm_source=linkedin&utm_medium=social&utm_campaign=orbita-ventajas&utm_content=v04b

#OrbitaPMTool #SistemasDeGestión #TuConsultor #Legado #Conocimiento",https://www.tuconsultor.com/social-img/orbita/V04B_linkedin.png,https://www.tuconsultor.com/orbita/,,
1277,22/01/2027,19:00,instagram,"📚 La no conformidad de 2024 y lo que hiciste con ella.

En el portal, a dos clics. No en un correo de hace dos años.

Pide una demo: enlace en bio.
Enlace en bio.

❤️ Gestión con corazón desde 2006.

#OrbitaPMTool #SistemasDeGestión #TuConsultor #Legado #Conocimiento #GestiónConCorazón #Orbita",https://www.tuconsultor.com/social-img/orbita/V04B_instagram.png,https://www.tuconsultor.com/orbita/,,
1278,23/01/2027,08:45,linkedin_alejandro,"Cambiar de consultor sin empezar de cero.

Sé que suena raro viniendo de un consultor: con Orbita puedes cambiar de consultor sin perder nada. El sistema, con todo su historial, es de la empresa. Así debería ser siempre.

Te lo enseño en 20 minutos con un proyecto real.
👉 https://www.tuconsultor.com/orbita/?utm_source=linkedin_alejandro&utm_medium=social&utm_campaign=orbita-ventajas&utm_content=v04c

#OrbitaPMTool #SistemasDeGestión #TuConsultor #Legado #Conocimiento",https://www.tuconsultor.com/social-img/orbita/V04C_linkedin.png,https://www.tuconsultor.com/orbita/,,
1279,23/01/2027,19:00,linkedin,"Cambiar de consultor sin empezar de cero.

Con Orbita el sistema es tuyo: si cambia el consultor, el nuevo entra en el portal y continúa. Sin rehacer procedimientos, sin reconstruir el historial.

Pide una demo de Orbita · PM Tool.
👉 https://www.tuconsultor.com/orbita/?utm_source=linkedin&utm_medium=social&utm_campaign=orbita-ventajas&utm_content=v04c

#OrbitaPMTool #SistemasDeGestión #TuConsultor #Legado #Conocimiento",https://www.tuconsultor.com/social-img/orbita/V04C_linkedin.png,https://www.tuconsultor.com/orbita/,,
1280,23/01/2027,19:00,instagram,"📚 Cambiar de consultor sin empezar de cero.

El sistema, sus decisiones y sus evidencias siguen en tu portal.

Pide una demo: enlace en bio.
Enlace en bio.

❤️ Gestión con corazón desde 2006.

#OrbitaPMTool #SistemasDeGestión #TuConsultor #Legado #Conocimiento #GestiónConCorazón #Orbita",https://www.tuconsultor.com/social-img/orbita/V04C_instagram.png,https://www.tuconsultor.com/orbita/,,
1281,24/01/2027,08:45,linkedin_alejandro,"Tus procedimientos no viajan por WhatsApp.

Como consultor de ISO 27001 y ENS no podía ofrecer a mis clientes un portal que no cumpliera lo que yo exijo en las auditorías. Orbita tiene accesos por rol, registro de accesos y datos en la UE.

Te lo enseño en 20 minutos con un proyecto real.
👉 https://www.tuconsultor.com/orbita/?utm_source=linkedin_alejandro&utm_medium=social&utm_campaign=orbita-ventajas&utm_content=v05a

#OrbitaPMTool #SistemasDeGestión #TuConsultor #ISO27001 #Seguridad",https://www.tuconsultor.com/social-img/orbita/V05A_linkedin.png,https://www.tuconsultor.com/orbita/,,
1282,24/01/2027,19:00,linkedin,"Tus procedimientos no viajan por WhatsApp.

Un sistema de gestión maneja información sensible: auditorías, no conformidades, datos de personas. En Orbita cada usuario ve lo suyo, cada acceso queda registrado y los datos se alojan en la Unión Europea.

Pide una demo de Orbita · PM Tool.
👉 https://www.tuconsultor.com/orbita/?utm_source=linkedin&utm_medium=social&utm_campaign=orbita-ventajas&utm_content=v05a

#OrbitaPMTool #SistemasDeGestión #TuConsultor #ISO27001 #Seguridad",https://www.tuconsultor.com/social-img/orbita/V05A_linkedin.png,https://www.tuconsultor.com/orbita/,,
1283,24/01/2027,19:00,instagram,"🔐 Tus procedimientos no viajan por WhatsApp.

Accesos por rol, trazabilidad y datos en la Unión Europea.

Pide una demo: enlace en bio.
Enlace en bio.

❤️ Gestión con corazón desde 2006.

#OrbitaPMTool #SistemasDeGestión #TuConsultor #ISO27001 #Seguridad #GestiónConCorazón #Orbita",https://www.tuconsultor.com/social-img/orbita/V05A_instagram.png,https://www.tuconsultor.com/orbita/,,
1284,25/01/2027,08:45,linkedin_alejandro,"Quién vio qué y cuándo.

La trazabilidad no es un lujo: es un requisito. En Orbita sabemos quién entró, qué vio y qué cambió. Es la misma exigencia que aplico en cada implantación de 27001.

Te lo enseño en 20 minutos con un proyecto real.
👉 https://www.tuconsultor.com/orbita/?utm_source=linkedin_alejandro&utm_medium=social&utm_campaign=orbita-ventajas&utm_content=v05b

#OrbitaPMTool #SistemasDeGestión #TuConsultor #ISO27001 #Seguridad",https://www.tuconsultor.com/social-img/orbita/V05B_linkedin.png,https://www.tuconsultor.com/orbita/,,
1285,25/01/2027,19:00,linkedin,"Quién vio qué y cuándo.

Orbita registra entradas, accesos y cambios en el sistema. Es lo que piden la ISO 27001 y el ENS, y lo que necesitas para saber que la documentación del sistema está bajo control.

Pide una demo de Orbita · PM Tool.
👉 https://www.tuconsultor.com/orbita/?utm_source=linkedin&utm_medium=social&utm_campaign=orbita-ventajas&utm_content=v05b

#OrbitaPMTool #SistemasDeGestión #TuConsultor #ISO27001 #Seguridad",https://www.tuconsultor.com/social-img/orbita/V05B_linkedin.png,https://www.tuconsultor.com/orbita/,,
1286,25/01/2027,19:00,instagram,"🔐 Quién vio qué y cuándo.

Registro de accesos y cambios. Lo que pide la ISO 27001 y el ENS.

Pide una demo: enlace en bio.
Enlace en bio.

❤️ Gestión con corazón desde 2006.

#OrbitaPMTool #SistemasDeGestión #TuConsultor #ISO27001 #Seguridad #GestiónConCorazón #Orbita",https://www.tuconsultor.com/social-img/orbita/V05B_instagram.png,https://www.tuconsultor.com/orbita/,,
1287,26/01/2027,08:45,linkedin_alejandro,"Copias, cifrado y accesos que no dependen de nadie.

Cada vez que veo un sistema de gestión en una carpeta compartida sin control de accesos, pienso en el día que alguien lo borre sin querer. Con Orbita ese día no llega.

Te lo enseño en 20 minutos con un proyecto real.
👉 https://www.tuconsultor.com/orbita/?utm_source=linkedin_alejandro&utm_medium=social&utm_campaign=orbita-ventajas&utm_content=v05c

#OrbitaPMTool #SistemasDeGestión #TuConsultor #ISO27001 #Seguridad",https://www.tuconsultor.com/social-img/orbita/V05C_linkedin.png,https://www.tuconsultor.com/orbita/,,
1288,26/01/2027,19:00,linkedin,"Copias, cifrado y accesos que no dependen de nadie.

La carpeta compartida no tiene copias de seguridad verificadas ni control de accesos real. Orbita corre sobre infraestructura profesional en la UE, con copias, cifrado en tránsito y en reposo y accesos por rol.

Pide una demo de Orbita · PM Tool.
👉 https://www.tuconsultor.com/orbita/?utm_source=linkedin&utm_medium=social&utm_campaign=orbita-ventajas&utm_content=v05c

#OrbitaPMTool #SistemasDeGestión #TuConsultor #ISO27001 #Seguridad",https://www.tuconsultor.com/social-img/orbita/V05C_linkedin.png,https://www.tuconsultor.com/orbita/,,
1289,26/01/2027,19:00,instagram,"🔐 Copias, cifrado y accesos que no dependen de nadie.

Infraestructura profesional, no una carpeta compartida.

Pide una demo: enlace en bio.
Enlace en bio.

❤️ Gestión con corazón desde 2006.

#OrbitaPMTool #SistemasDeGestión #TuConsultor #ISO27001 #Seguridad #GestiónConCorazón #Orbita",https://www.tuconsultor.com/social-img/orbita/V05C_instagram.png,https://www.tuconsultor.com/orbita/,,
1290,27/01/2027,08:45,linkedin_alejandro,"Preguntas al sistema. Respuestas al momento.

Mis clientes me hacían las mismas preguntas una y otra vez. Ahora se las hacen al portal y la respuesta sale de su propia documentación. Yo me quedo para lo que aporta valor.

Te lo enseño en 20 minutos con un proyecto real.
👉 https://www.tuconsultor.com/orbita/?utm_source=linkedin_alejandro&utm_medium=social&utm_campaign=orbita-ventajas&utm_content=v06a

#OrbitaPMTool #SistemasDeGestión #TuConsultor #IA #Consultoría",https://www.tuconsultor.com/social-img/orbita/V06A_linkedin.png,https://www.tuconsultor.com/orbita/,,
1291,27/01/2027,19:00,linkedin,"Preguntas al sistema. Respuestas al momento.

«¿Qué dice nuestro procedimiento de compras?» «¿Qué me toca antes de la auditoría?» En Orbita las respuestas salen de tu propia documentación, al instante, sin esperar al consultor ni buscar en carpetas.

Pide una demo de Orbita · PM Tool.
👉 https://www.tuconsultor.com/orbita/?utm_source=linkedin&utm_medium=social&utm_campaign=orbita-ventajas&utm_content=v06a

#OrbitaPMTool #SistemasDeGestión #TuConsultor #IA #Consultoría",https://www.tuconsultor.com/social-img/orbita/V06A_linkedin.png,https://www.tuconsultor.com/orbita/,,
1292,27/01/2027,19:00,instagram,"⚡ Preguntas al sistema. Respuestas al momento.

La documentación de tu ISO responde: qué dice el procedimiento, qué toca ahora.

Pide una demo: enlace en bio.
Enlace en bio.

❤️ Gestión con corazón desde 2006.

#OrbitaPMTool #SistemasDeGestión #TuConsultor #IA #Consultoría #GestiónConCorazón #Orbita",https://www.tuconsultor.com/social-img/orbita/V06A_instagram.png,https://www.tuconsultor.com/orbita/,,
1293,28/01/2027,08:45,linkedin_alejandro,"Sin esperar al correo del consultor.

Odiaba ser el cuello de botella de mis clientes. Con Orbita las dudas del día a día se resuelven al momento y con referencia al procedimiento. Yo entro cuando hace falta criterio, no para buscar un párrafo.

Te lo enseño en 20 minutos con un proyecto real.
👉 https://www.tuconsultor.com/orbita/?utm_source=linkedin_alejandro&utm_medium=social&utm_campaign=orbita-ventajas&utm_content=v06b

#OrbitaPMTool #SistemasDeGestión #TuConsultor #IA #Consultoría",https://www.tuconsultor.com/social-img/orbita/V06B_linkedin.png,https://www.tuconsultor.com/orbita/,,
1294,28/01/2027,19:00,linkedin,"Sin esperar al correo del consultor.

Una duda del sistema no puede esperar tres días a que el consultor conteste el correo. En Orbita la respuesta es inmediata y cita el procedimiento: si hace falta más, el consultor entra en el mismo hilo.

Pide una demo de Orbita · PM Tool.
👉 https://www.tuconsultor.com/orbita/?utm_source=linkedin&utm_medium=social&utm_campaign=orbita-ventajas&utm_content=v06b

#OrbitaPMTool #SistemasDeGestión #TuConsultor #IA #Consultoría",https://www.tuconsultor.com/social-img/orbita/V06B_linkedin.png,https://www.tuconsultor.com/orbita/,,
1295,28/01/2027,19:00,instagram,"⚡ Sin esperar al correo del consultor.

Dudas resueltas en el portal, con la referencia al procedimiento.

Pide una demo: enlace en bio.
Enlace en bio.

❤️ Gestión con corazón desde 2006.

#OrbitaPMTool #SistemasDeGestión #TuConsultor #IA #Consultoría #GestiónConCorazón #Orbita",https://www.tuconsultor.com/social-img/orbita/V06B_instagram.png,https://www.tuconsultor.com/orbita/,,
1296,29/01/2027,08:45,linkedin_alejandro,"La auditoría empieza cuando tú quieras.

Preparar una auditoría era una semana de nervios. Con Orbita mis clientes se hacen las preguntas del auditor antes, con sus propios datos, y llegan tranquilos.

Te lo enseño en 20 minutos con un proyecto real.
👉 https://www.tuconsultor.com/orbita/?utm_source=linkedin_alejandro&utm_medium=social&utm_campaign=orbita-ventajas&utm_content=v06c

#OrbitaPMTool #SistemasDeGestión #TuConsultor #IA #Consultoría",https://www.tuconsultor.com/social-img/orbita/V06C_linkedin.png,https://www.tuconsultor.com/orbita/,,
1297,29/01/2027,19:00,linkedin,"La auditoría empieza cuando tú quieras.

Antes de la auditoría, pregunta al portal lo que preguntaría el auditor. Orbita responde con tu documentación y te dice dónde hay hueco. Llegas sabiendo qué van a encontrar.

Pide una demo de Orbita · PM Tool.
👉 https://www.tuconsultor.com/orbita/?utm_source=linkedin&utm_medium=social&utm_campaign=orbita-ventajas&utm_content=v06c

#OrbitaPMTool #SistemasDeGestión #TuConsultor #IA #Consultoría",https://www.tuconsultor.com/social-img/orbita/V06C_linkedin.png,https://www.tuconsultor.com/orbita/,,
1298,29/01/2027,19:00,instagram,"⚡ La auditoría empieza cuando tú quieras.

Simula preguntas del auditor y comprueba las respuestas con tu documentación.

Pide una demo: enlace en bio.
Enlace en bio.

❤️ Gestión con corazón desde 2006.

#OrbitaPMTool #SistemasDeGestión #TuConsultor #IA #Consultoría #GestiónConCorazón #Orbita",https://www.tuconsultor.com/social-img/orbita/V06C_instagram.png,https://www.tuconsultor.com/orbita/,,
1299,30/01/2027,08:45,linkedin_alejandro,"Tus indicadores, en tiempo real.

Ver es la mitad del control. En Orbita cada cliente tiene su dashboard: indicadores, tareas y auditorías en vivo. Y yo veo lo mismo, así que no hace falta preguntar.

Te lo enseño en 20 minutos con un proyecto real.
👉 https://www.tuconsultor.com/orbita/?utm_source=linkedin_alejandro&utm_medium=social&utm_campaign=orbita-ventajas&utm_content=v07a

#OrbitaPMTool #SistemasDeGestión #TuConsultor #Dashboard #Dirección",https://www.tuconsultor.com/social-img/orbita/V07A_linkedin.png,https://www.tuconsultor.com/orbita/,,
1300,30/01/2027,19:00,linkedin,"Tus indicadores, en tiempo real.

Un sistema de gestión sin indicadores a la vista es un archivo. En Orbita el dashboard muestra objetivos, no conformidades abiertas, tareas pendientes y próximas auditorías, actualizado según se trabaja.

Pide una demo de Orbita · PM Tool.
👉 https://www.tuconsultor.com/orbita/?utm_source=linkedin&utm_medium=social&utm_campaign=orbita-ventajas&utm_content=v07a

#OrbitaPMTool #SistemasDeGestión #TuConsultor #Dashboard #Dirección",https://www.tuconsultor.com/social-img/orbita/V07A_linkedin.png,https://www.tuconsultor.com/orbita/,,
1301,30/01/2027,19:00,instagram,"📊 Tus indicadores, en tiempo real.

Objetivos, no conformidades, tareas y auditorías en una pantalla.

Pide una demo: enlace en bio.
Enlace en bio.

❤️ Gestión con corazón desde 2006.

#OrbitaPMTool #SistemasDeGestión #TuConsultor #Dashboard #Dirección #GestiónConCorazón #Orbita",https://www.tuconsultor.com/social-img/orbita/V07A_instagram.png,https://www.tuconsultor.com/orbita/,,
1302,31/01/2027,08:45,linkedin_alejandro,"El comité de dirección sin preparar el Excel.

La revisión por la dirección es el momento más útil del sistema y el peor preparado. Con Orbita los datos ya están; dedicamos la reunión a decidir. Eso cambia la conversación con la dirección.

Te lo enseño en 20 minutos con un proyecto real.
👉 https://www.tuconsultor.com/orbita/?utm_source=linkedin_alejandro&utm_medium=social&utm_campaign=orbita-ventajas&utm_content=v07b

#OrbitaPMTool #SistemasDeGestión #TuConsultor #Dashboard #Dirección",https://www.tuconsultor.com/social-img/orbita/V07B_linkedin.png,https://www.tuconsultor.com/orbita/,,
1303,31/01/2027,19:00,linkedin,"El comité de dirección sin preparar el Excel.

La revisión por la dirección no debería empezar con dos semanas de recopilar datos. En Orbita los indicadores del sistema están siempre al día: la reunión es para decidir, no para reunir.

Pide una demo de Orbita · PM Tool.
👉 https://www.tuconsultor.com/orbita/?utm_source=linkedin&utm_medium=social&utm_campaign=orbita-ventajas&utm_content=v07b

#OrbitaPMTool #SistemasDeGestión #TuConsultor #Dashboard #Dirección",https://www.tuconsultor.com/social-img/orbita/V07B_linkedin.png,https://www.tuconsultor.com/orbita/,,
1304,31/01/2027,19:00,instagram,"📊 El comité de dirección sin preparar el Excel.

Los datos de la revisión por la dirección ya están en el portal.

Pide una demo: enlace en bio.
Enlace en bio.

❤️ Gestión con corazón desde 2006.

#OrbitaPMTool #SistemasDeGestión #TuConsultor #Dashboard #Dirección #GestiónConCorazón #Orbita",https://www.tuconsultor.com/social-img/orbita/V07B_instagram.png,https://www.tuconsultor.com/orbita/,,
1305,01/02/2027,08:45,linkedin_alejandro,"Un semáforo por proceso. Sin sorpresas.

Un dashboard no es para mirar números: es para no llevarse sorpresas. En Orbita el semáforo por proceso avisa antes de que el problema llegue a la auditoría.

Te lo enseño en 20 minutos con un proyecto real.
👉 https://www.tuconsultor.com/orbita/?utm_source=linkedin_alejandro&utm_medium=social&utm_campaign=orbita-ventajas&utm_content=v07c

#OrbitaPMTool #SistemasDeGestión #TuConsultor #Dashboard #Dirección",https://www.tuconsultor.com/social-img/orbita/V07C_linkedin.png,https://www.tuconsultor.com/orbita/,,
1306,01/02/2027,19:00,linkedin,"Un semáforo por proceso. Sin sorpresas.

En Orbita cada proceso y cada proyecto tienen su estado: al día, en riesgo o retrasado. La dirección ve el sistema completo de un vistazo y decide con datos, no con sensaciones.

Pide una demo de Orbita · PM Tool.
👉 https://www.tuconsultor.com/orbita/?utm_source=linkedin&utm_medium=social&utm_campaign=orbita-ventajas&utm_content=v07c

#OrbitaPMTool #SistemasDeGestión #TuConsultor #Dashboard #Dirección",https://www.tuconsultor.com/social-img/orbita/V07C_linkedin.png,https://www.tuconsultor.com/orbita/,,
1307,01/02/2027,19:00,instagram,"📊 Un semáforo por proceso. Sin sorpresas.

Qué va bien, qué se retrasa y qué necesita decisión. A un vistazo.

Pide una demo: enlace en bio.
Enlace en bio.

❤️ Gestión con corazón desde 2006.

#OrbitaPMTool #SistemasDeGestión #TuConsultor #Dashboard #Dirección #GestiónConCorazón #Orbita",https://www.tuconsultor.com/social-img/orbita/V07C_instagram.png,https://www.tuconsultor.com/orbita/,,
1308,02/02/2027,08:45,linkedin_alejandro,"La documentación del sistema, disponible 24/7.

La documentación del sistema no puede depender de que alguien esté en la oficina. En Orbita está siempre disponible, con la versión vigente. Es lo mínimo para un sistema que dice estar vivo.

Te lo enseño en 20 minutos con un proyecto real.
👉 https://www.tuconsultor.com/orbita/?utm_source=linkedin_alejandro&utm_medium=social&utm_campaign=orbita-ventajas&utm_content=v08a

#OrbitaPMTool #SistemasDeGestión #TuConsultor #Documentación #Auditoría",https://www.tuconsultor.com/social-img/orbita/V08A_linkedin.png,https://www.tuconsultor.com/orbita/,,
1309,02/02/2027,19:00,linkedin,"La documentación del sistema, disponible 24/7.

El auditor llega a las 8 y el responsable está de viaje. Da igual: en Orbita la documentación del sistema está disponible las 24 horas, con la versión vigente y su historial. Sin pedir nada a nadie.

Pide una demo de Orbita · PM Tool.
👉 https://www.tuconsultor.com/orbita/?utm_source=linkedin&utm_medium=social&utm_campaign=orbita-ventajas&utm_content=v08a

#OrbitaPMTool #SistemasDeGestión #TuConsultor #Documentación #Auditoría",https://www.tuconsultor.com/social-img/orbita/V08A_linkedin.png,https://www.tuconsultor.com/orbita/,,
1310,02/02/2027,19:00,instagram,"🗂️ La documentación del sistema, disponible 24/7.

Procedimientos, registros y evidencias. A cualquier hora, desde cualquier sitio.

Pide una demo: enlace en bio.
Enlace en bio.

❤️ Gestión con corazón desde 2006.

#OrbitaPMTool #SistemasDeGestión #TuConsultor #Documentación #Auditoría #GestiónConCorazón #Orbita",https://www.tuconsultor.com/social-img/orbita/V08A_instagram.png,https://www.tuconsultor.com/orbita/,,
1311,03/02/2027,08:45,linkedin_alejandro,"Un solo lugar para cada documento.

La pregunta «¿cuál es la versión buena?» desaparece con Orbita. Hay una, está en el portal y se puede consultar a cualquier hora. Parece poco; cambia la auditoría entera.

Te lo enseño en 20 minutos con un proyecto real.
👉 https://www.tuconsultor.com/orbita/?utm_source=linkedin_alejandro&utm_medium=social&utm_campaign=orbita-ventajas&utm_content=v08b

#OrbitaPMTool #SistemasDeGestión #TuConsultor #Documentación #Auditoría",https://www.tuconsultor.com/social-img/orbita/V08B_linkedin.png,https://www.tuconsultor.com/orbita/,,
1312,03/02/2027,19:00,linkedin,"Un solo lugar para cada documento.

En Orbita cada documento tiene un lugar, un estado y un historial. La copia que alguien guardó en su escritorio deja de ser un riesgo porque nadie la necesita.

Pide una demo de Orbita · PM Tool.
👉 https://www.tuconsultor.com/orbita/?utm_source=linkedin&utm_medium=social&utm_campaign=orbita-ventajas&utm_content=v08b

#OrbitaPMTool #SistemasDeGestión #TuConsultor #Documentación #Auditoría",https://www.tuconsultor.com/social-img/orbita/V08B_linkedin.png,https://www.tuconsultor.com/orbita/,,
1313,03/02/2027,19:00,instagram,"🗂️ Un solo lugar para cada documento.

Sin copias en el escritorio ni versiones en el correo.

Pide una demo: enlace en bio.
Enlace en bio.

❤️ Gestión con corazón desde 2006.

#OrbitaPMTool #SistemasDeGestión #TuConsultor #Documentación #Auditoría #GestiónConCorazón #Orbita",https://www.tuconsultor.com/social-img/orbita/V08B_instagram.png,https://www.tuconsultor.com/orbita/,,
1314,04/02/2027,08:45,linkedin_alejandro,"Evidencias con fecha, no capturas en el móvil.

He visto auditorías salvadas con capturas de un móvil. Con Orbita las evidencias están en su sitio, con fecha y responsable. La diferencia entre aprobar y demostrar.

Te lo enseño en 20 minutos con un proyecto real.
👉 https://www.tuconsultor.com/orbita/?utm_source=linkedin_alejandro&utm_medium=social&utm_campaign=orbita-ventajas&utm_content=v08c

#OrbitaPMTool #SistemasDeGestión #TuConsultor #Documentación #Auditoría",https://www.tuconsultor.com/social-img/orbita/V08C_linkedin.png,https://www.tuconsultor.com/orbita/,,
1315,04/02/2027,19:00,linkedin,"Evidencias con fecha, no capturas en el móvil.

Las evidencias del sistema en Orbita cuelgan del proceso y de la tarea: quién, cuándo y qué. Cuando el auditor pide la prueba, está donde debe estar, no en el carrete de un teléfono.

Pide una demo de Orbita · PM Tool.
👉 https://www.tuconsultor.com/orbita/?utm_source=linkedin&utm_medium=social&utm_campaign=orbita-ventajas&utm_content=v08c

#OrbitaPMTool #SistemasDeGestión #TuConsultor #Documentación #Auditoría",https://www.tuconsultor.com/social-img/orbita/V08C_linkedin.png,https://www.tuconsultor.com/orbita/,,
1316,04/02/2027,19:00,instagram,"🗂️ Evidencias con fecha, no capturas en el móvil.

Cada registro en su proceso, con quién y cuándo. Listo para auditar.

Pide una demo: enlace en bio.
Enlace en bio.

❤️ Gestión con corazón desde 2006.

#OrbitaPMTool #SistemasDeGestión #TuConsultor #Documentación #Auditoría #GestiónConCorazón #Orbita",https://www.tuconsultor.com/social-img/orbita/V08C_instagram.png,https://www.tuconsultor.com/orbita/,,
1317,05/02/2027,08:45,linkedin_alejandro,"Respuesta 24/7. También un domingo.

No prometo estar disponible un domingo a las once. Prometo que mis clientes tendrán respuesta: el portal contesta con su documentación y yo retomo el lunes con criterio. Eso es 24/7 de verdad.

Te lo enseño en 20 minutos con un proyecto real.
👉 https://www.tuconsultor.com/orbita/?utm_source=linkedin_alejandro&utm_medium=social&utm_campaign=orbita-ventajas&utm_content=v09a

#OrbitaPMTool #SistemasDeGestión #TuConsultor #Soporte #Disponibilidad",https://www.tuconsultor.com/social-img/orbita/V09A_linkedin.png,https://www.tuconsultor.com/orbita/,,
1318,05/02/2027,19:00,linkedin,"Respuesta 24/7. También un domingo.

Las dudas no esperan al lunes. En Orbita el portal responde a cualquier hora con tu documentación y el consultor retoma en horario. Siempre hay respuesta; luego, si hace falta, criterio.

Pide una demo de Orbita · PM Tool.
👉 https://www.tuconsultor.com/orbita/?utm_source=linkedin&utm_medium=social&utm_campaign=orbita-ventajas&utm_content=v09a

#OrbitaPMTool #SistemasDeGestión #TuConsultor #Soporte #Disponibilidad",https://www.tuconsultor.com/social-img/orbita/V09A_linkedin.png,https://www.tuconsultor.com/orbita/,,
1319,05/02/2027,19:00,instagram,"🕐 Respuesta 24/7. También un domingo.

El portal contesta siempre; el consultor, en horario. Nunca te quedas sin respuesta.

Pide una demo: enlace en bio.
Enlace en bio.

❤️ Gestión con corazón desde 2006.

#OrbitaPMTool #SistemasDeGestión #TuConsultor #Soporte #Disponibilidad #GestiónConCorazón #Orbita",https://www.tuconsultor.com/social-img/orbita/V09A_instagram.png,https://www.tuconsultor.com/orbita/,,
1320,06/02/2027,08:45,linkedin_alejandro,"Soporte dentro del portal. No un teléfono que nadie coge.

El soporte a un cliente no puede ser un correo perdido. En Orbita cada petición tiene número, estado y responsable. Yo lo veo y el cliente también.

Te lo enseño en 20 minutos con un proyecto real.
👉 https://www.tuconsultor.com/orbita/?utm_source=linkedin_alejandro&utm_medium=social&utm_campaign=orbita-ventajas&utm_content=v09b

#OrbitaPMTool #SistemasDeGestión #TuConsultor #Soporte #Disponibilidad",https://www.tuconsultor.com/social-img/orbita/V09B_linkedin.png,https://www.tuconsultor.com/orbita/,,
1321,06/02/2027,19:00,linkedin,"Soporte dentro del portal. No un teléfono que nadie coge.

En Orbita el soporte está dentro: cada consulta o incidencia queda registrada, con estado y responsable. Sabes que se ha recibido y sabes en qué punto está.

Pide una demo de Orbita · PM Tool.
👉 https://www.tuconsultor.com/orbita/?utm_source=linkedin&utm_medium=social&utm_campaign=orbita-ventajas&utm_content=v09b

#OrbitaPMTool #SistemasDeGestión #TuConsultor #Soporte #Disponibilidad",https://www.tuconsultor.com/social-img/orbita/V09B_linkedin.png,https://www.tuconsultor.com/orbita/,,
1322,06/02/2027,19:00,instagram,"🕐 Soporte dentro del portal. No un teléfono que nadie coge.

Consulta, incidencia o petición: queda registrada y con seguimiento.

Pide una demo: enlace en bio.
Enlace en bio.

❤️ Gestión con corazón desde 2006.

#OrbitaPMTool #SistemasDeGestión #TuConsultor #Soporte #Disponibilidad #GestiónConCorazón #Orbita",https://www.tuconsultor.com/social-img/orbita/V09B_instagram.png,https://www.tuconsultor.com/orbita/,,
1323,07/02/2027,08:45,linkedin_alejandro,"Antes de la auditoría, a la hora que sea.

Sé que la víspera de una auditoría se trabaja hasta tarde. Por eso Orbita responde a cualquier hora con la documentación del cliente. Y yo llego a la auditoría sabiendo qué se ha consultado.

Te lo enseño en 20 minutos con un proyecto real.
👉 https://www.tuconsultor.com/orbita/?utm_source=linkedin_alejandro&utm_medium=social&utm_campaign=orbita-ventajas&utm_content=v09c

#OrbitaPMTool #SistemasDeGestión #TuConsultor #Soporte #Disponibilidad",https://www.tuconsultor.com/social-img/orbita/V09C_linkedin.png,https://www.tuconsultor.com/orbita/,,
1324,07/02/2027,19:00,linkedin,"Antes de la auditoría, a la hora que sea.

El día antes de la auditoría siempre surge algo. En Orbita el portal responde con tu documentación a cualquier hora y el equipo de TuConsultor está al tanto. Nadie llega solo a la auditoría.

Pide una demo de Orbita · PM Tool.
👉 https://www.tuconsultor.com/orbita/?utm_source=linkedin&utm_medium=social&utm_campaign=orbita-ventajas&utm_content=v09c

#OrbitaPMTool #SistemasDeGestión #TuConsultor #Soporte #Disponibilidad",https://www.tuconsultor.com/social-img/orbita/V09C_linkedin.png,https://www.tuconsultor.com/orbita/,,
1325,07/02/2027,19:00,instagram,"🕐 Antes de la auditoría, a la hora que sea.

El día previo no tiene horario. El portal tampoco.

Pide una demo: enlace en bio.
Enlace en bio.

❤️ Gestión con corazón desde 2006.

#OrbitaPMTool #SistemasDeGestión #TuConsultor #Soporte #Disponibilidad #GestiónConCorazón #Orbita",https://www.tuconsultor.com/social-img/orbita/V09C_instagram.png,https://www.tuconsultor.com/orbita/,,
1326,08/02/2027,08:45,linkedin_alejandro,"Desde el móvil, desde la planta, desde la auditoría.

Un sistema que solo se consulta desde el despacho de calidad no es un sistema. Orbita se abre en el móvil de quien está en planta. Ahí es donde el sistema se cumple o no.

Te lo enseño en 20 minutos con un proyecto real.
👉 https://www.tuconsultor.com/orbita/?utm_source=linkedin_alejandro&utm_medium=social&utm_campaign=orbita-ventajas&utm_content=v10a

#OrbitaPMTool #SistemasDeGestión #TuConsultor #Accesibilidad #Móvil",https://www.tuconsultor.com/social-img/orbita/V10A_linkedin.png,https://www.tuconsultor.com/orbita/,,
1327,08/02/2027,19:00,linkedin,"Desde el móvil, desde la planta, desde la auditoría.

Un sistema de gestión se usa donde pasa el trabajo: en planta, en obra, en la visita del auditor. Orbita es web, se abre en el móvil y no requiere instalación. Accesible para todo el equipo, no solo para calidad.

Pide una demo de Orbita · PM Tool.
👉 https://www.tuconsultor.com/orbita/?utm_source=linkedin&utm_medium=social&utm_campaign=orbita-ventajas&utm_content=v10a

#OrbitaPMTool #SistemasDeGestión #TuConsultor #Accesibilidad #Móvil",https://www.tuconsultor.com/social-img/orbita/V10A_linkedin.png,https://www.tuconsultor.com/orbita/,,
1328,08/02/2027,19:00,instagram,"📱 Desde el móvil, desde la planta, desde la auditoría.

Orbita funciona donde estés. Sin instalar nada.

Pide una demo: enlace en bio.
Enlace en bio.

❤️ Gestión con corazón desde 2006.

#OrbitaPMTool #SistemasDeGestión #TuConsultor #Accesibilidad #Móvil #GestiónConCorazón #Orbita",https://www.tuconsultor.com/social-img/orbita/V10A_instagram.png,https://www.tuconsultor.com/orbita/,,
1329,09/02/2027,08:45,linkedin_alejandro,"Para el equipo, el cliente y el auditor.

El sistema deja de ser «cosa de calidad» cuando cada persona ve lo suyo en el mismo portal. En Orbita el operario, la dirección y el auditor entran por la misma puerta, cada uno a su sitio.

Te lo enseño en 20 minutos con un proyecto real.
👉 https://www.tuconsultor.com/orbita/?utm_source=linkedin_alejandro&utm_medium=social&utm_campaign=orbita-ventajas&utm_content=v10b

#OrbitaPMTool #SistemasDeGestión #TuConsultor #Accesibilidad #Móvil",https://www.tuconsultor.com/social-img/orbita/V10B_linkedin.png,https://www.tuconsultor.com/orbita/,,
1330,09/02/2027,19:00,linkedin,"Para el equipo, el cliente y el auditor.

Orbita es hiperaccesible porque no es solo para calidad: el equipo ve sus tareas, la dirección su dashboard, el consultor el plan y el auditor las evidencias. Cada rol con su acceso, todos en el mismo sitio.

Pide una demo de Orbita · PM Tool.
👉 https://www.tuconsultor.com/orbita/?utm_source=linkedin&utm_medium=social&utm_campaign=orbita-ventajas&utm_content=v10b

#OrbitaPMTool #SistemasDeGestión #TuConsultor #Accesibilidad #Móvil",https://www.tuconsultor.com/social-img/orbita/V10B_linkedin.png,https://www.tuconsultor.com/orbita/,,
1331,09/02/2027,19:00,instagram,"📱 Para el equipo, el cliente y el auditor.

Cada uno con su acceso y su vista. Todos en el mismo portal.

Pide una demo: enlace en bio.
Enlace en bio.

❤️ Gestión con corazón desde 2006.

#OrbitaPMTool #SistemasDeGestión #TuConsultor #Accesibilidad #Móvil #GestiónConCorazón #Orbita",https://www.tuconsultor.com/social-img/orbita/V10B_instagram.png,https://www.tuconsultor.com/orbita/,,
1332,10/02/2027,08:45,linkedin_alejandro,"Accesible también para quien no ve, no oye o no puede.

Trabajo con entidades del ámbito social y de la discapacidad. No podía ofrecerles un portal que excluyera a parte de su equipo. Orbita cumple accesibilidad web: el sistema es de todos.

Te lo enseño en 20 minutos con un proyecto real.
👉 https://www.tuconsultor.com/orbita/?utm_source=linkedin_alejandro&utm_medium=social&utm_campaign=orbita-ventajas&utm_content=v10c

#OrbitaPMTool #SistemasDeGestión #TuConsultor #Accesibilidad #Móvil",https://www.tuconsultor.com/social-img/orbita/V10C_linkedin.png,https://www.tuconsultor.com/orbita/,,
1333,10/02/2027,19:00,linkedin,"Accesible también para quien no ve, no oye o no puede.

Hiperaccesible también significa accesible: Orbita está diseñado para usarse con lector de pantalla, con teclado y con contraste alto. Un sistema de gestión para toda la plantilla, sin excepciones.

Pide una demo de Orbita · PM Tool.
👉 https://www.tuconsultor.com/orbita/?utm_source=linkedin&utm_medium=social&utm_campaign=orbita-ventajas&utm_content=v10c

#OrbitaPMTool #SistemasDeGestión #TuConsultor #Accesibilidad #Móvil",https://www.tuconsultor.com/social-img/orbita/V10C_linkedin.png,https://www.tuconsultor.com/orbita/,,
1334,10/02/2027,19:00,instagram,"📱 Accesible también para quien no ve, no oye o no puede.

Orbita cumple accesibilidad web. El sistema es de todos.

Pide una demo: enlace en bio.
Enlace en bio.

❤️ Gestión con corazón desde 2006.

#OrbitaPMTool #SistemasDeGestión #TuConsultor #Accesibilidad #Móvil #GestiónConCorazón #Orbita",https://www.tuconsultor.com/social-img/orbita/V10C_instagram.png,https://www.tuconsultor.com/orbita/,,
1335,11/02/2027,08:45,linkedin_alejandro,"Las normas y los procesos en un solo portal.

Llevo veinte años viendo sistemas de gestión repartidos en carpetas, correos y cabezas. Por eso construimos Orbita: un solo portal donde están las normas, los procesos, las tareas y las evidencias. Ahora trabajo así con todos mis clientes.

Si te suena, hablamos.
👉 https://www.tuconsultor.com/orbita/?utm_source=linkedin_alejandro&utm_medium=social&utm_campaign=orbita-ventajas&utm_content=v01a

#OrbitaPMTool #SistemasDeGestión #TuConsultor #PortalÚnico #ISO9001",https://www.tuconsultor.com/social-img/orbita/V01A_linkedin.png,https://www.tuconsultor.com/orbita/,,
1336,11/02/2027,19:00,linkedin,"Las normas y los procesos en un solo portal.

La calidad en un Excel, los proyectos en otro, los procedimientos en una carpeta y el consultor por correo. Así no se gestiona: se sobrevive. Orbita junta las normas y los procesos en un solo portal, con el consultor y el cliente dentro.

Así trabajamos ahora con nuestros clientes.
👉 https://www.tuconsultor.com/orbita/?utm_source=linkedin&utm_medium=social&utm_campaign=orbita-ventajas&utm_content=v01a

#OrbitaPMTool #SistemasDeGestión #TuConsultor #PortalÚnico #ISO9001",https://www.tuconsultor.com/social-img/orbita/V01A_linkedin.png,https://www.tuconsultor.com/orbita/,,
1337,11/02/2027,19:00,instagram,"🧭 Las normas y los procesos en un solo portal.

ISO, procesos, tareas, evidencias y equipo. Un sitio. Orbita · PM Tool.

Un portal. Todo dentro.
Enlace en bio.

❤️ Gestión con corazón desde 2006.

#OrbitaPMTool #SistemasDeGestión #TuConsultor #PortalÚnico #ISO9001 #GestiónConCorazón #Orbita",https://www.tuconsultor.com/social-img/orbita/V01A_instagram.png,https://www.tuconsultor.com/orbita/,,
1338,12/02/2027,08:45,linkedin_alejandro,"Un portal. Todas tus normas, todos tus procesos.

Cuando una empresa suma su segunda norma, lo normal es que duplique papeles. En Orbita no: las normas comparten los mismos procesos y las mismas evidencias. Menos trabajo, más control. Es lo que llevo años defendiendo.

Si te suena, hablamos.
👉 https://www.tuconsultor.com/orbita/?utm_source=linkedin_alejandro&utm_medium=social&utm_campaign=orbita-ventajas&utm_content=v01b

#OrbitaPMTool #SistemasDeGestión #TuConsultor #PortalÚnico #ISO9001",https://www.tuconsultor.com/social-img/orbita/V01B_linkedin.png,https://www.tuconsultor.com/orbita/,,
1339,12/02/2027,19:00,linkedin,"Un portal. Todas tus normas, todos tus procesos.

Cada norma que añades no puede ser otra carpeta y otro responsable. En Orbita las normas comparten procesos, tareas y evidencias: una integración de verdad, no una pestaña más.

Así trabajamos ahora con nuestros clientes.
👉 https://www.tuconsultor.com/orbita/?utm_source=linkedin&utm_medium=social&utm_campaign=orbita-ventajas&utm_content=v01b

#OrbitaPMTool #SistemasDeGestión #TuConsultor #PortalÚnico #ISO9001",https://www.tuconsultor.com/social-img/orbita/V01B_linkedin.png,https://www.tuconsultor.com/orbita/,,
1340,12/02/2027,19:00,instagram,"🧭 Un portal. Todas tus normas, todos tus procesos.

9001, 14001, 27001, 45001… y los procesos que las sostienen. Juntos.

Un portal. Todo dentro.
Enlace en bio.

❤️ Gestión con corazón desde 2006.

#OrbitaPMTool #SistemasDeGestión #TuConsultor #PortalÚnico #ISO9001 #GestiónConCorazón #Orbita",https://www.tuconsultor.com/social-img/orbita/V01B_instagram.png,https://www.tuconsultor.com/orbita/,,
1341,13/02/2027,08:45,linkedin_alejandro,"Lo que no está en el portal, no existe.

Mi regla con los clientes es sencilla: lo que no está en Orbita no existe. Suena duro y es lo que más tranquilidad da. Una versión, la vigente, y todos mirando lo mismo.

Si te suena, hablamos.
👉 https://www.tuconsultor.com/orbita/?utm_source=linkedin_alejandro&utm_medium=social&utm_campaign=orbita-ventajas&utm_content=v01c

#OrbitaPMTool #SistemasDeGestión #TuConsultor #PortalÚnico #ISO9001",https://www.tuconsultor.com/social-img/orbita/V01C_linkedin.png,https://www.tuconsultor.com/orbita/,,
1342,13/02/2027,19:00,linkedin,"Lo que no está en el portal, no existe.

La versión buena del procedimiento está en el portátil de alguien. En Orbita hay una versión: la vigente, con su historial. Tu equipo, tu consultor y tu auditor miran la misma pantalla.

Así trabajamos ahora con nuestros clientes.
👉 https://www.tuconsultor.com/orbita/?utm_source=linkedin&utm_medium=social&utm_campaign=orbita-ventajas&utm_content=v01c

#OrbitaPMTool #SistemasDeGestión #TuConsultor #PortalÚnico #ISO9001",https://www.tuconsultor.com/social-img/orbita/V01C_linkedin.png,https://www.tuconsultor.com/orbita/,,
1343,13/02/2027,19:00,instagram,"🧭 Lo que no está en el portal, no existe.

Y eso es exactamente lo que quieres: una sola versión, la vigente.

Un portal. Todo dentro.
Enlace en bio.

❤️ Gestión con corazón desde 2006.

#OrbitaPMTool #SistemasDeGestión #TuConsultor #PortalÚnico #ISO9001 #GestiónConCorazón #Orbita",https://www.tuconsultor.com/social-img/orbita/V01C_instagram.png,https://www.tuconsultor.com/orbita/,,
1344,14/02/2027,08:45,linkedin_alejandro,"Tu sistema de gestión no depende de una persona.

He visto sistemas de calidad desaparecer con una baja o un cambio de puesto. Con Orbita eso no pasa: el sistema está en el portal, no en una persona. Es la diferencia entre tener un sistema y tener a alguien que se lo sabe.

Si te suena, hablamos.
👉 https://www.tuconsultor.com/orbita/?utm_source=linkedin_alejandro&utm_medium=social&utm_campaign=orbita-ventajas&utm_content=v02a

#OrbitaPMTool #SistemasDeGestión #TuConsultor #Continuidad #Equipo",https://www.tuconsultor.com/social-img/orbita/V02A_linkedin.png,https://www.tuconsultor.com/orbita/,,
1345,14/02/2027,19:00,linkedin,"Tu sistema de gestión no depende de una persona.

El sistema ISO de muchas empresas vive en la cabeza de una persona. Cuando esa persona se va, se va el sistema. En Orbita, procesos, tareas, evidencias e historial están en el portal: quien llegue continúa donde lo dejó el anterior.

Así trabajamos ahora con nuestros clientes.
👉 https://www.tuconsultor.com/orbita/?utm_source=linkedin&utm_medium=social&utm_campaign=orbita-ventajas&utm_content=v02a

#OrbitaPMTool #SistemasDeGestión #TuConsultor #Continuidad #Equipo",https://www.tuconsultor.com/social-img/orbita/V02A_linkedin.png,https://www.tuconsultor.com/orbita/,,
1346,14/02/2027,19:00,instagram,"🧩 Tu sistema de gestión no depende de una persona.

Si el responsable de calidad se va, el sistema se queda.

Un portal. Todo dentro.
Enlace en bio.

❤️ Gestión con corazón desde 2006.

#OrbitaPMTool #SistemasDeGestión #TuConsultor #Continuidad #Equipo #GestiónConCorazón #Orbita",https://www.tuconsultor.com/social-img/orbita/V02A_instagram.png,https://www.tuconsultor.com/orbita/,,
1347,15/02/2027,08:45,linkedin_alejandro,"Vacaciones, bajas, cambios. El sistema sigue.

Agosto es la prueba de fuego de un sistema de gestión. En Orbita, las tareas del sistema tienen dueño y sustituto, y el consultor las ve. Cuando vuelve el equipo, no hay que reconstruir nada.

Si te suena, hablamos.
👉 https://www.tuconsultor.com/orbita/?utm_source=linkedin_alejandro&utm_medium=social&utm_campaign=orbita-ventajas&utm_content=v02b

#OrbitaPMTool #SistemasDeGestión #TuConsultor #Continuidad #Equipo",https://www.tuconsultor.com/social-img/orbita/V02B_linkedin.png,https://www.tuconsultor.com/orbita/,,
1348,15/02/2027,19:00,linkedin,"Vacaciones, bajas, cambios. El sistema sigue.

En Orbita cada tarea tiene responsable, plazo y evidencia. Si alguien falta, se reasigna y sigue. La auditoría no espera a que vuelva nadie de vacaciones, y tu sistema tampoco.

Así trabajamos ahora con nuestros clientes.
👉 https://www.tuconsultor.com/orbita/?utm_source=linkedin&utm_medium=social&utm_campaign=orbita-ventajas&utm_content=v02b

#OrbitaPMTool #SistemasDeGestión #TuConsultor #Continuidad #Equipo",https://www.tuconsultor.com/social-img/orbita/V02B_linkedin.png,https://www.tuconsultor.com/orbita/,,
1349,15/02/2027,19:00,instagram,"🧩 Vacaciones, bajas, cambios. El sistema sigue.

Tareas con dueño, plazos y sustituto. Nada se para.

Un portal. Todo dentro.
Enlace en bio.

❤️ Gestión con corazón desde 2006.

#OrbitaPMTool #SistemasDeGestión #TuConsultor #Continuidad #Equipo #GestiónConCorazón #Orbita",https://www.tuconsultor.com/social-img/orbita/V02B_instagram.png,https://www.tuconsultor.com/orbita/,,
1350,16/02/2027,08:45,linkedin_alejandro,"El conocimiento del sistema es de la empresa.

Como consultor, mi trabajo es que el cliente no me necesite para saber cómo funciona su sistema. Orbita lo hace posible: todo lo que hacemos juntos queda en su portal, no en mis notas.

Si te suena, hablamos.
👉 https://www.tuconsultor.com/orbita/?utm_source=linkedin_alejandro&utm_medium=social&utm_campaign=orbita-ventajas&utm_content=v02c

#OrbitaPMTool #SistemasDeGestión #TuConsultor #Continuidad #Equipo",https://www.tuconsultor.com/social-img/orbita/V02C_linkedin.png,https://www.tuconsultor.com/orbita/,,
1351,16/02/2027,19:00,linkedin,"El conocimiento del sistema es de la empresa.

Cuando el sistema está en Orbita, el conocimiento se queda en la empresa: qué se hizo, por qué, con qué evidencia. Cambie quien cambie, el hilo no se rompe.

Así trabajamos ahora con nuestros clientes.
👉 https://www.tuconsultor.com/orbita/?utm_source=linkedin&utm_medium=social&utm_campaign=orbita-ventajas&utm_content=v02c

#OrbitaPMTool #SistemasDeGestión #TuConsultor #Continuidad #Equipo",https://www.tuconsultor.com/social-img/orbita/V02C_linkedin.png,https://www.tuconsultor.com/orbita/,,
1352,16/02/2027,19:00,instagram,"🧩 El conocimiento del sistema es de la empresa.

No del consultor. No del responsable. De la organización.

Un portal. Todo dentro.
Enlace en bio.

❤️ Gestión con corazón desde 2006.

#OrbitaPMTool #SistemasDeGestión #TuConsultor #Continuidad #Equipo #GestiónConCorazón #Orbita",https://www.tuconsultor.com/social-img/orbita/V02C_instagram.png,https://www.tuconsultor.com/orbita/,,
1353,17/02/2027,08:45,linkedin_alejandro,"Siempre atendido. No una visita al mes.

Ya no trabajo a golpe de visita mensual. Estoy dentro del portal de cada cliente, veo lo que avanza y lo que se atasca, y actúo antes de que sea un problema. Siempre atendido no es un eslogan: es el modelo.

Si te suena, hablamos.
👉 https://www.tuconsultor.com/orbita/?utm_source=linkedin_alejandro&utm_medium=social&utm_campaign=orbita-ventajas&utm_content=v03a

#OrbitaPMTool #SistemasDeGestión #TuConsultor #Consultoría #Acompañamiento",https://www.tuconsultor.com/social-img/orbita/V03A_linkedin.png,https://www.tuconsultor.com/orbita/,,
1354,17/02/2027,19:00,linkedin,"Siempre atendido. No una visita al mes.

La consultoría clásica es una visita mensual y un correo cuando hay prisa. En Orbita el consultor está dentro del portal: ve las tareas, contesta las dudas y programa el trabajo semana a semana. Acompañamiento de verdad, no presencia.

Así trabajamos ahora con nuestros clientes.
👉 https://www.tuconsultor.com/orbita/?utm_source=linkedin&utm_medium=social&utm_campaign=orbita-ventajas&utm_content=v03a

#OrbitaPMTool #SistemasDeGestión #TuConsultor #Consultoría #Acompañamiento",https://www.tuconsultor.com/social-img/orbita/V03A_linkedin.png,https://www.tuconsultor.com/orbita/,,
1355,17/02/2027,19:00,instagram,"🤝 Siempre atendido. No una visita al mes.

Tu consultor dentro del portal, cada semana, no solo antes de la auditoría.

Un portal. Todo dentro.
Enlace en bio.

❤️ Gestión con corazón desde 2006.

#OrbitaPMTool #SistemasDeGestión #TuConsultor #Consultoría #Acompañamiento #GestiónConCorazón #Orbita",https://www.tuconsultor.com/social-img/orbita/V03A_instagram.png,https://www.tuconsultor.com/orbita/,,
1356,18/02/2027,08:45,linkedin_alejandro,"Cada tarea del sistema tiene a alguien detrás.

Lo que más agradecen mis clientes de Orbita no es la tecnología: es saber quién de mi equipo se ocupa de cada cosa y cuándo. Eso es estar atendido.

Si te suena, hablamos.
👉 https://www.tuconsultor.com/orbita/?utm_source=linkedin_alejandro&utm_medium=social&utm_campaign=orbita-ventajas&utm_content=v03b

#OrbitaPMTool #SistemasDeGestión #TuConsultor #Consultoría #Acompañamiento",https://www.tuconsultor.com/social-img/orbita/V03B_linkedin.png,https://www.tuconsultor.com/orbita/,,
1357,18/02/2027,19:00,linkedin,"Cada tarea del sistema tiene a alguien detrás.

En Orbita cada proyecto tiene su consultor y cada tarea su sesión programada. El cliente ve quién viene, cuándo y a qué. Sin perseguir a nadie por correo.

Así trabajamos ahora con nuestros clientes.
👉 https://www.tuconsultor.com/orbita/?utm_source=linkedin&utm_medium=social&utm_campaign=orbita-ventajas&utm_content=v03b

#OrbitaPMTool #SistemasDeGestión #TuConsultor #Consultoría #Acompañamiento",https://www.tuconsultor.com/social-img/orbita/V03B_linkedin.png,https://www.tuconsultor.com/orbita/,,
1358,18/02/2027,19:00,instagram,"🤝 Cada tarea del sistema tiene a alguien detrás.

Consultor asignado, agenda compartida y seguimiento en el portal.

Un portal. Todo dentro.
Enlace en bio.

❤️ Gestión con corazón desde 2006.

#OrbitaPMTool #SistemasDeGestión #TuConsultor #Consultoría #Acompañamiento #GestiónConCorazón #Orbita",https://www.tuconsultor.com/social-img/orbita/V03B_instagram.png,https://www.tuconsultor.com/orbita/,,
1359,19/02/2027,08:45,linkedin_alejandro,"Relación, Implicación o Compromiso.

Hay clientes que quieren que les acompañe y clientes que quieren que me ocupe. Por eso Orbita tiene tres modelos: Relación, Implicación y Compromiso. Elige el tuyo y el portal se adapta.

Si te suena, hablamos.
👉 https://www.tuconsultor.com/orbita/?utm_source=linkedin_alejandro&utm_medium=social&utm_campaign=orbita-ventajas&utm_content=v03c

#OrbitaPMTool #SistemasDeGestión #TuConsultor #Consultoría #Acompañamiento",https://www.tuconsultor.com/social-img/orbita/V03C_linkedin.png,https://www.tuconsultor.com/orbita/,,
1360,19/02/2027,19:00,linkedin,"Relación, Implicación o Compromiso.

No todas las empresas necesitan lo mismo. En Orbita trabajamos con tres modelos: Relación (te acompañamos), Implicación (lo hacemos contigo) y Compromiso (lo llevamos por ti). El portal es el mismo; cambia cuánto hacemos nosotros.

Así trabajamos ahora con nuestros clientes.
👉 https://www.tuconsultor.com/orbita/?utm_source=linkedin&utm_medium=social&utm_campaign=orbita-ventajas&utm_content=v03c

#OrbitaPMTool #SistemasDeGestión #TuConsultor #Consultoría #Acompañamiento",https://www.tuconsultor.com/social-img/orbita/V03C_linkedin.png,https://www.tuconsultor.com/orbita/,,
1361,19/02/2027,19:00,instagram,"🤝 Relación, Implicación o Compromiso.

Tres modelos de acompañamiento. Tú eliges cuánto nos metemos.

Un portal. Todo dentro.
Enlace en bio.

❤️ Gestión con corazón desde 2006.

#OrbitaPMTool #SistemasDeGestión #TuConsultor #Consultoría #Acompañamiento #GestiónConCorazón #Orbita",https://www.tuconsultor.com/social-img/orbita/V03C_instagram.png,https://www.tuconsultor.com/orbita/,,
1362,20/02/2027,08:45,linkedin_alejandro,"Diez años de sistema en un solo hilo.

Lo primero que pide un auditor es el hilo: qué pasó el año pasado y qué hicisteis. En Orbita el hilo está entero, con fecha y evidencia. Es el legado del sistema, y es de la empresa.

Si te suena, hablamos.
👉 https://www.tuconsultor.com/orbita/?utm_source=linkedin_alejandro&utm_medium=social&utm_campaign=orbita-ventajas&utm_content=v04a

#OrbitaPMTool #SistemasDeGestión #TuConsultor #Legado #Conocimiento",https://www.tuconsultor.com/social-img/orbita/V04A_linkedin.png,https://www.tuconsultor.com/orbita/,,
1363,20/02/2027,19:00,linkedin,"Diez años de sistema en un solo hilo.

Un sistema de gestión es su historia: qué falló, qué se decidió, qué se cambió. En Orbita ese legado está ordenado por proyecto y por proceso, con fecha, autor y evidencia. Nada se pierde entre versiones de carpeta.

Así trabajamos ahora con nuestros clientes.
👉 https://www.tuconsultor.com/orbita/?utm_source=linkedin&utm_medium=social&utm_campaign=orbita-ventajas&utm_content=v04a

#OrbitaPMTool #SistemasDeGestión #TuConsultor #Legado #Conocimiento",https://www.tuconsultor.com/social-img/orbita/V04A_linkedin.png,https://www.tuconsultor.com/orbita/,,
1364,20/02/2027,19:00,instagram,"📚 Diez años de sistema en un solo hilo.

Auditorías, no conformidades, cambios y decisiones. Con fecha y evidencia.

Un portal. Todo dentro.
Enlace en bio.

❤️ Gestión con corazón desde 2006.

#OrbitaPMTool #SistemasDeGestión #TuConsultor #Legado #Conocimiento #GestiónConCorazón #Orbita",https://www.tuconsultor.com/social-img/orbita/V04A_instagram.png,https://www.tuconsultor.com/orbita/,,
1365,21/02/2027,08:45,linkedin_alejandro,"La no conformidad de 2024 y lo que hiciste con ella.

Una no conformidad bien cerrada es la mejor prueba de que el sistema funciona. Con Orbita queda el ciclo completo: hallazgo, causa, acción y eficacia. Eso es gestionar el legado.

Si te suena, hablamos.
👉 https://www.tuconsultor.com/orbita/?utm_source=linkedin_alejandro&utm_medium=social&utm_campaign=orbita-ventajas&utm_content=v04b

#OrbitaPMTool #SistemasDeGestión #TuConsultor #Legado #Conocimiento",https://www.tuconsultor.com/social-img/orbita/V04B_linkedin.png,https://www.tuconsultor.com/orbita/,,
1366,21/02/2027,19:00,linkedin,"La no conformidad de 2024 y lo que hiciste con ella.

En Orbita cada hallazgo lleva su análisis, su acción y su verificación de eficacia. Cuando el auditor pregunte por la no conformidad de hace dos años, la respuesta está en el portal, no en la memoria de nadie.

Así trabajamos ahora con nuestros clientes.
👉 https://www.tuconsultor.com/orbita/?utm_source=linkedin&utm_medium=social&utm_campaign=orbita-ventajas&utm_content=v04b

#OrbitaPMTool #SistemasDeGestión #TuConsultor #Legado #Conocimiento",https://www.tuconsultor.com/social-img/orbita/V04B_linkedin.png,https://www.tuconsultor.com/orbita/,,
1367,21/02/2027,19:00,instagram,"📚 La no conformidad de 2024 y lo que hiciste con ella.

En el portal, a dos clics. No en un correo de hace dos años.

Un portal. Todo dentro.
Enlace en bio.

❤️ Gestión con corazón desde 2006.

#OrbitaPMTool #SistemasDeGestión #TuConsultor #Legado #Conocimiento #GestiónConCorazón #Orbita",https://www.tuconsultor.com/social-img/orbita/V04B_instagram.png,https://www.tuconsultor.com/orbita/,,
1368,22/02/2027,08:45,linkedin_alejandro,"Cambiar de consultor sin empezar de cero.

Sé que suena raro viniendo de un consultor: con Orbita puedes cambiar de consultor sin perder nada. El sistema, con todo su historial, es de la empresa. Así debería ser siempre.

Si te suena, hablamos.
👉 https://www.tuconsultor.com/orbita/?utm_source=linkedin_alejandro&utm_medium=social&utm_campaign=orbita-ventajas&utm_content=v04c

#OrbitaPMTool #SistemasDeGestión #TuConsultor #Legado #Conocimiento",https://www.tuconsultor.com/social-img/orbita/V04C_linkedin.png,https://www.tuconsultor.com/orbita/,,
1369,22/02/2027,19:00,linkedin,"Cambiar de consultor sin empezar de cero.

Con Orbita el sistema es tuyo: si cambia el consultor, el nuevo entra en el portal y continúa. Sin rehacer procedimientos, sin reconstruir el historial.

Así trabajamos ahora con nuestros clientes.
👉 https://www.tuconsultor.com/orbita/?utm_source=linkedin&utm_medium=social&utm_campaign=orbita-ventajas&utm_content=v04c

#OrbitaPMTool #SistemasDeGestión #TuConsultor #Legado #Conocimiento",https://www.tuconsultor.com/social-img/orbita/V04C_linkedin.png,https://www.tuconsultor.com/orbita/,,
1370,22/02/2027,19:00,instagram,"📚 Cambiar de consultor sin empezar de cero.

El sistema, sus decisiones y sus evidencias siguen en tu portal.

Un portal. Todo dentro.
Enlace en bio.

❤️ Gestión con corazón desde 2006.

#OrbitaPMTool #SistemasDeGestión #TuConsultor #Legado #Conocimiento #GestiónConCorazón #Orbita",https://www.tuconsultor.com/social-img/orbita/V04C_instagram.png,https://www.tuconsultor.com/orbita/,,
1371,23/02/2027,08:45,linkedin_alejandro,"Tus procedimientos no viajan por WhatsApp.

Como consultor de ISO 27001 y ENS no podía ofrecer a mis clientes un portal que no cumpliera lo que yo exijo en las auditorías. Orbita tiene accesos por rol, registro de accesos y datos en la UE.

Si te suena, hablamos.
👉 https://www.tuconsultor.com/orbita/?utm_source=linkedin_alejandro&utm_medium=social&utm_campaign=orbita-ventajas&utm_content=v05a

#OrbitaPMTool #SistemasDeGestión #TuConsultor #ISO27001 #Seguridad",https://www.tuconsultor.com/social-img/orbita/V05A_linkedin.png,https://www.tuconsultor.com/orbita/,,
1372,23/02/2027,19:00,linkedin,"Tus procedimientos no viajan por WhatsApp.

Un sistema de gestión maneja información sensible: auditorías, no conformidades, datos de personas. En Orbita cada usuario ve lo suyo, cada acceso queda registrado y los datos se alojan en la Unión Europea.

Así trabajamos ahora con nuestros clientes.
👉 https://www.tuconsultor.com/orbita/?utm_source=linkedin&utm_medium=social&utm_campaign=orbita-ventajas&utm_content=v05a

#OrbitaPMTool #SistemasDeGestión #TuConsultor #ISO27001 #Seguridad",https://www.tuconsultor.com/social-img/orbita/V05A_linkedin.png,https://www.tuconsultor.com/orbita/,,
1373,23/02/2027,19:00,instagram,"🔐 Tus procedimientos no viajan por WhatsApp.

Accesos por rol, trazabilidad y datos en la Unión Europea.

Un portal. Todo dentro.
Enlace en bio.

❤️ Gestión con corazón desde 2006.

#OrbitaPMTool #SistemasDeGestión #TuConsultor #ISO27001 #Seguridad #GestiónConCorazón #Orbita",https://www.tuconsultor.com/social-img/orbita/V05A_instagram.png,https://www.tuconsultor.com/orbita/,,
1374,24/02/2027,08:45,linkedin_alejandro,"Quién vio qué y cuándo.

La trazabilidad no es un lujo: es un requisito. En Orbita sabemos quién entró, qué vio y qué cambió. Es la misma exigencia que aplico en cada implantación de 27001.

Si te suena, hablamos.
👉 https://www.tuconsultor.com/orbita/?utm_source=linkedin_alejandro&utm_medium=social&utm_campaign=orbita-ventajas&utm_content=v05b

#OrbitaPMTool #SistemasDeGestión #TuConsultor #ISO27001 #Seguridad",https://www.tuconsultor.com/social-img/orbita/V05B_linkedin.png,https://www.tuconsultor.com/orbita/,,
1375,24/02/2027,19:00,linkedin,"Quién vio qué y cuándo.

Orbita registra entradas, accesos y cambios en el sistema. Es lo que piden la ISO 27001 y el ENS, y lo que necesitas para saber que la documentación del sistema está bajo control.

Así trabajamos ahora con nuestros clientes.
👉 https://www.tuconsultor.com/orbita/?utm_source=linkedin&utm_medium=social&utm_campaign=orbita-ventajas&utm_content=v05b

#OrbitaPMTool #SistemasDeGestión #TuConsultor #ISO27001 #Seguridad",https://www.tuconsultor.com/social-img/orbita/V05B_linkedin.png,https://www.tuconsultor.com/orbita/,,
1376,24/02/2027,19:00,instagram,"🔐 Quién vio qué y cuándo.

Registro de accesos y cambios. Lo que pide la ISO 27001 y el ENS.

Un portal. Todo dentro.
Enlace en bio.

❤️ Gestión con corazón desde 2006.

#OrbitaPMTool #SistemasDeGestión #TuConsultor #ISO27001 #Seguridad #GestiónConCorazón #Orbita",https://www.tuconsultor.com/social-img/orbita/V05B_instagram.png,https://www.tuconsultor.com/orbita/,,
1377,25/02/2027,08:45,linkedin_alejandro,"Copias, cifrado y accesos que no dependen de nadie.

Cada vez que veo un sistema de gestión en una carpeta compartida sin control de accesos, pienso en el día que alguien lo borre sin querer. Con Orbita ese día no llega.

Si te suena, hablamos.
👉 https://www.tuconsultor.com/orbita/?utm_source=linkedin_alejandro&utm_medium=social&utm_campaign=orbita-ventajas&utm_content=v05c

#OrbitaPMTool #SistemasDeGestión #TuConsultor #ISO27001 #Seguridad",https://www.tuconsultor.com/social-img/orbita/V05C_linkedin.png,https://www.tuconsultor.com/orbita/,,
1378,25/02/2027,19:00,linkedin,"Copias, cifrado y accesos que no dependen de nadie.

La carpeta compartida no tiene copias de seguridad verificadas ni control de accesos real. Orbita corre sobre infraestructura profesional en la UE, con copias, cifrado en tránsito y en reposo y accesos por rol.

Así trabajamos ahora con nuestros clientes.
👉 https://www.tuconsultor.com/orbita/?utm_source=linkedin&utm_medium=social&utm_campaign=orbita-ventajas&utm_content=v05c

#OrbitaPMTool #SistemasDeGestión #TuConsultor #ISO27001 #Seguridad",https://www.tuconsultor.com/social-img/orbita/V05C_linkedin.png,https://www.tuconsultor.com/orbita/,,
1379,25/02/2027,19:00,instagram,"🔐 Copias, cifrado y accesos que no dependen de nadie.

Infraestructura profesional, no una carpeta compartida.

Un portal. Todo dentro.
Enlace en bio.

❤️ Gestión con corazón desde 2006.

#OrbitaPMTool #SistemasDeGestión #TuConsultor #ISO27001 #Seguridad #GestiónConCorazón #Orbita",https://www.tuconsultor.com/social-img/orbita/V05C_instagram.png,https://www.tuconsultor.com/orbita/,,
1380,26/02/2027,08:45,linkedin_alejandro,"Preguntas al sistema. Respuestas al momento.

Mis clientes me hacían las mismas preguntas una y otra vez. Ahora se las hacen al portal y la respuesta sale de su propia documentación. Yo me quedo para lo que aporta valor.

Si te suena, hablamos.
👉 https://www.tuconsultor.com/orbita/?utm_source=linkedin_alejandro&utm_medium=social&utm_campaign=orbita-ventajas&utm_content=v06a

#OrbitaPMTool #SistemasDeGestión #TuConsultor #IA #Consultoría",https://www.tuconsultor.com/social-img/orbita/V06A_linkedin.png,https://www.tuconsultor.com/orbita/,,
1381,26/02/2027,19:00,linkedin,"Preguntas al sistema. Respuestas al momento.

«¿Qué dice nuestro procedimiento de compras?» «¿Qué me toca antes de la auditoría?» En Orbita las respuestas salen de tu propia documentación, al instante, sin esperar al consultor ni buscar en carpetas.

Así trabajamos ahora con nuestros clientes.
👉 https://www.tuconsultor.com/orbita/?utm_source=linkedin&utm_medium=social&utm_campaign=orbita-ventajas&utm_content=v06a

#OrbitaPMTool #SistemasDeGestión #TuConsultor #IA #Consultoría",https://www.tuconsultor.com/social-img/orbita/V06A_linkedin.png,https://www.tuconsultor.com/orbita/,,
1382,26/02/2027,19:00,instagram,"⚡ Preguntas al sistema. Respuestas al momento.

La documentación de tu ISO responde: qué dice el procedimiento, qué toca ahora.

Un portal. Todo dentro.
Enlace en bio.

❤️ Gestión con corazón desde 2006.

#OrbitaPMTool #SistemasDeGestión #TuConsultor #IA #Consultoría #GestiónConCorazón #Orbita",https://www.tuconsultor.com/social-img/orbita/V06A_instagram.png,https://www.tuconsultor.com/orbita/,,
1383,27/02/2027,08:45,linkedin_alejandro,"Sin esperar al correo del consultor.

Odiaba ser el cuello de botella de mis clientes. Con Orbita las dudas del día a día se resuelven al momento y con referencia al procedimiento. Yo entro cuando hace falta criterio, no para buscar un párrafo.

Si te suena, hablamos.
👉 https://www.tuconsultor.com/orbita/?utm_source=linkedin_alejandro&utm_medium=social&utm_campaign=orbita-ventajas&utm_content=v06b

#OrbitaPMTool #SistemasDeGestión #TuConsultor #IA #Consultoría",https://www.tuconsultor.com/social-img/orbita/V06B_linkedin.png,https://www.tuconsultor.com/orbita/,,
1384,27/02/2027,19:00,linkedin,"Sin esperar al correo del consultor.

Una duda del sistema no puede esperar tres días a que el consultor conteste el correo. En Orbita la respuesta es inmediata y cita el procedimiento: si hace falta más, el consultor entra en el mismo hilo.

Así trabajamos ahora con nuestros clientes.
👉 https://www.tuconsultor.com/orbita/?utm_source=linkedin&utm_medium=social&utm_campaign=orbita-ventajas&utm_content=v06b

#OrbitaPMTool #SistemasDeGestión #TuConsultor #IA #Consultoría",https://www.tuconsultor.com/social-img/orbita/V06B_linkedin.png,https://www.tuconsultor.com/orbita/,,
1385,27/02/2027,19:00,instagram,"⚡ Sin esperar al correo del consultor.

Dudas resueltas en el portal, con la referencia al procedimiento.

Un portal. Todo dentro.
Enlace en bio.

❤️ Gestión con corazón desde 2006.

#OrbitaPMTool #SistemasDeGestión #TuConsultor #IA #Consultoría #GestiónConCorazón #Orbita",https://www.tuconsultor.com/social-img/orbita/V06B_instagram.png,https://www.tuconsultor.com/orbita/,,
1386,28/02/2027,08:45,linkedin_alejandro,"La auditoría empieza cuando tú quieras.

Preparar una auditoría era una semana de nervios. Con Orbita mis clientes se hacen las preguntas del auditor antes, con sus propios datos, y llegan tranquilos.

Si te suena, hablamos.
👉 https://www.tuconsultor.com/orbita/?utm_source=linkedin_alejandro&utm_medium=social&utm_campaign=orbita-ventajas&utm_content=v06c

#OrbitaPMTool #SistemasDeGestión #TuConsultor #IA #Consultoría",https://www.tuconsultor.com/social-img/orbita/V06C_linkedin.png,https://www.tuconsultor.com/orbita/,,
1387,28/02/2027,19:00,linkedin,"La auditoría empieza cuando tú quieras.

Antes de la auditoría, pregunta al portal lo que preguntaría el auditor. Orbita responde con tu documentación y te dice dónde hay hueco. Llegas sabiendo qué van a encontrar.

Así trabajamos ahora con nuestros clientes.
👉 https://www.tuconsultor.com/orbita/?utm_source=linkedin&utm_medium=social&utm_campaign=orbita-ventajas&utm_content=v06c

#OrbitaPMTool #SistemasDeGestión #TuConsultor #IA #Consultoría",https://www.tuconsultor.com/social-img/orbita/V06C_linkedin.png,https://www.tuconsultor.com/orbita/,,
1388,28/02/2027,19:00,instagram,"⚡ La auditoría empieza cuando tú quieras.

Simula preguntas del auditor y comprueba las respuestas con tu documentación.

Un portal. Todo dentro.
Enlace en bio.

❤️ Gestión con corazón desde 2006.

#OrbitaPMTool #SistemasDeGestión #TuConsultor #IA #Consultoría #GestiónConCorazón #Orbita",https://www.tuconsultor.com/social-img/orbita/V06C_instagram.png,https://www.tuconsultor.com/orbita/,,
1389,01/03/2027,08:45,linkedin_alejandro,"Tus indicadores, en tiempo real.

Ver es la mitad del control. En Orbita cada cliente tiene su dashboard: indicadores, tareas y auditorías en vivo. Y yo veo lo mismo, así que no hace falta preguntar.

Si te suena, hablamos.
👉 https://www.tuconsultor.com/orbita/?utm_source=linkedin_alejandro&utm_medium=social&utm_campaign=orbita-ventajas&utm_content=v07a

#OrbitaPMTool #SistemasDeGestión #TuConsultor #Dashboard #Dirección",https://www.tuconsultor.com/social-img/orbita/V07A_linkedin.png,https://www.tuconsultor.com/orbita/,,
1390,01/03/2027,19:00,linkedin,"Tus indicadores, en tiempo real.

Un sistema de gestión sin indicadores a la vista es un archivo. En Orbita el dashboard muestra objetivos, no conformidades abiertas, tareas pendientes y próximas auditorías, actualizado según se trabaja.

Así trabajamos ahora con nuestros clientes.
👉 https://www.tuconsultor.com/orbita/?utm_source=linkedin&utm_medium=social&utm_campaign=orbita-ventajas&utm_content=v07a

#OrbitaPMTool #SistemasDeGestión #TuConsultor #Dashboard #Dirección",https://www.tuconsultor.com/social-img/orbita/V07A_linkedin.png,https://www.tuconsultor.com/orbita/,,
1391,01/03/2027,19:00,instagram,"📊 Tus indicadores, en tiempo real.

Objetivos, no conformidades, tareas y auditorías en una pantalla.

Un portal. Todo dentro.
Enlace en bio.

❤️ Gestión con corazón desde 2006.

#OrbitaPMTool #SistemasDeGestión #TuConsultor #Dashboard #Dirección #GestiónConCorazón #Orbita",https://www.tuconsultor.com/social-img/orbita/V07A_instagram.png,https://www.tuconsultor.com/orbita/,,
1392,02/03/2027,08:45,linkedin_alejandro,"El comité de dirección sin preparar el Excel.

La revisión por la dirección es el momento más útil del sistema y el peor preparado. Con Orbita los datos ya están; dedicamos la reunión a decidir. Eso cambia la conversación con la dirección.

Si te suena, hablamos.
👉 https://www.tuconsultor.com/orbita/?utm_source=linkedin_alejandro&utm_medium=social&utm_campaign=orbita-ventajas&utm_content=v07b

#OrbitaPMTool #SistemasDeGestión #TuConsultor #Dashboard #Dirección",https://www.tuconsultor.com/social-img/orbita/V07B_linkedin.png,https://www.tuconsultor.com/orbita/,,
1393,02/03/2027,19:00,linkedin,"El comité de dirección sin preparar el Excel.

La revisión por la dirección no debería empezar con dos semanas de recopilar datos. En Orbita los indicadores del sistema están siempre al día: la reunión es para decidir, no para reunir.

Así trabajamos ahora con nuestros clientes.
👉 https://www.tuconsultor.com/orbita/?utm_source=linkedin&utm_medium=social&utm_campaign=orbita-ventajas&utm_content=v07b

#OrbitaPMTool #SistemasDeGestión #TuConsultor #Dashboard #Dirección",https://www.tuconsultor.com/social-img/orbita/V07B_linkedin.png,https://www.tuconsultor.com/orbita/,,
1394,02/03/2027,19:00,instagram,"📊 El comité de dirección sin preparar el Excel.

Los datos de la revisión por la dirección ya están en el portal.

Un portal. Todo dentro.
Enlace en bio.

❤️ Gestión con corazón desde 2006.

#OrbitaPMTool #SistemasDeGestión #TuConsultor #Dashboard #Dirección #GestiónConCorazón #Orbita",https://www.tuconsultor.com/social-img/orbita/V07B_instagram.png,https://www.tuconsultor.com/orbita/,,
1395,03/03/2027,08:45,linkedin_alejandro,"Un semáforo por proceso. Sin sorpresas.

Un dashboard no es para mirar números: es para no llevarse sorpresas. En Orbita el semáforo por proceso avisa antes de que el problema llegue a la auditoría.

Si te suena, hablamos.
👉 https://www.tuconsultor.com/orbita/?utm_source=linkedin_alejandro&utm_medium=social&utm_campaign=orbita-ventajas&utm_content=v07c

#OrbitaPMTool #SistemasDeGestión #TuConsultor #Dashboard #Dirección",https://www.tuconsultor.com/social-img/orbita/V07C_linkedin.png,https://www.tuconsultor.com/orbita/,,
1396,03/03/2027,19:00,linkedin,"Un semáforo por proceso. Sin sorpresas.

En Orbita cada proceso y cada proyecto tienen su estado: al día, en riesgo o retrasado. La dirección ve el sistema completo de un vistazo y decide con datos, no con sensaciones.

Así trabajamos ahora con nuestros clientes.
👉 https://www.tuconsultor.com/orbita/?utm_source=linkedin&utm_medium=social&utm_campaign=orbita-ventajas&utm_content=v07c

#OrbitaPMTool #SistemasDeGestión #TuConsultor #Dashboard #Dirección",https://www.tuconsultor.com/social-img/orbita/V07C_linkedin.png,https://www.tuconsultor.com/orbita/,,
1397,03/03/2027,19:00,instagram,"📊 Un semáforo por proceso. Sin sorpresas.

Qué va bien, qué se retrasa y qué necesita decisión. A un vistazo.

Un portal. Todo dentro.
Enlace en bio.

❤️ Gestión con corazón desde 2006.

#OrbitaPMTool #SistemasDeGestión #TuConsultor #Dashboard #Dirección #GestiónConCorazón #Orbita",https://www.tuconsultor.com/social-img/orbita/V07C_instagram.png,https://www.tuconsultor.com/orbita/,,
1398,04/03/2027,08:45,linkedin_alejandro,"La documentación del sistema, disponible 24/7.

La documentación del sistema no puede depender de que alguien esté en la oficina. En Orbita está siempre disponible, con la versión vigente. Es lo mínimo para un sistema que dice estar vivo.

Si te suena, hablamos.
👉 https://www.tuconsultor.com/orbita/?utm_source=linkedin_alejandro&utm_medium=social&utm_campaign=orbita-ventajas&utm_content=v08a

#OrbitaPMTool #SistemasDeGestión #TuConsultor #Documentación #Auditoría",https://www.tuconsultor.com/social-img/orbita/V08A_linkedin.png,https://www.tuconsultor.com/orbita/,,
1399,04/03/2027,19:00,linkedin,"La documentación del sistema, disponible 24/7.

El auditor llega a las 8 y el responsable está de viaje. Da igual: en Orbita la documentación del sistema está disponible las 24 horas, con la versión vigente y su historial. Sin pedir nada a nadie.

Así trabajamos ahora con nuestros clientes.
👉 https://www.tuconsultor.com/orbita/?utm_source=linkedin&utm_medium=social&utm_campaign=orbita-ventajas&utm_content=v08a

#OrbitaPMTool #SistemasDeGestión #TuConsultor #Documentación #Auditoría",https://www.tuconsultor.com/social-img/orbita/V08A_linkedin.png,https://www.tuconsultor.com/orbita/,,
1400,04/03/2027,19:00,instagram,"🗂️ La documentación del sistema, disponible 24/7.

Procedimientos, registros y evidencias. A cualquier hora, desde cualquier sitio.

Un portal. Todo dentro.
Enlace en bio.

❤️ Gestión con corazón desde 2006.

#OrbitaPMTool #SistemasDeGestión #TuConsultor #Documentación #Auditoría #GestiónConCorazón #Orbita",https://www.tuconsultor.com/social-img/orbita/V08A_instagram.png,https://www.tuconsultor.com/orbita/,,
1401,05/03/2027,08:45,linkedin_alejandro,"Un solo lugar para cada documento.

La pregunta «¿cuál es la versión buena?» desaparece con Orbita. Hay una, está en el portal y se puede consultar a cualquier hora. Parece poco; cambia la auditoría entera.

Si te suena, hablamos.
👉 https://www.tuconsultor.com/orbita/?utm_source=linkedin_alejandro&utm_medium=social&utm_campaign=orbita-ventajas&utm_content=v08b

#OrbitaPMTool #SistemasDeGestión #TuConsultor #Documentación #Auditoría",https://www.tuconsultor.com/social-img/orbita/V08B_linkedin.png,https://www.tuconsultor.com/orbita/,,
1402,05/03/2027,19:00,linkedin,"Un solo lugar para cada documento.

En Orbita cada documento tiene un lugar, un estado y un historial. La copia que alguien guardó en su escritorio deja de ser un riesgo porque nadie la necesita.

Así trabajamos ahora con nuestros clientes.
👉 https://www.tuconsultor.com/orbita/?utm_source=linkedin&utm_medium=social&utm_campaign=orbita-ventajas&utm_content=v08b

#OrbitaPMTool #SistemasDeGestión #TuConsultor #Documentación #Auditoría",https://www.tuconsultor.com/social-img/orbita/V08B_linkedin.png,https://www.tuconsultor.com/orbita/,,
1403,05/03/2027,19:00,instagram,"🗂️ Un solo lugar para cada documento.

Sin copias en el escritorio ni versiones en el correo.

Un portal. Todo dentro.
Enlace en bio.

❤️ Gestión con corazón desde 2006.

#OrbitaPMTool #SistemasDeGestión #TuConsultor #Documentación #Auditoría #GestiónConCorazón #Orbita",https://www.tuconsultor.com/social-img/orbita/V08B_instagram.png,https://www.tuconsultor.com/orbita/,,
1404,06/03/2027,08:45,linkedin_alejandro,"Evidencias con fecha, no capturas en el móvil.

He visto auditorías salvadas con capturas de un móvil. Con Orbita las evidencias están en su sitio, con fecha y responsable. La diferencia entre aprobar y demostrar.

Si te suena, hablamos.
👉 https://www.tuconsultor.com/orbita/?utm_source=linkedin_alejandro&utm_medium=social&utm_campaign=orbita-ventajas&utm_content=v08c

#OrbitaPMTool #SistemasDeGestión #TuConsultor #Documentación #Auditoría",https://www.tuconsultor.com/social-img/orbita/V08C_linkedin.png,https://www.tuconsultor.com/orbita/,,
1405,06/03/2027,19:00,linkedin,"Evidencias con fecha, no capturas en el móvil.

Las evidencias del sistema en Orbita cuelgan del proceso y de la tarea: quién, cuándo y qué. Cuando el auditor pide la prueba, está donde debe estar, no en el carrete de un teléfono.

Así trabajamos ahora con nuestros clientes.
👉 https://www.tuconsultor.com/orbita/?utm_source=linkedin&utm_medium=social&utm_campaign=orbita-ventajas&utm_content=v08c

#OrbitaPMTool #SistemasDeGestión #TuConsultor #Documentación #Auditoría",https://www.tuconsultor.com/social-img/orbita/V08C_linkedin.png,https://www.tuconsultor.com/orbita/,,
1406,06/03/2027,19:00,instagram,"🗂️ Evidencias con fecha, no capturas en el móvil.

Cada registro en su proceso, con quién y cuándo. Listo para auditar.

Un portal. Todo dentro.
Enlace en bio.

❤️ Gestión con corazón desde 2006.

#OrbitaPMTool #SistemasDeGestión #TuConsultor #Documentación #Auditoría #GestiónConCorazón #Orbita",https://www.tuconsultor.com/social-img/orbita/V08C_instagram.png,https://www.tuconsultor.com/orbita/,,
1407,07/03/2027,08:45,linkedin_alejandro,"Respuesta 24/7. También un domingo.

No prometo estar disponible un domingo a las once. Prometo que mis clientes tendrán respuesta: el portal contesta con su documentación y yo retomo el lunes con criterio. Eso es 24/7 de verdad.

Si te suena, hablamos.
👉 https://www.tuconsultor.com/orbita/?utm_source=linkedin_alejandro&utm_medium=social&utm_campaign=orbita-ventajas&utm_content=v09a

#OrbitaPMTool #SistemasDeGestión #TuConsultor #Soporte #Disponibilidad",https://www.tuconsultor.com/social-img/orbita/V09A_linkedin.png,https://www.tuconsultor.com/orbita/,,
1408,07/03/2027,19:00,linkedin,"Respuesta 24/7. También un domingo.

Las dudas no esperan al lunes. En Orbita el portal responde a cualquier hora con tu documentación y el consultor retoma en horario. Siempre hay respuesta; luego, si hace falta, criterio.

Así trabajamos ahora con nuestros clientes.
👉 https://www.tuconsultor.com/orbita/?utm_source=linkedin&utm_medium=social&utm_campaign=orbita-ventajas&utm_content=v09a

#OrbitaPMTool #SistemasDeGestión #TuConsultor #Soporte #Disponibilidad",https://www.tuconsultor.com/social-img/orbita/V09A_linkedin.png,https://www.tuconsultor.com/orbita/,,
1409,07/03/2027,19:00,instagram,"🕐 Respuesta 24/7. También un domingo.

El portal contesta siempre; el consultor, en horario. Nunca te quedas sin respuesta.

Un portal. Todo dentro.
Enlace en bio.

❤️ Gestión con corazón desde 2006.

#OrbitaPMTool #SistemasDeGestión #TuConsultor #Soporte #Disponibilidad #GestiónConCorazón #Orbita",https://www.tuconsultor.com/social-img/orbita/V09A_instagram.png,https://www.tuconsultor.com/orbita/,,
1410,08/03/2027,08:45,linkedin_alejandro,"Soporte dentro del portal. No un teléfono que nadie coge.

El soporte a un cliente no puede ser un correo perdido. En Orbita cada petición tiene número, estado y responsable. Yo lo veo y el cliente también.

Si te suena, hablamos.
👉 https://www.tuconsultor.com/orbita/?utm_source=linkedin_alejandro&utm_medium=social&utm_campaign=orbita-ventajas&utm_content=v09b

#OrbitaPMTool #SistemasDeGestión #TuConsultor #Soporte #Disponibilidad",https://www.tuconsultor.com/social-img/orbita/V09B_linkedin.png,https://www.tuconsultor.com/orbita/,,
1411,08/03/2027,19:00,linkedin,"Soporte dentro del portal. No un teléfono que nadie coge.

En Orbita el soporte está dentro: cada consulta o incidencia queda registrada, con estado y responsable. Sabes que se ha recibido y sabes en qué punto está.

Así trabajamos ahora con nuestros clientes.
👉 https://www.tuconsultor.com/orbita/?utm_source=linkedin&utm_medium=social&utm_campaign=orbita-ventajas&utm_content=v09b

#OrbitaPMTool #SistemasDeGestión #TuConsultor #Soporte #Disponibilidad",https://www.tuconsultor.com/social-img/orbita/V09B_linkedin.png,https://www.tuconsultor.com/orbita/,,
1412,08/03/2027,19:00,instagram,"🕐 Soporte dentro del portal. No un teléfono que nadie coge.

Consulta, incidencia o petición: queda registrada y con seguimiento.

Un portal. Todo dentro.
Enlace en bio.

❤️ Gestión con corazón desde 2006.

#OrbitaPMTool #SistemasDeGestión #TuConsultor #Soporte #Disponibilidad #GestiónConCorazón #Orbita",https://www.tuconsultor.com/social-img/orbita/V09B_instagram.png,https://www.tuconsultor.com/orbita/,,
1413,09/03/2027,08:45,linkedin_alejandro,"Antes de la auditoría, a la hora que sea.

Sé que la víspera de una auditoría se trabaja hasta tarde. Por eso Orbita responde a cualquier hora con la documentación del cliente. Y yo llego a la auditoría sabiendo qué se ha consultado.

Si te suena, hablamos.
👉 https://www.tuconsultor.com/orbita/?utm_source=linkedin_alejandro&utm_medium=social&utm_campaign=orbita-ventajas&utm_content=v09c

#OrbitaPMTool #SistemasDeGestión #TuConsultor #Soporte #Disponibilidad",https://www.tuconsultor.com/social-img/orbita/V09C_linkedin.png,https://www.tuconsultor.com/orbita/,,
1414,09/03/2027,19:00,linkedin,"Antes de la auditoría, a la hora que sea.

El día antes de la auditoría siempre surge algo. En Orbita el portal responde con tu documentación a cualquier hora y el equipo de TuConsultor está al tanto. Nadie llega solo a la auditoría.

Así trabajamos ahora con nuestros clientes.
👉 https://www.tuconsultor.com/orbita/?utm_source=linkedin&utm_medium=social&utm_campaign=orbita-ventajas&utm_content=v09c

#OrbitaPMTool #SistemasDeGestión #TuConsultor #Soporte #Disponibilidad",https://www.tuconsultor.com/social-img/orbita/V09C_linkedin.png,https://www.tuconsultor.com/orbita/,,
1415,09/03/2027,19:00,instagram,"🕐 Antes de la auditoría, a la hora que sea.

El día previo no tiene horario. El portal tampoco.

Un portal. Todo dentro.
Enlace en bio.

❤️ Gestión con corazón desde 2006.

#OrbitaPMTool #SistemasDeGestión #TuConsultor #Soporte #Disponibilidad #GestiónConCorazón #Orbita",https://www.tuconsultor.com/social-img/orbita/V09C_instagram.png,https://www.tuconsultor.com/orbita/,,
1416,10/03/2027,08:45,linkedin_alejandro,"Desde el móvil, desde la planta, desde la auditoría.

Un sistema que solo se consulta desde el despacho de calidad no es un sistema. Orbita se abre en el móvil de quien está en planta. Ahí es donde el sistema se cumple o no.

Si te suena, hablamos.
👉 https://www.tuconsultor.com/orbita/?utm_source=linkedin_alejandro&utm_medium=social&utm_campaign=orbita-ventajas&utm_content=v10a

#OrbitaPMTool #SistemasDeGestión #TuConsultor #Accesibilidad #Móvil",https://www.tuconsultor.com/social-img/orbita/V10A_linkedin.png,https://www.tuconsultor.com/orbita/,,
1417,10/03/2027,19:00,linkedin,"Desde el móvil, desde la planta, desde la auditoría.

Un sistema de gestión se usa donde pasa el trabajo: en planta, en obra, en la visita del auditor. Orbita es web, se abre en el móvil y no requiere instalación. Accesible para todo el equipo, no solo para calidad.

Así trabajamos ahora con nuestros clientes.
👉 https://www.tuconsultor.com/orbita/?utm_source=linkedin&utm_medium=social&utm_campaign=orbita-ventajas&utm_content=v10a

#OrbitaPMTool #SistemasDeGestión #TuConsultor #Accesibilidad #Móvil",https://www.tuconsultor.com/social-img/orbita/V10A_linkedin.png,https://www.tuconsultor.com/orbita/,,
1418,10/03/2027,19:00,instagram,"📱 Desde el móvil, desde la planta, desde la auditoría.

Orbita funciona donde estés. Sin instalar nada.

Un portal. Todo dentro.
Enlace en bio.

❤️ Gestión con corazón desde 2006.

#OrbitaPMTool #SistemasDeGestión #TuConsultor #Accesibilidad #Móvil #GestiónConCorazón #Orbita",https://www.tuconsultor.com/social-img/orbita/V10A_instagram.png,https://www.tuconsultor.com/orbita/,,
1419,11/03/2027,08:45,linkedin_alejandro,"Para el equipo, el cliente y el auditor.

El sistema deja de ser «cosa de calidad» cuando cada persona ve lo suyo en el mismo portal. En Orbita el operario, la dirección y el auditor entran por la misma puerta, cada uno a su sitio.

Si te suena, hablamos.
👉 https://www.tuconsultor.com/orbita/?utm_source=linkedin_alejandro&utm_medium=social&utm_campaign=orbita-ventajas&utm_content=v10b

#OrbitaPMTool #SistemasDeGestión #TuConsultor #Accesibilidad #Móvil",https://www.tuconsultor.com/social-img/orbita/V10B_linkedin.png,https://www.tuconsultor.com/orbita/,,
1420,11/03/2027,19:00,linkedin,"Para el equipo, el cliente y el auditor.

Orbita es hiperaccesible porque no es solo para calidad: el equipo ve sus tareas, la dirección su dashboard, el consultor el plan y el auditor las evidencias. Cada rol con su acceso, todos en el mismo sitio.

Así trabajamos ahora con nuestros clientes.
👉 https://www.tuconsultor.com/orbita/?utm_source=linkedin&utm_medium=social&utm_campaign=orbita-ventajas&utm_content=v10b

#OrbitaPMTool #SistemasDeGestión #TuConsultor #Accesibilidad #Móvil",https://www.tuconsultor.com/social-img/orbita/V10B_linkedin.png,https://www.tuconsultor.com/orbita/,,
1421,11/03/2027,19:00,instagram,"📱 Para el equipo, el cliente y el auditor.

Cada uno con su acceso y su vista. Todos en el mismo portal.

Un portal. Todo dentro.
Enlace en bio.

❤️ Gestión con corazón desde 2006.

#OrbitaPMTool #SistemasDeGestión #TuConsultor #Accesibilidad #Móvil #GestiónConCorazón #Orbita",https://www.tuconsultor.com/social-img/orbita/V10B_instagram.png,https://www.tuconsultor.com/orbita/,,
1422,12/03/2027,08:45,linkedin_alejandro,"Accesible también para quien no ve, no oye o no puede.

Trabajo con entidades del ámbito social y de la discapacidad. No podía ofrecerles un portal que excluyera a parte de su equipo. Orbita cumple accesibilidad web: el sistema es de todos.

Si te suena, hablamos.
👉 https://www.tuconsultor.com/orbita/?utm_source=linkedin_alejandro&utm_medium=social&utm_campaign=orbita-ventajas&utm_content=v10c

#OrbitaPMTool #SistemasDeGestión #TuConsultor #Accesibilidad #Móvil",https://www.tuconsultor.com/social-img/orbita/V10C_linkedin.png,https://www.tuconsultor.com/orbita/,,
1423,12/03/2027,19:00,linkedin,"Accesible también para quien no ve, no oye o no puede.

Hiperaccesible también significa accesible: Orbita está diseñado para usarse con lector de pantalla, con teclado y con contraste alto. Un sistema de gestión para toda la plantilla, sin excepciones.

Así trabajamos ahora con nuestros clientes.
👉 https://www.tuconsultor.com/orbita/?utm_source=linkedin&utm_medium=social&utm_campaign=orbita-ventajas&utm_content=v10c

#OrbitaPMTool #SistemasDeGestión #TuConsultor #Accesibilidad #Móvil",https://www.tuconsultor.com/social-img/orbita/V10C_linkedin.png,https://www.tuconsultor.com/orbita/,,
1424,12/03/2027,19:00,instagram,"📱 Accesible también para quien no ve, no oye o no puede.

Orbita cumple accesibilidad web. El sistema es de todos.

Un portal. Todo dentro.
Enlace en bio.

❤️ Gestión con corazón desde 2006.

#OrbitaPMTool #SistemasDeGestión #TuConsultor #Accesibilidad #Móvil #GestiónConCorazón #Orbita",https://www.tuconsultor.com/social-img/orbita/V10C_instagram.png,https://www.tuconsultor.com/orbita/,,
1425,13/03/2027,08:45,linkedin_alejandro,"Las normas y los procesos en un solo portal.

Llevo veinte años viendo sistemas de gestión repartidos en carpetas, correos y cabezas. Por eso construimos Orbita: un solo portal donde están las normas, los procesos, las tareas y las evidencias. Ahora trabajo así con todos mis clientes.

Si quieres verlo con tu sistema, escríbeme.
👉 https://www.tuconsultor.com/orbita/?utm_source=linkedin_alejandro&utm_medium=social&utm_campaign=orbita-ventajas&utm_content=v01a

#OrbitaPMTool #SistemasDeGestión #TuConsultor #PortalÚnico #ISO9001",https://www.tuconsultor.com/social-img/orbita/V01A_linkedin.png,https://www.tuconsultor.com/orbita/,,
1426,13/03/2027,19:00,linkedin,"Las normas y los procesos en un solo portal.

La calidad en un Excel, los proyectos en otro, los procedimientos en una carpeta y el consultor por correo. Así no se gestiona: se sobrevive. Orbita junta las normas y los procesos en un solo portal, con el consultor y el cliente dentro.

Orbita · PM Tool, el portal de gestión de TuConsultor.
👉 https://www.tuconsultor.com/orbita/?utm_source=linkedin&utm_medium=social&utm_campaign=orbita-ventajas&utm_content=v01a

#OrbitaPMTool #SistemasDeGestión #TuConsultor #PortalÚnico #ISO9001",https://www.tuconsultor.com/social-img/orbita/V01A_linkedin.png,https://www.tuconsultor.com/orbita/,,
1427,13/03/2027,19:00,instagram,"🧭 Las normas y los procesos en un solo portal.

ISO, procesos, tareas, evidencias y equipo. Un sitio. Orbita · PM Tool.

Orbita · PM Tool, el portal de gestión de TuConsultor.
Enlace en bio.

❤️ Gestión con corazón desde 2006.

#OrbitaPMTool #SistemasDeGestión #TuConsultor #PortalÚnico #ISO9001 #GestiónConCorazón #Orbita",https://www.tuconsultor.com/social-img/orbita/V01A_instagram.png,https://www.tuconsultor.com/orbita/,,
1428,14/03/2027,08:45,linkedin_alejandro,"Un portal. Todas tus normas, todos tus procesos.

Cuando una empresa suma su segunda norma, lo normal es que duplique papeles. En Orbita no: las normas comparten los mismos procesos y las mismas evidencias. Menos trabajo, más control. Es lo que llevo años defendiendo.

Si quieres verlo con tu sistema, escríbeme.
👉 https://www.tuconsultor.com/orbita/?utm_source=linkedin_alejandro&utm_medium=social&utm_campaign=orbita-ventajas&utm_content=v01b

#OrbitaPMTool #SistemasDeGestión #TuConsultor #PortalÚnico #ISO9001",https://www.tuconsultor.com/social-img/orbita/V01B_linkedin.png,https://www.tuconsultor.com/orbita/,,
1429,14/03/2027,19:00,linkedin,"Un portal. Todas tus normas, todos tus procesos.

Cada norma que añades no puede ser otra carpeta y otro responsable. En Orbita las normas comparten procesos, tareas y evidencias: una integración de verdad, no una pestaña más.

Orbita · PM Tool, el portal de gestión de TuConsultor.
👉 https://www.tuconsultor.com/orbita/?utm_source=linkedin&utm_medium=social&utm_campaign=orbita-ventajas&utm_content=v01b

#OrbitaPMTool #SistemasDeGestión #TuConsultor #PortalÚnico #ISO9001",https://www.tuconsultor.com/social-img/orbita/V01B_linkedin.png,https://www.tuconsultor.com/orbita/,,
1430,14/03/2027,19:00,instagram,"🧭 Un portal. Todas tus normas, todos tus procesos.

9001, 14001, 27001, 45001… y los procesos que las sostienen. Juntos.

Orbita · PM Tool, el portal de gestión de TuConsultor.
Enlace en bio.

❤️ Gestión con corazón desde 2006.

#OrbitaPMTool #SistemasDeGestión #TuConsultor #PortalÚnico #ISO9001 #GestiónConCorazón #Orbita",https://www.tuconsultor.com/social-img/orbita/V01B_instagram.png,https://www.tuconsultor.com/orbita/,,
1431,15/03/2027,08:45,linkedin_alejandro,"Lo que no está en el portal, no existe.

Mi regla con los clientes es sencilla: lo que no está en Orbita no existe. Suena duro y es lo que más tranquilidad da. Una versión, la vigente, y todos mirando lo mismo.

Si quieres verlo con tu sistema, escríbeme.
👉 https://www.tuconsultor.com/orbita/?utm_source=linkedin_alejandro&utm_medium=social&utm_campaign=orbita-ventajas&utm_content=v01c

#OrbitaPMTool #SistemasDeGestión #TuConsultor #PortalÚnico #ISO9001",https://www.tuconsultor.com/social-img/orbita/V01C_linkedin.png,https://www.tuconsultor.com/orbita/,,
1432,15/03/2027,19:00,linkedin,"Lo que no está en el portal, no existe.

La versión buena del procedimiento está en el portátil de alguien. En Orbita hay una versión: la vigente, con su historial. Tu equipo, tu consultor y tu auditor miran la misma pantalla.

Orbita · PM Tool, el portal de gestión de TuConsultor.
👉 https://www.tuconsultor.com/orbita/?utm_source=linkedin&utm_medium=social&utm_campaign=orbita-ventajas&utm_content=v01c

#OrbitaPMTool #SistemasDeGestión #TuConsultor #PortalÚnico #ISO9001",https://www.tuconsultor.com/social-img/orbita/V01C_linkedin.png,https://www.tuconsultor.com/orbita/,,
1433,15/03/2027,19:00,instagram,"🧭 Lo que no está en el portal, no existe.

Y eso es exactamente lo que quieres: una sola versión, la vigente.

Orbita · PM Tool, el portal de gestión de TuConsultor.
Enlace en bio.

❤️ Gestión con corazón desde 2006.

#OrbitaPMTool #SistemasDeGestión #TuConsultor #PortalÚnico #ISO9001 #GestiónConCorazón #Orbita",https://www.tuconsultor.com/social-img/orbita/V01C_instagram.png,https://www.tuconsultor.com/orbita/,,
1434,16/03/2027,08:45,linkedin_alejandro,"Tu sistema de gestión no depende de una persona.

He visto sistemas de calidad desaparecer con una baja o un cambio de puesto. Con Orbita eso no pasa: el sistema está en el portal, no en una persona. Es la diferencia entre tener un sistema y tener a alguien que se lo sabe.

Si quieres verlo con tu sistema, escríbeme.
👉 https://www.tuconsultor.com/orbita/?utm_source=linkedin_alejandro&utm_medium=social&utm_campaign=orbita-ventajas&utm_content=v02a

#OrbitaPMTool #SistemasDeGestión #TuConsultor #Continuidad #Equipo",https://www.tuconsultor.com/social-img/orbita/V02A_linkedin.png,https://www.tuconsultor.com/orbita/,,
1435,16/03/2027,19:00,linkedin,"Tu sistema de gestión no depende de una persona.

El sistema ISO de muchas empresas vive en la cabeza de una persona. Cuando esa persona se va, se va el sistema. En Orbita, procesos, tareas, evidencias e historial están en el portal: quien llegue continúa donde lo dejó el anterior.

Orbita · PM Tool, el portal de gestión de TuConsultor.
👉 https://www.tuconsultor.com/orbita/?utm_source=linkedin&utm_medium=social&utm_campaign=orbita-ventajas&utm_content=v02a

#OrbitaPMTool #SistemasDeGestión #TuConsultor #Continuidad #Equipo",https://www.tuconsultor.com/social-img/orbita/V02A_linkedin.png,https://www.tuconsultor.com/orbita/,,
1436,16/03/2027,19:00,instagram,"🧩 Tu sistema de gestión no depende de una persona.

Si el responsable de calidad se va, el sistema se queda.

Orbita · PM Tool, el portal de gestión de TuConsultor.
Enlace en bio.

❤️ Gestión con corazón desde 2006.

#OrbitaPMTool #SistemasDeGestión #TuConsultor #Continuidad #Equipo #GestiónConCorazón #Orbita",https://www.tuconsultor.com/social-img/orbita/V02A_instagram.png,https://www.tuconsultor.com/orbita/,,
1437,17/03/2027,08:45,linkedin_alejandro,"Vacaciones, bajas, cambios. El sistema sigue.

Agosto es la prueba de fuego de un sistema de gestión. En Orbita, las tareas del sistema tienen dueño y sustituto, y el consultor las ve. Cuando vuelve el equipo, no hay que reconstruir nada.

Si quieres verlo con tu sistema, escríbeme.
👉 https://www.tuconsultor.com/orbita/?utm_source=linkedin_alejandro&utm_medium=social&utm_campaign=orbita-ventajas&utm_content=v02b

#OrbitaPMTool #SistemasDeGestión #TuConsultor #Continuidad #Equipo",https://www.tuconsultor.com/social-img/orbita/V02B_linkedin.png,https://www.tuconsultor.com/orbita/,,
1438,17/03/2027,19:00,linkedin,"Vacaciones, bajas, cambios. El sistema sigue.

En Orbita cada tarea tiene responsable, plazo y evidencia. Si alguien falta, se reasigna y sigue. La auditoría no espera a que vuelva nadie de vacaciones, y tu sistema tampoco.

Orbita · PM Tool, el portal de gestión de TuConsultor.
👉 https://www.tuconsultor.com/orbita/?utm_source=linkedin&utm_medium=social&utm_campaign=orbita-ventajas&utm_content=v02b

#OrbitaPMTool #SistemasDeGestión #TuConsultor #Continuidad #Equipo",https://www.tuconsultor.com/social-img/orbita/V02B_linkedin.png,https://www.tuconsultor.com/orbita/,,
1439,17/03/2027,19:00,instagram,"🧩 Vacaciones, bajas, cambios. El sistema sigue.

Tareas con dueño, plazos y sustituto. Nada se para.

Orbita · PM Tool, el portal de gestión de TuConsultor.
Enlace en bio.

❤️ Gestión con corazón desde 2006.

#OrbitaPMTool #SistemasDeGestión #TuConsultor #Continuidad #Equipo #GestiónConCorazón #Orbita",https://www.tuconsultor.com/social-img/orbita/V02B_instagram.png,https://www.tuconsultor.com/orbita/,,
1440,18/03/2027,08:45,linkedin_alejandro,"El conocimiento del sistema es de la empresa.

Como consultor, mi trabajo es que el cliente no me necesite para saber cómo funciona su sistema. Orbita lo hace posible: todo lo que hacemos juntos queda en su portal, no en mis notas.

Si quieres verlo con tu sistema, escríbeme.
👉 https://www.tuconsultor.com/orbita/?utm_source=linkedin_alejandro&utm_medium=social&utm_campaign=orbita-ventajas&utm_content=v02c

#OrbitaPMTool #SistemasDeGestión #TuConsultor #Continuidad #Equipo",https://www.tuconsultor.com/social-img/orbita/V02C_linkedin.png,https://www.tuconsultor.com/orbita/,,
1441,18/03/2027,19:00,linkedin,"El conocimiento del sistema es de la empresa.

Cuando el sistema está en Orbita, el conocimiento se queda en la empresa: qué se hizo, por qué, con qué evidencia. Cambie quien cambie, el hilo no se rompe.

Orbita · PM Tool, el portal de gestión de TuConsultor.
👉 https://www.tuconsultor.com/orbita/?utm_source=linkedin&utm_medium=social&utm_campaign=orbita-ventajas&utm_content=v02c

#OrbitaPMTool #SistemasDeGestión #TuConsultor #Continuidad #Equipo",https://www.tuconsultor.com/social-img/orbita/V02C_linkedin.png,https://www.tuconsultor.com/orbita/,,
1442,18/03/2027,19:00,instagram,"🧩 El conocimiento del sistema es de la empresa.

No del consultor. No del responsable. De la organización.

Orbita · PM Tool, el portal de gestión de TuConsultor.
Enlace en bio.

❤️ Gestión con corazón desde 2006.

#OrbitaPMTool #SistemasDeGestión #TuConsultor #Continuidad #Equipo #GestiónConCorazón #Orbita",https://www.tuconsultor.com/social-img/orbita/V02C_instagram.png,https://www.tuconsultor.com/orbita/,,
1443,19/03/2027,08:45,linkedin_alejandro,"Siempre atendido. No una visita al mes.

Ya no trabajo a golpe de visita mensual. Estoy dentro del portal de cada cliente, veo lo que avanza y lo que se atasca, y actúo antes de que sea un problema. Siempre atendido no es un eslogan: es el modelo.

Si quieres verlo con tu sistema, escríbeme.
👉 https://www.tuconsultor.com/orbita/?utm_source=linkedin_alejandro&utm_medium=social&utm_campaign=orbita-ventajas&utm_content=v03a

#OrbitaPMTool #SistemasDeGestión #TuConsultor #Consultoría #Acompañamiento",https://www.tuconsultor.com/social-img/orbita/V03A_linkedin.png,https://www.tuconsultor.com/orbita/,,
1444,19/03/2027,19:00,linkedin,"Siempre atendido. No una visita al mes.

La consultoría clásica es una visita mensual y un correo cuando hay prisa. En Orbita el consultor está dentro del portal: ve las tareas, contesta las dudas y programa el trabajo semana a semana. Acompañamiento de verdad, no presencia.

Orbita · PM Tool, el portal de gestión de TuConsultor.
👉 https://www.tuconsultor.com/orbita/?utm_source=linkedin&utm_medium=social&utm_campaign=orbita-ventajas&utm_content=v03a

#OrbitaPMTool #SistemasDeGestión #TuConsultor #Consultoría #Acompañamiento",https://www.tuconsultor.com/social-img/orbita/V03A_linkedin.png,https://www.tuconsultor.com/orbita/,,
1445,19/03/2027,19:00,instagram,"🤝 Siempre atendido. No una visita al mes.

Tu consultor dentro del portal, cada semana, no solo antes de la auditoría.

Orbita · PM Tool, el portal de gestión de TuConsultor.
Enlace en bio.

❤️ Gestión con corazón desde 2006.

#OrbitaPMTool #SistemasDeGestión #TuConsultor #Consultoría #Acompañamiento #GestiónConCorazón #Orbita",https://www.tuconsultor.com/social-img/orbita/V03A_instagram.png,https://www.tuconsultor.com/orbita/,,
1446,20/03/2027,08:45,linkedin_alejandro,"Cada tarea del sistema tiene a alguien detrás.

Lo que más agradecen mis clientes de Orbita no es la tecnología: es saber quién de mi equipo se ocupa de cada cosa y cuándo. Eso es estar atendido.

Si quieres verlo con tu sistema, escríbeme.
👉 https://www.tuconsultor.com/orbita/?utm_source=linkedin_alejandro&utm_medium=social&utm_campaign=orbita-ventajas&utm_content=v03b

#OrbitaPMTool #SistemasDeGestión #TuConsultor #Consultoría #Acompañamiento",https://www.tuconsultor.com/social-img/orbita/V03B_linkedin.png,https://www.tuconsultor.com/orbita/,,
1447,20/03/2027,19:00,linkedin,"Cada tarea del sistema tiene a alguien detrás.

En Orbita cada proyecto tiene su consultor y cada tarea su sesión programada. El cliente ve quién viene, cuándo y a qué. Sin perseguir a nadie por correo.

Orbita · PM Tool, el portal de gestión de TuConsultor.
👉 https://www.tuconsultor.com/orbita/?utm_source=linkedin&utm_medium=social&utm_campaign=orbita-ventajas&utm_content=v03b

#OrbitaPMTool #SistemasDeGestión #TuConsultor #Consultoría #Acompañamiento",https://www.tuconsultor.com/social-img/orbita/V03B_linkedin.png,https://www.tuconsultor.com/orbita/,,
1448,20/03/2027,19:00,instagram,"🤝 Cada tarea del sistema tiene a alguien detrás.

Consultor asignado, agenda compartida y seguimiento en el portal.

Orbita · PM Tool, el portal de gestión de TuConsultor.
Enlace en bio.

❤️ Gestión con corazón desde 2006.

#OrbitaPMTool #SistemasDeGestión #TuConsultor #Consultoría #Acompañamiento #GestiónConCorazón #Orbita",https://www.tuconsultor.com/social-img/orbita/V03B_instagram.png,https://www.tuconsultor.com/orbita/,,
1449,21/03/2027,08:45,linkedin_alejandro,"Relación, Implicación o Compromiso.

Hay clientes que quieren que les acompañe y clientes que quieren que me ocupe. Por eso Orbita tiene tres modelos: Relación, Implicación y Compromiso. Elige el tuyo y el portal se adapta.

Si quieres verlo con tu sistema, escríbeme.
👉 https://www.tuconsultor.com/orbita/?utm_source=linkedin_alejandro&utm_medium=social&utm_campaign=orbita-ventajas&utm_content=v03c

#OrbitaPMTool #SistemasDeGestión #TuConsultor #Consultoría #Acompañamiento",https://www.tuconsultor.com/social-img/orbita/V03C_linkedin.png,https://www.tuconsultor.com/orbita/,,
1450,21/03/2027,19:00,linkedin,"Relación, Implicación o Compromiso.

No todas las empresas necesitan lo mismo. En Orbita trabajamos con tres modelos: Relación (te acompañamos), Implicación (lo hacemos contigo) y Compromiso (lo llevamos por ti). El portal es el mismo; cambia cuánto hacemos nosotros.

Orbita · PM Tool, el portal de gestión de TuConsultor.
👉 https://www.tuconsultor.com/orbita/?utm_source=linkedin&utm_medium=social&utm_campaign=orbita-ventajas&utm_content=v03c

#OrbitaPMTool #SistemasDeGestión #TuConsultor #Consultoría #Acompañamiento",https://www.tuconsultor.com/social-img/orbita/V03C_linkedin.png,https://www.tuconsultor.com/orbita/,,
1451,21/03/2027,19:00,instagram,"🤝 Relación, Implicación o Compromiso.

Tres modelos de acompañamiento. Tú eliges cuánto nos metemos.

Orbita · PM Tool, el portal de gestión de TuConsultor.
Enlace en bio.

❤️ Gestión con corazón desde 2006.

#OrbitaPMTool #SistemasDeGestión #TuConsultor #Consultoría #Acompañamiento #GestiónConCorazón #Orbita",https://www.tuconsultor.com/social-img/orbita/V03C_instagram.png,https://www.tuconsultor.com/orbita/,,
1452,22/03/2027,08:45,linkedin_alejandro,"Diez años de sistema en un solo hilo.

Lo primero que pide un auditor es el hilo: qué pasó el año pasado y qué hicisteis. En Orbita el hilo está entero, con fecha y evidencia. Es el legado del sistema, y es de la empresa.

Si quieres verlo con tu sistema, escríbeme.
👉 https://www.tuconsultor.com/orbita/?utm_source=linkedin_alejandro&utm_medium=social&utm_campaign=orbita-ventajas&utm_content=v04a

#OrbitaPMTool #SistemasDeGestión #TuConsultor #Legado #Conocimiento",https://www.tuconsultor.com/social-img/orbita/V04A_linkedin.png,https://www.tuconsultor.com/orbita/,,
1453,22/03/2027,19:00,linkedin,"Diez años de sistema en un solo hilo.

Un sistema de gestión es su historia: qué falló, qué se decidió, qué se cambió. En Orbita ese legado está ordenado por proyecto y por proceso, con fecha, autor y evidencia. Nada se pierde entre versiones de carpeta.

Orbita · PM Tool, el portal de gestión de TuConsultor.
👉 https://www.tuconsultor.com/orbita/?utm_source=linkedin&utm_medium=social&utm_campaign=orbita-ventajas&utm_content=v04a

#OrbitaPMTool #SistemasDeGestión #TuConsultor #Legado #Conocimiento",https://www.tuconsultor.com/social-img/orbita/V04A_linkedin.png,https://www.tuconsultor.com/orbita/,,
1454,22/03/2027,19:00,instagram,"📚 Diez años de sistema en un solo hilo.

Auditorías, no conformidades, cambios y decisiones. Con fecha y evidencia.

Orbita · PM Tool, el portal de gestión de TuConsultor.
Enlace en bio.

❤️ Gestión con corazón desde 2006.

#OrbitaPMTool #SistemasDeGestión #TuConsultor #Legado #Conocimiento #GestiónConCorazón #Orbita",https://www.tuconsultor.com/social-img/orbita/V04A_instagram.png,https://www.tuconsultor.com/orbita/,,
1455,23/03/2027,08:45,linkedin_alejandro,"La no conformidad de 2024 y lo que hiciste con ella.

Una no conformidad bien cerrada es la mejor prueba de que el sistema funciona. Con Orbita queda el ciclo completo: hallazgo, causa, acción y eficacia. Eso es gestionar el legado.

Si quieres verlo con tu sistema, escríbeme.
👉 https://www.tuconsultor.com/orbita/?utm_source=linkedin_alejandro&utm_medium=social&utm_campaign=orbita-ventajas&utm_content=v04b

#OrbitaPMTool #SistemasDeGestión #TuConsultor #Legado #Conocimiento",https://www.tuconsultor.com/social-img/orbita/V04B_linkedin.png,https://www.tuconsultor.com/orbita/,,
1456,23/03/2027,19:00,linkedin,"La no conformidad de 2024 y lo que hiciste con ella.

En Orbita cada hallazgo lleva su análisis, su acción y su verificación de eficacia. Cuando el auditor pregunte por la no conformidad de hace dos años, la respuesta está en el portal, no en la memoria de nadie.

Orbita · PM Tool, el portal de gestión de TuConsultor.
👉 https://www.tuconsultor.com/orbita/?utm_source=linkedin&utm_medium=social&utm_campaign=orbita-ventajas&utm_content=v04b

#OrbitaPMTool #SistemasDeGestión #TuConsultor #Legado #Conocimiento",https://www.tuconsultor.com/social-img/orbita/V04B_linkedin.png,https://www.tuconsultor.com/orbita/,,
1457,23/03/2027,19:00,instagram,"📚 La no conformidad de 2024 y lo que hiciste con ella.

En el portal, a dos clics. No en un correo de hace dos años.

Orbita · PM Tool, el portal de gestión de TuConsultor.
Enlace en bio.

❤️ Gestión con corazón desde 2006.

#OrbitaPMTool #SistemasDeGestión #TuConsultor #Legado #Conocimiento #GestiónConCorazón #Orbita",https://www.tuconsultor.com/social-img/orbita/V04B_instagram.png,https://www.tuconsultor.com/orbita/,,
1458,24/03/2027,08:45,linkedin_alejandro,"Cambiar de consultor sin empezar de cero.

Sé que suena raro viniendo de un consultor: con Orbita puedes cambiar de consultor sin perder nada. El sistema, con todo su historial, es de la empresa. Así debería ser siempre.

Si quieres verlo con tu sistema, escríbeme.
👉 https://www.tuconsultor.com/orbita/?utm_source=linkedin_alejandro&utm_medium=social&utm_campaign=orbita-ventajas&utm_content=v04c

#OrbitaPMTool #SistemasDeGestión #TuConsultor #Legado #Conocimiento",https://www.tuconsultor.com/social-img/orbita/V04C_linkedin.png,https://www.tuconsultor.com/orbita/,,
1459,24/03/2027,19:00,linkedin,"Cambiar de consultor sin empezar de cero.

Con Orbita el sistema es tuyo: si cambia el consultor, el nuevo entra en el portal y continúa. Sin rehacer procedimientos, sin reconstruir el historial.

Orbita · PM Tool, el portal de gestión de TuConsultor.
👉 https://www.tuconsultor.com/orbita/?utm_source=linkedin&utm_medium=social&utm_campaign=orbita-ventajas&utm_content=v04c

#OrbitaPMTool #SistemasDeGestión #TuConsultor #Legado #Conocimiento",https://www.tuconsultor.com/social-img/orbita/V04C_linkedin.png,https://www.tuconsultor.com/orbita/,,
1460,24/03/2027,19:00,instagram,"📚 Cambiar de consultor sin empezar de cero.

El sistema, sus decisiones y sus evidencias siguen en tu portal.

Orbita · PM Tool, el portal de gestión de TuConsultor.
Enlace en bio.

❤️ Gestión con corazón desde 2006.

#OrbitaPMTool #SistemasDeGestión #TuConsultor #Legado #Conocimiento #GestiónConCorazón #Orbita",https://www.tuconsultor.com/social-img/orbita/V04C_instagram.png,https://www.tuconsultor.com/orbita/,,
1461,25/03/2027,08:45,linkedin_alejandro,"Tus procedimientos no viajan por WhatsApp.

Como consultor de ISO 27001 y ENS no podía ofrecer a mis clientes un portal que no cumpliera lo que yo exijo en las auditorías. Orbita tiene accesos por rol, registro de accesos y datos en la UE.

Si quieres verlo con tu sistema, escríbeme.
👉 https://www.tuconsultor.com/orbita/?utm_source=linkedin_alejandro&utm_medium=social&utm_campaign=orbita-ventajas&utm_content=v05a

#OrbitaPMTool #SistemasDeGestión #TuConsultor #ISO27001 #Seguridad",https://www.tuconsultor.com/social-img/orbita/V05A_linkedin.png,https://www.tuconsultor.com/orbita/,,
1462,25/03/2027,19:00,linkedin,"Tus procedimientos no viajan por WhatsApp.

Un sistema de gestión maneja información sensible: auditorías, no conformidades, datos de personas. En Orbita cada usuario ve lo suyo, cada acceso queda registrado y los datos se alojan en la Unión Europea.

Orbita · PM Tool, el portal de gestión de TuConsultor.
👉 https://www.tuconsultor.com/orbita/?utm_source=linkedin&utm_medium=social&utm_campaign=orbita-ventajas&utm_content=v05a

#OrbitaPMTool #SistemasDeGestión #TuConsultor #ISO27001 #Seguridad",https://www.tuconsultor.com/social-img/orbita/V05A_linkedin.png,https://www.tuconsultor.com/orbita/,,
1463,25/03/2027,19:00,instagram,"🔐 Tus procedimientos no viajan por WhatsApp.

Accesos por rol, trazabilidad y datos en la Unión Europea.

Orbita · PM Tool, el portal de gestión de TuConsultor.
Enlace en bio.

❤️ Gestión con corazón desde 2006.

#OrbitaPMTool #SistemasDeGestión #TuConsultor #ISO27001 #Seguridad #GestiónConCorazón #Orbita",https://www.tuconsultor.com/social-img/orbita/V05A_instagram.png,https://www.tuconsultor.com/orbita/,,
1464,26/03/2027,08:45,linkedin_alejandro,"Quién vio qué y cuándo.

La trazabilidad no es un lujo: es un requisito. En Orbita sabemos quién entró, qué vio y qué cambió. Es la misma exigencia que aplico en cada implantación de 27001.

Si quieres verlo con tu sistema, escríbeme.
👉 https://www.tuconsultor.com/orbita/?utm_source=linkedin_alejandro&utm_medium=social&utm_campaign=orbita-ventajas&utm_content=v05b

#OrbitaPMTool #SistemasDeGestión #TuConsultor #ISO27001 #Seguridad",https://www.tuconsultor.com/social-img/orbita/V05B_linkedin.png,https://www.tuconsultor.com/orbita/,,
1465,26/03/2027,19:00,linkedin,"Quién vio qué y cuándo.

Orbita registra entradas, accesos y cambios en el sistema. Es lo que piden la ISO 27001 y el ENS, y lo que necesitas para saber que la documentación del sistema está bajo control.

Orbita · PM Tool, el portal de gestión de TuConsultor.
👉 https://www.tuconsultor.com/orbita/?utm_source=linkedin&utm_medium=social&utm_campaign=orbita-ventajas&utm_content=v05b

#OrbitaPMTool #SistemasDeGestión #TuConsultor #ISO27001 #Seguridad",https://www.tuconsultor.com/social-img/orbita/V05B_linkedin.png,https://www.tuconsultor.com/orbita/,,
1466,26/03/2027,19:00,instagram,"🔐 Quién vio qué y cuándo.

Registro de accesos y cambios. Lo que pide la ISO 27001 y el ENS.

Orbita · PM Tool, el portal de gestión de TuConsultor.
Enlace en bio.

❤️ Gestión con corazón desde 2006.

#OrbitaPMTool #SistemasDeGestión #TuConsultor #ISO27001 #Seguridad #GestiónConCorazón #Orbita",https://www.tuconsultor.com/social-img/orbita/V05B_instagram.png,https://www.tuconsultor.com/orbita/,,
1467,27/03/2027,08:45,linkedin_alejandro,"Copias, cifrado y accesos que no dependen de nadie.

Cada vez que veo un sistema de gestión en una carpeta compartida sin control de accesos, pienso en el día que alguien lo borre sin querer. Con Orbita ese día no llega.

Si quieres verlo con tu sistema, escríbeme.
👉 https://www.tuconsultor.com/orbita/?utm_source=linkedin_alejandro&utm_medium=social&utm_campaign=orbita-ventajas&utm_content=v05c

#OrbitaPMTool #SistemasDeGestión #TuConsultor #ISO27001 #Seguridad",https://www.tuconsultor.com/social-img/orbita/V05C_linkedin.png,https://www.tuconsultor.com/orbita/,,
1468,27/03/2027,19:00,linkedin,"Copias, cifrado y accesos que no dependen de nadie.

La carpeta compartida no tiene copias de seguridad verificadas ni control de accesos real. Orbita corre sobre infraestructura profesional en la UE, con copias, cifrado en tránsito y en reposo y accesos por rol.

Orbita · PM Tool, el portal de gestión de TuConsultor.
👉 https://www.tuconsultor.com/orbita/?utm_source=linkedin&utm_medium=social&utm_campaign=orbita-ventajas&utm_content=v05c

#OrbitaPMTool #SistemasDeGestión #TuConsultor #ISO27001 #Seguridad",https://www.tuconsultor.com/social-img/orbita/V05C_linkedin.png,https://www.tuconsultor.com/orbita/,,
1469,27/03/2027,19:00,instagram,"🔐 Copias, cifrado y accesos que no dependen de nadie.

Infraestructura profesional, no una carpeta compartida.

Orbita · PM Tool, el portal de gestión de TuConsultor.
Enlace en bio.

❤️ Gestión con corazón desde 2006.

#OrbitaPMTool #SistemasDeGestión #TuConsultor #ISO27001 #Seguridad #GestiónConCorazón #Orbita",https://www.tuconsultor.com/social-img/orbita/V05C_instagram.png,https://www.tuconsultor.com/orbita/,,
1470,28/03/2027,08:45,linkedin_alejandro,"Preguntas al sistema. Respuestas al momento.

Mis clientes me hacían las mismas preguntas una y otra vez. Ahora se las hacen al portal y la respuesta sale de su propia documentación. Yo me quedo para lo que aporta valor.

Si quieres verlo con tu sistema, escríbeme.
👉 https://www.tuconsultor.com/orbita/?utm_source=linkedin_alejandro&utm_medium=social&utm_campaign=orbita-ventajas&utm_content=v06a

#OrbitaPMTool #SistemasDeGestión #TuConsultor #IA #Consultoría",https://www.tuconsultor.com/social-img/orbita/V06A_linkedin.png,https://www.tuconsultor.com/orbita/,,
1471,28/03/2027,19:00,linkedin,"Preguntas al sistema. Respuestas al momento.

«¿Qué dice nuestro procedimiento de compras?» «¿Qué me toca antes de la auditoría?» En Orbita las respuestas salen de tu propia documentación, al instante, sin esperar al consultor ni buscar en carpetas.

Orbita · PM Tool, el portal de gestión de TuConsultor.
👉 https://www.tuconsultor.com/orbita/?utm_source=linkedin&utm_medium=social&utm_campaign=orbita-ventajas&utm_content=v06a

#OrbitaPMTool #SistemasDeGestión #TuConsultor #IA #Consultoría",https://www.tuconsultor.com/social-img/orbita/V06A_linkedin.png,https://www.tuconsultor.com/orbita/,,
1472,28/03/2027,19:00,instagram,"⚡ Preguntas al sistema. Respuestas al momento.

La documentación de tu ISO responde: qué dice el procedimiento, qué toca ahora.

Orbita · PM Tool, el portal de gestión de TuConsultor.
Enlace en bio.

❤️ Gestión con corazón desde 2006.

#OrbitaPMTool #SistemasDeGestión #TuConsultor #IA #Consultoría #GestiónConCorazón #Orbita",https://www.tuconsultor.com/social-img/orbita/V06A_instagram.png,https://www.tuconsultor.com/orbita/,,
1473,29/03/2027,08:45,linkedin_alejandro,"Sin esperar al correo del consultor.

Odiaba ser el cuello de botella de mis clientes. Con Orbita las dudas del día a día se resuelven al momento y con referencia al procedimiento. Yo entro cuando hace falta criterio, no para buscar un párrafo.

Si quieres verlo con tu sistema, escríbeme.
👉 https://www.tuconsultor.com/orbita/?utm_source=linkedin_alejandro&utm_medium=social&utm_campaign=orbita-ventajas&utm_content=v06b

#OrbitaPMTool #SistemasDeGestión #TuConsultor #IA #Consultoría",https://www.tuconsultor.com/social-img/orbita/V06B_linkedin.png,https://www.tuconsultor.com/orbita/,,
1474,29/03/2027,19:00,linkedin,"Sin esperar al correo del consultor.

Una duda del sistema no puede esperar tres días a que el consultor conteste el correo. En Orbita la respuesta es inmediata y cita el procedimiento: si hace falta más, el consultor entra en el mismo hilo.

Orbita · PM Tool, el portal de gestión de TuConsultor.
👉 https://www.tuconsultor.com/orbita/?utm_source=linkedin&utm_medium=social&utm_campaign=orbita-ventajas&utm_content=v06b

#OrbitaPMTool #SistemasDeGestión #TuConsultor #IA #Consultoría",https://www.tuconsultor.com/social-img/orbita/V06B_linkedin.png,https://www.tuconsultor.com/orbita/,,
1475,29/03/2027,19:00,instagram,"⚡ Sin esperar al correo del consultor.

Dudas resueltas en el portal, con la referencia al procedimiento.

Orbita · PM Tool, el portal de gestión de TuConsultor.
Enlace en bio.

❤️ Gestión con corazón desde 2006.

#OrbitaPMTool #SistemasDeGestión #TuConsultor #IA #Consultoría #GestiónConCorazón #Orbita",https://www.tuconsultor.com/social-img/orbita/V06B_instagram.png,https://www.tuconsultor.com/orbita/,,
1476,30/03/2027,08:45,linkedin_alejandro,"La auditoría empieza cuando tú quieras.

Preparar una auditoría era una semana de nervios. Con Orbita mis clientes se hacen las preguntas del auditor antes, con sus propios datos, y llegan tranquilos.

Si quieres verlo con tu sistema, escríbeme.
👉 https://www.tuconsultor.com/orbita/?utm_source=linkedin_alejandro&utm_medium=social&utm_campaign=orbita-ventajas&utm_content=v06c

#OrbitaPMTool #SistemasDeGestión #TuConsultor #IA #Consultoría",https://www.tuconsultor.com/social-img/orbita/V06C_linkedin.png,https://www.tuconsultor.com/orbita/,,
1477,30/03/2027,19:00,linkedin,"La auditoría empieza cuando tú quieras.

Antes de la auditoría, pregunta al portal lo que preguntaría el auditor. Orbita responde con tu documentación y te dice dónde hay hueco. Llegas sabiendo qué van a encontrar.

Orbita · PM Tool, el portal de gestión de TuConsultor.
👉 https://www.tuconsultor.com/orbita/?utm_source=linkedin&utm_medium=social&utm_campaign=orbita-ventajas&utm_content=v06c

#OrbitaPMTool #SistemasDeGestión #TuConsultor #IA #Consultoría",https://www.tuconsultor.com/social-img/orbita/V06C_linkedin.png,https://www.tuconsultor.com/orbita/,,
1478,30/03/2027,19:00,instagram,"⚡ La auditoría empieza cuando tú quieras.

Simula preguntas del auditor y comprueba las respuestas con tu documentación.

Orbita · PM Tool, el portal de gestión de TuConsultor.
Enlace en bio.

❤️ Gestión con corazón desde 2006.

#OrbitaPMTool #SistemasDeGestión #TuConsultor #IA #Consultoría #GestiónConCorazón #Orbita",https://www.tuconsultor.com/social-img/orbita/V06C_instagram.png,https://www.tuconsultor.com/orbita/,,
1479,31/03/2027,08:45,linkedin_alejandro,"Tus indicadores, en tiempo real.

Ver es la mitad del control. En Orbita cada cliente tiene su dashboard: indicadores, tareas y auditorías en vivo. Y yo veo lo mismo, así que no hace falta preguntar.

Si quieres verlo con tu sistema, escríbeme.
👉 https://www.tuconsultor.com/orbita/?utm_source=linkedin_alejandro&utm_medium=social&utm_campaign=orbita-ventajas&utm_content=v07a

#OrbitaPMTool #SistemasDeGestión #TuConsultor #Dashboard #Dirección",https://www.tuconsultor.com/social-img/orbita/V07A_linkedin.png,https://www.tuconsultor.com/orbita/,,
1480,31/03/2027,19:00,linkedin,"Tus indicadores, en tiempo real.

Un sistema de gestión sin indicadores a la vista es un archivo. En Orbita el dashboard muestra objetivos, no conformidades abiertas, tareas pendientes y próximas auditorías, actualizado según se trabaja.

Orbita · PM Tool, el portal de gestión de TuConsultor.
👉 https://www.tuconsultor.com/orbita/?utm_source=linkedin&utm_medium=social&utm_campaign=orbita-ventajas&utm_content=v07a

#OrbitaPMTool #SistemasDeGestión #TuConsultor #Dashboard #Dirección",https://www.tuconsultor.com/social-img/orbita/V07A_linkedin.png,https://www.tuconsultor.com/orbita/,,
1481,31/03/2027,19:00,instagram,"📊 Tus indicadores, en tiempo real.

Objetivos, no conformidades, tareas y auditorías en una pantalla.

Orbita · PM Tool, el portal de gestión de TuConsultor.
Enlace en bio.

❤️ Gestión con corazón desde 2006.

#OrbitaPMTool #SistemasDeGestión #TuConsultor #Dashboard #Dirección #GestiónConCorazón #Orbita",https://www.tuconsultor.com/social-img/orbita/V07A_instagram.png,https://www.tuconsultor.com/orbita/,,
1482,01/04/2027,08:45,linkedin_alejandro,"El comité de dirección sin preparar el Excel.

La revisión por la dirección es el momento más útil del sistema y el peor preparado. Con Orbita los datos ya están; dedicamos la reunión a decidir. Eso cambia la conversación con la dirección.

Si quieres verlo con tu sistema, escríbeme.
👉 https://www.tuconsultor.com/orbita/?utm_source=linkedin_alejandro&utm_medium=social&utm_campaign=orbita-ventajas&utm_content=v07b

#OrbitaPMTool #SistemasDeGestión #TuConsultor #Dashboard #Dirección",https://www.tuconsultor.com/social-img/orbita/V07B_linkedin.png,https://www.tuconsultor.com/orbita/,,
1483,01/04/2027,19:00,linkedin,"El comité de dirección sin preparar el Excel.

La revisión por la dirección no debería empezar con dos semanas de recopilar datos. En Orbita los indicadores del sistema están siempre al día: la reunión es para decidir, no para reunir.

Orbita · PM Tool, el portal de gestión de TuConsultor.
👉 https://www.tuconsultor.com/orbita/?utm_source=linkedin&utm_medium=social&utm_campaign=orbita-ventajas&utm_content=v07b

#OrbitaPMTool #SistemasDeGestión #TuConsultor #Dashboard #Dirección",https://www.tuconsultor.com/social-img/orbita/V07B_linkedin.png,https://www.tuconsultor.com/orbita/,,
1484,01/04/2027,19:00,instagram,"📊 El comité de dirección sin preparar el Excel.

Los datos de la revisión por la dirección ya están en el portal.

Orbita · PM Tool, el portal de gestión de TuConsultor.
Enlace en bio.

❤️ Gestión con corazón desde 2006.

#OrbitaPMTool #SistemasDeGestión #TuConsultor #Dashboard #Dirección #GestiónConCorazón #Orbita",https://www.tuconsultor.com/social-img/orbita/V07B_instagram.png,https://www.tuconsultor.com/orbita/,,
1485,02/04/2027,08:45,linkedin_alejandro,"Un semáforo por proceso. Sin sorpresas.

Un dashboard no es para mirar números: es para no llevarse sorpresas. En Orbita el semáforo por proceso avisa antes de que el problema llegue a la auditoría.

Si quieres verlo con tu sistema, escríbeme.
👉 https://www.tuconsultor.com/orbita/?utm_source=linkedin_alejandro&utm_medium=social&utm_campaign=orbita-ventajas&utm_content=v07c

#OrbitaPMTool #SistemasDeGestión #TuConsultor #Dashboard #Dirección",https://www.tuconsultor.com/social-img/orbita/V07C_linkedin.png,https://www.tuconsultor.com/orbita/,,
1486,02/04/2027,19:00,linkedin,"Un semáforo por proceso. Sin sorpresas.

En Orbita cada proceso y cada proyecto tienen su estado: al día, en riesgo o retrasado. La dirección ve el sistema completo de un vistazo y decide con datos, no con sensaciones.

Orbita · PM Tool, el portal de gestión de TuConsultor.
👉 https://www.tuconsultor.com/orbita/?utm_source=linkedin&utm_medium=social&utm_campaign=orbita-ventajas&utm_content=v07c

#OrbitaPMTool #SistemasDeGestión #TuConsultor #Dashboard #Dirección",https://www.tuconsultor.com/social-img/orbita/V07C_linkedin.png,https://www.tuconsultor.com/orbita/,,
1487,02/04/2027,19:00,instagram,"📊 Un semáforo por proceso. Sin sorpresas.

Qué va bien, qué se retrasa y qué necesita decisión. A un vistazo.

Orbita · PM Tool, el portal de gestión de TuConsultor.
Enlace en bio.

❤️ Gestión con corazón desde 2006.

#OrbitaPMTool #SistemasDeGestión #TuConsultor #Dashboard #Dirección #GestiónConCorazón #Orbita",https://www.tuconsultor.com/social-img/orbita/V07C_instagram.png,https://www.tuconsultor.com/orbita/,,
1488,03/04/2027,08:45,linkedin_alejandro,"La documentación del sistema, disponible 24/7.

La documentación del sistema no puede depender de que alguien esté en la oficina. En Orbita está siempre disponible, con la versión vigente. Es lo mínimo para un sistema que dice estar vivo.

Si quieres verlo con tu sistema, escríbeme.
👉 https://www.tuconsultor.com/orbita/?utm_source=linkedin_alejandro&utm_medium=social&utm_campaign=orbita-ventajas&utm_content=v08a

#OrbitaPMTool #SistemasDeGestión #TuConsultor #Documentación #Auditoría",https://www.tuconsultor.com/social-img/orbita/V08A_linkedin.png,https://www.tuconsultor.com/orbita/,,
1489,03/04/2027,19:00,linkedin,"La documentación del sistema, disponible 24/7.

El auditor llega a las 8 y el responsable está de viaje. Da igual: en Orbita la documentación del sistema está disponible las 24 horas, con la versión vigente y su historial. Sin pedir nada a nadie.

Orbita · PM Tool, el portal de gestión de TuConsultor.
👉 https://www.tuconsultor.com/orbita/?utm_source=linkedin&utm_medium=social&utm_campaign=orbita-ventajas&utm_content=v08a

#OrbitaPMTool #SistemasDeGestión #TuConsultor #Documentación #Auditoría",https://www.tuconsultor.com/social-img/orbita/V08A_linkedin.png,https://www.tuconsultor.com/orbita/,,
1490,03/04/2027,19:00,instagram,"🗂️ La documentación del sistema, disponible 24/7.

Procedimientos, registros y evidencias. A cualquier hora, desde cualquier sitio.

Orbita · PM Tool, el portal de gestión de TuConsultor.
Enlace en bio.

❤️ Gestión con corazón desde 2006.

#OrbitaPMTool #SistemasDeGestión #TuConsultor #Documentación #Auditoría #GestiónConCorazón #Orbita",https://www.tuconsultor.com/social-img/orbita/V08A_instagram.png,https://www.tuconsultor.com/orbita/,,
1491,04/04/2027,08:45,linkedin_alejandro,"Un solo lugar para cada documento.

La pregunta «¿cuál es la versión buena?» desaparece con Orbita. Hay una, está en el portal y se puede consultar a cualquier hora. Parece poco; cambia la auditoría entera.

Si quieres verlo con tu sistema, escríbeme.
👉 https://www.tuconsultor.com/orbita/?utm_source=linkedin_alejandro&utm_medium=social&utm_campaign=orbita-ventajas&utm_content=v08b

#OrbitaPMTool #SistemasDeGestión #TuConsultor #Documentación #Auditoría",https://www.tuconsultor.com/social-img/orbita/V08B_linkedin.png,https://www.tuconsultor.com/orbita/,,
1492,04/04/2027,19:00,linkedin,"Un solo lugar para cada documento.

En Orbita cada documento tiene un lugar, un estado y un historial. La copia que alguien guardó en su escritorio deja de ser un riesgo porque nadie la necesita.

Orbita · PM Tool, el portal de gestión de TuConsultor.
👉 https://www.tuconsultor.com/orbita/?utm_source=linkedin&utm_medium=social&utm_campaign=orbita-ventajas&utm_content=v08b

#OrbitaPMTool #SistemasDeGestión #TuConsultor #Documentación #Auditoría",https://www.tuconsultor.com/social-img/orbita/V08B_linkedin.png,https://www.tuconsultor.com/orbita/,,
1493,04/04/2027,19:00,instagram,"🗂️ Un solo lugar para cada documento.

Sin copias en el escritorio ni versiones en el correo.

Orbita · PM Tool, el portal de gestión de TuConsultor.
Enlace en bio.

❤️ Gestión con corazón desde 2006.

#OrbitaPMTool #SistemasDeGestión #TuConsultor #Documentación #Auditoría #GestiónConCorazón #Orbita",https://www.tuconsultor.com/social-img/orbita/V08B_instagram.png,https://www.tuconsultor.com/orbita/,,
1494,05/04/2027,08:45,linkedin_alejandro,"Evidencias con fecha, no capturas en el móvil.

He visto auditorías salvadas con capturas de un móvil. Con Orbita las evidencias están en su sitio, con fecha y responsable. La diferencia entre aprobar y demostrar.

Si quieres verlo con tu sistema, escríbeme.
👉 https://www.tuconsultor.com/orbita/?utm_source=linkedin_alejandro&utm_medium=social&utm_campaign=orbita-ventajas&utm_content=v08c

#OrbitaPMTool #SistemasDeGestión #TuConsultor #Documentación #Auditoría",https://www.tuconsultor.com/social-img/orbita/V08C_linkedin.png,https://www.tuconsultor.com/orbita/,,
1495,05/04/2027,19:00,linkedin,"Evidencias con fecha, no capturas en el móvil.

Las evidencias del sistema en Orbita cuelgan del proceso y de la tarea: quién, cuándo y qué. Cuando el auditor pide la prueba, está donde debe estar, no en el carrete de un teléfono.

Orbita · PM Tool, el portal de gestión de TuConsultor.
👉 https://www.tuconsultor.com/orbita/?utm_source=linkedin&utm_medium=social&utm_campaign=orbita-ventajas&utm_content=v08c

#OrbitaPMTool #SistemasDeGestión #TuConsultor #Documentación #Auditoría",https://www.tuconsultor.com/social-img/orbita/V08C_linkedin.png,https://www.tuconsultor.com/orbita/,,
1496,05/04/2027,19:00,instagram,"🗂️ Evidencias con fecha, no capturas en el móvil.

Cada registro en su proceso, con quién y cuándo. Listo para auditar.

Orbita · PM Tool, el portal de gestión de TuConsultor.
Enlace en bio.

❤️ Gestión con corazón desde 2006.

#OrbitaPMTool #SistemasDeGestión #TuConsultor #Documentación #Auditoría #GestiónConCorazón #Orbita",https://www.tuconsultor.com/social-img/orbita/V08C_instagram.png,https://www.tuconsultor.com/orbita/,,
1497,06/04/2027,08:45,linkedin_alejandro,"Respuesta 24/7. También un domingo.

No prometo estar disponible un domingo a las once. Prometo que mis clientes tendrán respuesta: el portal contesta con su documentación y yo retomo el lunes con criterio. Eso es 24/7 de verdad.

Si quieres verlo con tu sistema, escríbeme.
👉 https://www.tuconsultor.com/orbita/?utm_source=linkedin_alejandro&utm_medium=social&utm_campaign=orbita-ventajas&utm_content=v09a

#OrbitaPMTool #SistemasDeGestión #TuConsultor #Soporte #Disponibilidad",https://www.tuconsultor.com/social-img/orbita/V09A_linkedin.png,https://www.tuconsultor.com/orbita/,,
1498,06/04/2027,19:00,linkedin,"Respuesta 24/7. También un domingo.

Las dudas no esperan al lunes. En Orbita el portal responde a cualquier hora con tu documentación y el consultor retoma en horario. Siempre hay respuesta; luego, si hace falta, criterio.

Orbita · PM Tool, el portal de gestión de TuConsultor.
👉 https://www.tuconsultor.com/orbita/?utm_source=linkedin&utm_medium=social&utm_campaign=orbita-ventajas&utm_content=v09a

#OrbitaPMTool #SistemasDeGestión #TuConsultor #Soporte #Disponibilidad",https://www.tuconsultor.com/social-img/orbita/V09A_linkedin.png,https://www.tuconsultor.com/orbita/,,
1499,06/04/2027,19:00,instagram,"🕐 Respuesta 24/7. También un domingo.

El portal contesta siempre; el consultor, en horario. Nunca te quedas sin respuesta.

Orbita · PM Tool, el portal de gestión de TuConsultor.
Enlace en bio.

❤️ Gestión con corazón desde 2006.

#OrbitaPMTool #SistemasDeGestión #TuConsultor #Soporte #Disponibilidad #GestiónConCorazón #Orbita",https://www.tuconsultor.com/social-img/orbita/V09A_instagram.png,https://www.tuconsultor.com/orbita/,,
1500,07/04/2027,08:45,linkedin_alejandro,"Soporte dentro del portal. No un teléfono que nadie coge.

El soporte a un cliente no puede ser un correo perdido. En Orbita cada petición tiene número, estado y responsable. Yo lo veo y el cliente también.

Si quieres verlo con tu sistema, escríbeme.
👉 https://www.tuconsultor.com/orbita/?utm_source=linkedin_alejandro&utm_medium=social&utm_campaign=orbita-ventajas&utm_content=v09b

#OrbitaPMTool #SistemasDeGestión #TuConsultor #Soporte #Disponibilidad",https://www.tuconsultor.com/social-img/orbita/V09B_linkedin.png,https://www.tuconsultor.com/orbita/,,
1501,07/04/2027,19:00,linkedin,"Soporte dentro del portal. No un teléfono que nadie coge.

En Orbita el soporte está dentro: cada consulta o incidencia queda registrada, con estado y responsable. Sabes que se ha recibido y sabes en qué punto está.

Orbita · PM Tool, el portal de gestión de TuConsultor.
👉 https://www.tuconsultor.com/orbita/?utm_source=linkedin&utm_medium=social&utm_campaign=orbita-ventajas&utm_content=v09b

#OrbitaPMTool #SistemasDeGestión #TuConsultor #Soporte #Disponibilidad",https://www.tuconsultor.com/social-img/orbita/V09B_linkedin.png,https://www.tuconsultor.com/orbita/,,
1502,07/04/2027,19:00,instagram,"🕐 Soporte dentro del portal. No un teléfono que nadie coge.

Consulta, incidencia o petición: queda registrada y con seguimiento.

Orbita · PM Tool, el portal de gestión de TuConsultor.
Enlace en bio.

❤️ Gestión con corazón desde 2006.

#OrbitaPMTool #SistemasDeGestión #TuConsultor #Soporte #Disponibilidad #GestiónConCorazón #Orbita",https://www.tuconsultor.com/social-img/orbita/V09B_instagram.png,https://www.tuconsultor.com/orbita/,,
1503,08/04/2027,08:45,linkedin_alejandro,"Antes de la auditoría, a la hora que sea.

Sé que la víspera de una auditoría se trabaja hasta tarde. Por eso Orbita responde a cualquier hora con la documentación del cliente. Y yo llego a la auditoría sabiendo qué se ha consultado.

Si quieres verlo con tu sistema, escríbeme.
👉 https://www.tuconsultor.com/orbita/?utm_source=linkedin_alejandro&utm_medium=social&utm_campaign=orbita-ventajas&utm_content=v09c

#OrbitaPMTool #SistemasDeGestión #TuConsultor #Soporte #Disponibilidad",https://www.tuconsultor.com/social-img/orbita/V09C_linkedin.png,https://www.tuconsultor.com/orbita/,,
1504,08/04/2027,19:00,linkedin,"Antes de la auditoría, a la hora que sea.

El día antes de la auditoría siempre surge algo. En Orbita el portal responde con tu documentación a cualquier hora y el equipo de TuConsultor está al tanto. Nadie llega solo a la auditoría.

Orbita · PM Tool, el portal de gestión de TuConsultor.
👉 https://www.tuconsultor.com/orbita/?utm_source=linkedin&utm_medium=social&utm_campaign=orbita-ventajas&utm_content=v09c

#OrbitaPMTool #SistemasDeGestión #TuConsultor #Soporte #Disponibilidad",https://www.tuconsultor.com/social-img/orbita/V09C_linkedin.png,https://www.tuconsultor.com/orbita/,,
1505,08/04/2027,19:00,instagram,"🕐 Antes de la auditoría, a la hora que sea.

El día previo no tiene horario. El portal tampoco.

Orbita · PM Tool, el portal de gestión de TuConsultor.
Enlace en bio.

❤️ Gestión con corazón desde 2006.

#OrbitaPMTool #SistemasDeGestión #TuConsultor #Soporte #Disponibilidad #GestiónConCorazón #Orbita",https://www.tuconsultor.com/social-img/orbita/V09C_instagram.png,https://www.tuconsultor.com/orbita/,,
1506,09/04/2027,08:45,linkedin_alejandro,"Desde el móvil, desde la planta, desde la auditoría.

Un sistema que solo se consulta desde el despacho de calidad no es un sistema. Orbita se abre en el móvil de quien está en planta. Ahí es donde el sistema se cumple o no.

Si quieres verlo con tu sistema, escríbeme.
👉 https://www.tuconsultor.com/orbita/?utm_source=linkedin_alejandro&utm_medium=social&utm_campaign=orbita-ventajas&utm_content=v10a

#OrbitaPMTool #SistemasDeGestión #TuConsultor #Accesibilidad #Móvil",https://www.tuconsultor.com/social-img/orbita/V10A_linkedin.png,https://www.tuconsultor.com/orbita/,,
1507,09/04/2027,19:00,linkedin,"Desde el móvil, desde la planta, desde la auditoría.

Un sistema de gestión se usa donde pasa el trabajo: en planta, en obra, en la visita del auditor. Orbita es web, se abre en el móvil y no requiere instalación. Accesible para todo el equipo, no solo para calidad.

Orbita · PM Tool, el portal de gestión de TuConsultor.
👉 https://www.tuconsultor.com/orbita/?utm_source=linkedin&utm_medium=social&utm_campaign=orbita-ventajas&utm_content=v10a

#OrbitaPMTool #SistemasDeGestión #TuConsultor #Accesibilidad #Móvil",https://www.tuconsultor.com/social-img/orbita/V10A_linkedin.png,https://www.tuconsultor.com/orbita/,,
1508,09/04/2027,19:00,instagram,"📱 Desde el móvil, desde la planta, desde la auditoría.

Orbita funciona donde estés. Sin instalar nada.

Orbita · PM Tool, el portal de gestión de TuConsultor.
Enlace en bio.

❤️ Gestión con corazón desde 2006.

#OrbitaPMTool #SistemasDeGestión #TuConsultor #Accesibilidad #Móvil #GestiónConCorazón #Orbita",https://www.tuconsultor.com/social-img/orbita/V10A_instagram.png,https://www.tuconsultor.com/orbita/,,
1509,10/04/2027,08:45,linkedin_alejandro,"Para el equipo, el cliente y el auditor.

El sistema deja de ser «cosa de calidad» cuando cada persona ve lo suyo en el mismo portal. En Orbita el operario, la dirección y el auditor entran por la misma puerta, cada uno a su sitio.

Si quieres verlo con tu sistema, escríbeme.
👉 https://www.tuconsultor.com/orbita/?utm_source=linkedin_alejandro&utm_medium=social&utm_campaign=orbita-ventajas&utm_content=v10b

#OrbitaPMTool #SistemasDeGestión #TuConsultor #Accesibilidad #Móvil",https://www.tuconsultor.com/social-img/orbita/V10B_linkedin.png,https://www.tuconsultor.com/orbita/,,
1510,10/04/2027,19:00,linkedin,"Para el equipo, el cliente y el auditor.

Orbita es hiperaccesible porque no es solo para calidad: el equipo ve sus tareas, la dirección su dashboard, el consultor el plan y el auditor las evidencias. Cada rol con su acceso, todos en el mismo sitio.

Orbita · PM Tool, el portal de gestión de TuConsultor.
👉 https://www.tuconsultor.com/orbita/?utm_source=linkedin&utm_medium=social&utm_campaign=orbita-ventajas&utm_content=v10b

#OrbitaPMTool #SistemasDeGestión #TuConsultor #Accesibilidad #Móvil",https://www.tuconsultor.com/social-img/orbita/V10B_linkedin.png,https://www.tuconsultor.com/orbita/,,
1511,10/04/2027,19:00,instagram,"📱 Para el equipo, el cliente y el auditor.

Cada uno con su acceso y su vista. Todos en el mismo portal.

Orbita · PM Tool, el portal de gestión de TuConsultor.
Enlace en bio.

❤️ Gestión con corazón desde 2006.

#OrbitaPMTool #SistemasDeGestión #TuConsultor #Accesibilidad #Móvil #GestiónConCorazón #Orbita",https://www.tuconsultor.com/social-img/orbita/V10B_instagram.png,https://www.tuconsultor.com/orbita/,,
1512,11/04/2027,08:45,linkedin_alejandro,"Accesible también para quien no ve, no oye o no puede.

Trabajo con entidades del ámbito social y de la discapacidad. No podía ofrecerles un portal que excluyera a parte de su equipo. Orbita cumple accesibilidad web: el sistema es de todos.

Si quieres verlo con tu sistema, escríbeme.
👉 https://www.tuconsultor.com/orbita/?utm_source=linkedin_alejandro&utm_medium=social&utm_campaign=orbita-ventajas&utm_content=v10c

#OrbitaPMTool #SistemasDeGestión #TuConsultor #Accesibilidad #Móvil",https://www.tuconsultor.com/social-img/orbita/V10C_linkedin.png,https://www.tuconsultor.com/orbita/,,
1513,11/04/2027,19:00,linkedin,"Accesible también para quien no ve, no oye o no puede.

Hiperaccesible también significa accesible: Orbita está diseñado para usarse con lector de pantalla, con teclado y con contraste alto. Un sistema de gestión para toda la plantilla, sin excepciones.

Orbita · PM Tool, el portal de gestión de TuConsultor.
👉 https://www.tuconsultor.com/orbita/?utm_source=linkedin&utm_medium=social&utm_campaign=orbita-ventajas&utm_content=v10c

#OrbitaPMTool #SistemasDeGestión #TuConsultor #Accesibilidad #Móvil",https://www.tuconsultor.com/social-img/orbita/V10C_linkedin.png,https://www.tuconsultor.com/orbita/,,
1514,11/04/2027,19:00,instagram,"📱 Accesible también para quien no ve, no oye o no puede.

Orbita cumple accesibilidad web. El sistema es de todos.

Orbita · PM Tool, el portal de gestión de TuConsultor.
Enlace en bio.

❤️ Gestión con corazón desde 2006.

#OrbitaPMTool #SistemasDeGestión #TuConsultor #Accesibilidad #Móvil #GestiónConCorazón #Orbita",https://www.tuconsultor.com/social-img/orbita/V10C_instagram.png,https://www.tuconsultor.com/orbita/,,
1515,12/04/2027,08:45,linkedin_alejandro,"Las normas y los procesos en un solo portal.

Llevo veinte años viendo sistemas de gestión repartidos en carpetas, correos y cabezas. Por eso construimos Orbita: un solo portal donde están las normas, los procesos, las tareas y las evidencias. Ahora trabajo así con todos mis clientes.

Te lo enseño en 20 minutos con un proyecto real.
👉 https://www.tuconsultor.com/orbita/?utm_source=linkedin_alejandro&utm_medium=social&utm_campaign=orbita-ventajas&utm_content=v01a

#OrbitaPMTool #SistemasDeGestión #TuConsultor #PortalÚnico #ISO9001",https://www.tuconsultor.com/social-img/orbita/V01A_linkedin.png,https://www.tuconsultor.com/orbita/,,
1516,12/04/2027,19:00,linkedin,"Las normas y los procesos en un solo portal.

La calidad en un Excel, los proyectos en otro, los procedimientos en una carpeta y el consultor por correo. Así no se gestiona: se sobrevive. Orbita junta las normas y los procesos en un solo portal, con el consultor y el cliente dentro.

Pide una demo de Orbita · PM Tool.
👉 https://www.tuconsultor.com/orbita/?utm_source=linkedin&utm_medium=social&utm_campaign=orbita-ventajas&utm_content=v01a

#OrbitaPMTool #SistemasDeGestión #TuConsultor #PortalÚnico #ISO9001",https://www.tuconsultor.com/social-img/orbita/V01A_linkedin.png,https://www.tuconsultor.com/orbita/,,
1517,12/04/2027,19:00,instagram,"🧭 Las normas y los procesos en un solo portal.

ISO, procesos, tareas, evidencias y equipo. Un sitio. Orbita · PM Tool.

Pide una demo: enlace en bio.
Enlace en bio.

❤️ Gestión con corazón desde 2006.

#OrbitaPMTool #SistemasDeGestión #TuConsultor #PortalÚnico #ISO9001 #GestiónConCorazón #Orbita",https://www.tuconsultor.com/social-img/orbita/V01A_instagram.png,https://www.tuconsultor.com/orbita/,,
1518,13/04/2027,08:45,linkedin_alejandro,"Un portal. Todas tus normas, todos tus procesos.

Cuando una empresa suma su segunda norma, lo normal es que duplique papeles. En Orbita no: las normas comparten los mismos procesos y las mismas evidencias. Menos trabajo, más control. Es lo que llevo años defendiendo.

Te lo enseño en 20 minutos con un proyecto real.
👉 https://www.tuconsultor.com/orbita/?utm_source=linkedin_alejandro&utm_medium=social&utm_campaign=orbita-ventajas&utm_content=v01b

#OrbitaPMTool #SistemasDeGestión #TuConsultor #PortalÚnico #ISO9001",https://www.tuconsultor.com/social-img/orbita/V01B_linkedin.png,https://www.tuconsultor.com/orbita/,,
1519,13/04/2027,19:00,linkedin,"Un portal. Todas tus normas, todos tus procesos.

Cada norma que añades no puede ser otra carpeta y otro responsable. En Orbita las normas comparten procesos, tareas y evidencias: una integración de verdad, no una pestaña más.

Pide una demo de Orbita · PM Tool.
👉 https://www.tuconsultor.com/orbita/?utm_source=linkedin&utm_medium=social&utm_campaign=orbita-ventajas&utm_content=v01b

#OrbitaPMTool #SistemasDeGestión #TuConsultor #PortalÚnico #ISO9001",https://www.tuconsultor.com/social-img/orbita/V01B_linkedin.png,https://www.tuconsultor.com/orbita/,,
1520,13/04/2027,19:00,instagram,"🧭 Un portal. Todas tus normas, todos tus procesos.

9001, 14001, 27001, 45001… y los procesos que las sostienen. Juntos.

Pide una demo: enlace en bio.
Enlace en bio.

❤️ Gestión con corazón desde 2006.

#OrbitaPMTool #SistemasDeGestión #TuConsultor #PortalÚnico #ISO9001 #GestiónConCorazón #Orbita",https://www.tuconsultor.com/social-img/orbita/V01B_instagram.png,https://www.tuconsultor.com/orbita/,,
1521,14/04/2027,08:45,linkedin_alejandro,"Lo que no está en el portal, no existe.

Mi regla con los clientes es sencilla: lo que no está en Orbita no existe. Suena duro y es lo que más tranquilidad da. Una versión, la vigente, y todos mirando lo mismo.

Te lo enseño en 20 minutos con un proyecto real.
👉 https://www.tuconsultor.com/orbita/?utm_source=linkedin_alejandro&utm_medium=social&utm_campaign=orbita-ventajas&utm_content=v01c

#OrbitaPMTool #SistemasDeGestión #TuConsultor #PortalÚnico #ISO9001",https://www.tuconsultor.com/social-img/orbita/V01C_linkedin.png,https://www.tuconsultor.com/orbita/,,
1522,14/04/2027,19:00,linkedin,"Lo que no está en el portal, no existe.

La versión buena del procedimiento está en el portátil de alguien. En Orbita hay una versión: la vigente, con su historial. Tu equipo, tu consultor y tu auditor miran la misma pantalla.

Pide una demo de Orbita · PM Tool.
👉 https://www.tuconsultor.com/orbita/?utm_source=linkedin&utm_medium=social&utm_campaign=orbita-ventajas&utm_content=v01c

#OrbitaPMTool #SistemasDeGestión #TuConsultor #PortalÚnico #ISO9001",https://www.tuconsultor.com/social-img/orbita/V01C_linkedin.png,https://www.tuconsultor.com/orbita/,,
1523,14/04/2027,19:00,instagram,"🧭 Lo que no está en el portal, no existe.

Y eso es exactamente lo que quieres: una sola versión, la vigente.

Pide una demo: enlace en bio.
Enlace en bio.

❤️ Gestión con corazón desde 2006.

#OrbitaPMTool #SistemasDeGestión #TuConsultor #PortalÚnico #ISO9001 #GestiónConCorazón #Orbita",https://www.tuconsultor.com/social-img/orbita/V01C_instagram.png,https://www.tuconsultor.com/orbita/,,
1524,15/04/2027,08:45,linkedin_alejandro,"Tu sistema de gestión no depende de una persona.

He visto sistemas de calidad desaparecer con una baja o un cambio de puesto. Con Orbita eso no pasa: el sistema está en el portal, no en una persona. Es la diferencia entre tener un sistema y tener a alguien que se lo sabe.

Te lo enseño en 20 minutos con un proyecto real.
👉 https://www.tuconsultor.com/orbita/?utm_source=linkedin_alejandro&utm_medium=social&utm_campaign=orbita-ventajas&utm_content=v02a

#OrbitaPMTool #SistemasDeGestión #TuConsultor #Continuidad #Equipo",https://www.tuconsultor.com/social-img/orbita/V02A_linkedin.png,https://www.tuconsultor.com/orbita/,,
1525,15/04/2027,19:00,linkedin,"Tu sistema de gestión no depende de una persona.

El sistema ISO de muchas empresas vive en la cabeza de una persona. Cuando esa persona se va, se va el sistema. En Orbita, procesos, tareas, evidencias e historial están en el portal: quien llegue continúa donde lo dejó el anterior.

Pide una demo de Orbita · PM Tool.
👉 https://www.tuconsultor.com/orbita/?utm_source=linkedin&utm_medium=social&utm_campaign=orbita-ventajas&utm_content=v02a

#OrbitaPMTool #SistemasDeGestión #TuConsultor #Continuidad #Equipo",https://www.tuconsultor.com/social-img/orbita/V02A_linkedin.png,https://www.tuconsultor.com/orbita/,,
1526,15/04/2027,19:00,instagram,"🧩 Tu sistema de gestión no depende de una persona.

Si el responsable de calidad se va, el sistema se queda.

Pide una demo: enlace en bio.
Enlace en bio.

❤️ Gestión con corazón desde 2006.

#OrbitaPMTool #SistemasDeGestión #TuConsultor #Continuidad #Equipo #GestiónConCorazón #Orbita",https://www.tuconsultor.com/social-img/orbita/V02A_instagram.png,https://www.tuconsultor.com/orbita/,,
1527,16/04/2027,08:45,linkedin_alejandro,"Vacaciones, bajas, cambios. El sistema sigue.

Agosto es la prueba de fuego de un sistema de gestión. En Orbita, las tareas del sistema tienen dueño y sustituto, y el consultor las ve. Cuando vuelve el equipo, no hay que reconstruir nada.

Te lo enseño en 20 minutos con un proyecto real.
👉 https://www.tuconsultor.com/orbita/?utm_source=linkedin_alejandro&utm_medium=social&utm_campaign=orbita-ventajas&utm_content=v02b

#OrbitaPMTool #SistemasDeGestión #TuConsultor #Continuidad #Equipo",https://www.tuconsultor.com/social-img/orbita/V02B_linkedin.png,https://www.tuconsultor.com/orbita/,,
1528,16/04/2027,19:00,linkedin,"Vacaciones, bajas, cambios. El sistema sigue.

En Orbita cada tarea tiene responsable, plazo y evidencia. Si alguien falta, se reasigna y sigue. La auditoría no espera a que vuelva nadie de vacaciones, y tu sistema tampoco.

Pide una demo de Orbita · PM Tool.
👉 https://www.tuconsultor.com/orbita/?utm_source=linkedin&utm_medium=social&utm_campaign=orbita-ventajas&utm_content=v02b

#OrbitaPMTool #SistemasDeGestión #TuConsultor #Continuidad #Equipo",https://www.tuconsultor.com/social-img/orbita/V02B_linkedin.png,https://www.tuconsultor.com/orbita/,,
1529,16/04/2027,19:00,instagram,"🧩 Vacaciones, bajas, cambios. El sistema sigue.

Tareas con dueño, plazos y sustituto. Nada se para.

Pide una demo: enlace en bio.
Enlace en bio.

❤️ Gestión con corazón desde 2006.

#OrbitaPMTool #SistemasDeGestión #TuConsultor #Continuidad #Equipo #GestiónConCorazón #Orbita",https://www.tuconsultor.com/social-img/orbita/V02B_instagram.png,https://www.tuconsultor.com/orbita/,,
1530,17/04/2027,08:45,linkedin_alejandro,"El conocimiento del sistema es de la empresa.

Como consultor, mi trabajo es que el cliente no me necesite para saber cómo funciona su sistema. Orbita lo hace posible: todo lo que hacemos juntos queda en su portal, no en mis notas.

Te lo enseño en 20 minutos con un proyecto real.
👉 https://www.tuconsultor.com/orbita/?utm_source=linkedin_alejandro&utm_medium=social&utm_campaign=orbita-ventajas&utm_content=v02c

#OrbitaPMTool #SistemasDeGestión #TuConsultor #Continuidad #Equipo",https://www.tuconsultor.com/social-img/orbita/V02C_linkedin.png,https://www.tuconsultor.com/orbita/,,
1531,17/04/2027,19:00,linkedin,"El conocimiento del sistema es de la empresa.

Cuando el sistema está en Orbita, el conocimiento se queda en la empresa: qué se hizo, por qué, con qué evidencia. Cambie quien cambie, el hilo no se rompe.

Pide una demo de Orbita · PM Tool.
👉 https://www.tuconsultor.com/orbita/?utm_source=linkedin&utm_medium=social&utm_campaign=orbita-ventajas&utm_content=v02c

#OrbitaPMTool #SistemasDeGestión #TuConsultor #Continuidad #Equipo",https://www.tuconsultor.com/social-img/orbita/V02C_linkedin.png,https://www.tuconsultor.com/orbita/,,
1532,17/04/2027,19:00,instagram,"🧩 El conocimiento del sistema es de la empresa.

No del consultor. No del responsable. De la organización.

Pide una demo: enlace en bio.
Enlace en bio.

❤️ Gestión con corazón desde 2006.

#OrbitaPMTool #SistemasDeGestión #TuConsultor #Continuidad #Equipo #GestiónConCorazón #Orbita",https://www.tuconsultor.com/social-img/orbita/V02C_instagram.png,https://www.tuconsultor.com/orbita/,,
1533,18/04/2027,08:45,linkedin_alejandro,"Siempre atendido. No una visita al mes.

Ya no trabajo a golpe de visita mensual. Estoy dentro del portal de cada cliente, veo lo que avanza y lo que se atasca, y actúo antes de que sea un problema. Siempre atendido no es un eslogan: es el modelo.

Te lo enseño en 20 minutos con un proyecto real.
👉 https://www.tuconsultor.com/orbita/?utm_source=linkedin_alejandro&utm_medium=social&utm_campaign=orbita-ventajas&utm_content=v03a

#OrbitaPMTool #SistemasDeGestión #TuConsultor #Consultoría #Acompañamiento",https://www.tuconsultor.com/social-img/orbita/V03A_linkedin.png,https://www.tuconsultor.com/orbita/,,
1534,18/04/2027,19:00,linkedin,"Siempre atendido. No una visita al mes.

La consultoría clásica es una visita mensual y un correo cuando hay prisa. En Orbita el consultor está dentro del portal: ve las tareas, contesta las dudas y programa el trabajo semana a semana. Acompañamiento de verdad, no presencia.

Pide una demo de Orbita · PM Tool.
👉 https://www.tuconsultor.com/orbita/?utm_source=linkedin&utm_medium=social&utm_campaign=orbita-ventajas&utm_content=v03a

#OrbitaPMTool #SistemasDeGestión #TuConsultor #Consultoría #Acompañamiento",https://www.tuconsultor.com/social-img/orbita/V03A_linkedin.png,https://www.tuconsultor.com/orbita/,,
1535,18/04/2027,19:00,instagram,"🤝 Siempre atendido. No una visita al mes.

Tu consultor dentro del portal, cada semana, no solo antes de la auditoría.

Pide una demo: enlace en bio.
Enlace en bio.

❤️ Gestión con corazón desde 2006.

#OrbitaPMTool #SistemasDeGestión #TuConsultor #Consultoría #Acompañamiento #GestiónConCorazón #Orbita",https://www.tuconsultor.com/social-img/orbita/V03A_instagram.png,https://www.tuconsultor.com/orbita/,,
1536,19/04/2027,08:45,linkedin_alejandro,"Cada tarea del sistema tiene a alguien detrás.

Lo que más agradecen mis clientes de Orbita no es la tecnología: es saber quién de mi equipo se ocupa de cada cosa y cuándo. Eso es estar atendido.

Te lo enseño en 20 minutos con un proyecto real.
👉 https://www.tuconsultor.com/orbita/?utm_source=linkedin_alejandro&utm_medium=social&utm_campaign=orbita-ventajas&utm_content=v03b

#OrbitaPMTool #SistemasDeGestión #TuConsultor #Consultoría #Acompañamiento",https://www.tuconsultor.com/social-img/orbita/V03B_linkedin.png,https://www.tuconsultor.com/orbita/,,
1537,19/04/2027,19:00,linkedin,"Cada tarea del sistema tiene a alguien detrás.

En Orbita cada proyecto tiene su consultor y cada tarea su sesión programada. El cliente ve quién viene, cuándo y a qué. Sin perseguir a nadie por correo.

Pide una demo de Orbita · PM Tool.
👉 https://www.tuconsultor.com/orbita/?utm_source=linkedin&utm_medium=social&utm_campaign=orbita-ventajas&utm_content=v03b

#OrbitaPMTool #SistemasDeGestión #TuConsultor #Consultoría #Acompañamiento",https://www.tuconsultor.com/social-img/orbita/V03B_linkedin.png,https://www.tuconsultor.com/orbita/,,
1538,19/04/2027,19:00,instagram,"🤝 Cada tarea del sistema tiene a alguien detrás.

Consultor asignado, agenda compartida y seguimiento en el portal.

Pide una demo: enlace en bio.
Enlace en bio.

❤️ Gestión con corazón desde 2006.

#OrbitaPMTool #SistemasDeGestión #TuConsultor #Consultoría #Acompañamiento #GestiónConCorazón #Orbita",https://www.tuconsultor.com/social-img/orbita/V03B_instagram.png,https://www.tuconsultor.com/orbita/,,
1539,20/04/2027,08:45,linkedin_alejandro,"Relación, Implicación o Compromiso.

Hay clientes que quieren que les acompañe y clientes que quieren que me ocupe. Por eso Orbita tiene tres modelos: Relación, Implicación y Compromiso. Elige el tuyo y el portal se adapta.

Te lo enseño en 20 minutos con un proyecto real.
👉 https://www.tuconsultor.com/orbita/?utm_source=linkedin_alejandro&utm_medium=social&utm_campaign=orbita-ventajas&utm_content=v03c

#OrbitaPMTool #SistemasDeGestión #TuConsultor #Consultoría #Acompañamiento",https://www.tuconsultor.com/social-img/orbita/V03C_linkedin.png,https://www.tuconsultor.com/orbita/,,
1540,20/04/2027,19:00,linkedin,"Relación, Implicación o Compromiso.

No todas las empresas necesitan lo mismo. En Orbita trabajamos con tres modelos: Relación (te acompañamos), Implicación (lo hacemos contigo) y Compromiso (lo llevamos por ti). El portal es el mismo; cambia cuánto hacemos nosotros.

Pide una demo de Orbita · PM Tool.
👉 https://www.tuconsultor.com/orbita/?utm_source=linkedin&utm_medium=social&utm_campaign=orbita-ventajas&utm_content=v03c

#OrbitaPMTool #SistemasDeGestión #TuConsultor #Consultoría #Acompañamiento",https://www.tuconsultor.com/social-img/orbita/V03C_linkedin.png,https://www.tuconsultor.com/orbita/,,
1541,20/04/2027,19:00,instagram,"🤝 Relación, Implicación o Compromiso.

Tres modelos de acompañamiento. Tú eliges cuánto nos metemos.

Pide una demo: enlace en bio.
Enlace en bio.

❤️ Gestión con corazón desde 2006.

#OrbitaPMTool #SistemasDeGestión #TuConsultor #Consultoría #Acompañamiento #GestiónConCorazón #Orbita",https://www.tuconsultor.com/social-img/orbita/V03C_instagram.png,https://www.tuconsultor.com/orbita/,,
1542,21/04/2027,08:45,linkedin_alejandro,"Diez años de sistema en un solo hilo.

Lo primero que pide un auditor es el hilo: qué pasó el año pasado y qué hicisteis. En Orbita el hilo está entero, con fecha y evidencia. Es el legado del sistema, y es de la empresa.

Te lo enseño en 20 minutos con un proyecto real.
👉 https://www.tuconsultor.com/orbita/?utm_source=linkedin_alejandro&utm_medium=social&utm_campaign=orbita-ventajas&utm_content=v04a

#OrbitaPMTool #SistemasDeGestión #TuConsultor #Legado #Conocimiento",https://www.tuconsultor.com/social-img/orbita/V04A_linkedin.png,https://www.tuconsultor.com/orbita/,,
1543,21/04/2027,19:00,linkedin,"Diez años de sistema en un solo hilo.

Un sistema de gestión es su historia: qué falló, qué se decidió, qué se cambió. En Orbita ese legado está ordenado por proyecto y por proceso, con fecha, autor y evidencia. Nada se pierde entre versiones de carpeta.

Pide una demo de Orbita · PM Tool.
👉 https://www.tuconsultor.com/orbita/?utm_source=linkedin&utm_medium=social&utm_campaign=orbita-ventajas&utm_content=v04a

#OrbitaPMTool #SistemasDeGestión #TuConsultor #Legado #Conocimiento",https://www.tuconsultor.com/social-img/orbita/V04A_linkedin.png,https://www.tuconsultor.com/orbita/,,
1544,21/04/2027,19:00,instagram,"📚 Diez años de sistema en un solo hilo.

Auditorías, no conformidades, cambios y decisiones. Con fecha y evidencia.

Pide una demo: enlace en bio.
Enlace en bio.

❤️ Gestión con corazón desde 2006.

#OrbitaPMTool #SistemasDeGestión #TuConsultor #Legado #Conocimiento #GestiónConCorazón #Orbita",https://www.tuconsultor.com/social-img/orbita/V04A_instagram.png,https://www.tuconsultor.com/orbita/,,
1545,22/04/2027,08:45,linkedin_alejandro,"La no conformidad de 2024 y lo que hiciste con ella.

Una no conformidad bien cerrada es la mejor prueba de que el sistema funciona. Con Orbita queda el ciclo completo: hallazgo, causa, acción y eficacia. Eso es gestionar el legado.

Te lo enseño en 20 minutos con un proyecto real.
👉 https://www.tuconsultor.com/orbita/?utm_source=linkedin_alejandro&utm_medium=social&utm_campaign=orbita-ventajas&utm_content=v04b

#OrbitaPMTool #SistemasDeGestión #TuConsultor #Legado #Conocimiento",https://www.tuconsultor.com/social-img/orbita/V04B_linkedin.png,https://www.tuconsultor.com/orbita/,,
1546,22/04/2027,19:00,linkedin,"La no conformidad de 2024 y lo que hiciste con ella.

En Orbita cada hallazgo lleva su análisis, su acción y su verificación de eficacia. Cuando el auditor pregunte por la no conformidad de hace dos años, la respuesta está en el portal, no en la memoria de nadie.

Pide una demo de Orbita · PM Tool.
👉 https://www.tuconsultor.com/orbita/?utm_source=linkedin&utm_medium=social&utm_campaign=orbita-ventajas&utm_content=v04b

#OrbitaPMTool #SistemasDeGestión #TuConsultor #Legado #Conocimiento",https://www.tuconsultor.com/social-img/orbita/V04B_linkedin.png,https://www.tuconsultor.com/orbita/,,
1547,22/04/2027,19:00,instagram,"📚 La no conformidad de 2024 y lo que hiciste con ella.

En el portal, a dos clics. No en un correo de hace dos años.

Pide una demo: enlace en bio.
Enlace en bio.

❤️ Gestión con corazón desde 2006.

#OrbitaPMTool #SistemasDeGestión #TuConsultor #Legado #Conocimiento #GestiónConCorazón #Orbita",https://www.tuconsultor.com/social-img/orbita/V04B_instagram.png,https://www.tuconsultor.com/orbita/,,
1548,23/04/2027,08:45,linkedin_alejandro,"Cambiar de consultor sin empezar de cero.

Sé que suena raro viniendo de un consultor: con Orbita puedes cambiar de consultor sin perder nada. El sistema, con todo su historial, es de la empresa. Así debería ser siempre.

Te lo enseño en 20 minutos con un proyecto real.
👉 https://www.tuconsultor.com/orbita/?utm_source=linkedin_alejandro&utm_medium=social&utm_campaign=orbita-ventajas&utm_content=v04c

#OrbitaPMTool #SistemasDeGestión #TuConsultor #Legado #Conocimiento",https://www.tuconsultor.com/social-img/orbita/V04C_linkedin.png,https://www.tuconsultor.com/orbita/,,
1549,23/04/2027,19:00,linkedin,"Cambiar de consultor sin empezar de cero.

Con Orbita el sistema es tuyo: si cambia el consultor, el nuevo entra en el portal y continúa. Sin rehacer procedimientos, sin reconstruir el historial.

Pide una demo de Orbita · PM Tool.
👉 https://www.tuconsultor.com/orbita/?utm_source=linkedin&utm_medium=social&utm_campaign=orbita-ventajas&utm_content=v04c

#OrbitaPMTool #SistemasDeGestión #TuConsultor #Legado #Conocimiento",https://www.tuconsultor.com/social-img/orbita/V04C_linkedin.png,https://www.tuconsultor.com/orbita/,,
1550,23/04/2027,19:00,instagram,"📚 Cambiar de consultor sin empezar de cero.

El sistema, sus decisiones y sus evidencias siguen en tu portal.

Pide una demo: enlace en bio.
Enlace en bio.

❤️ Gestión con corazón desde 2006.

#OrbitaPMTool #SistemasDeGestión #TuConsultor #Legado #Conocimiento #GestiónConCorazón #Orbita",https://www.tuconsultor.com/social-img/orbita/V04C_instagram.png,https://www.tuconsultor.com/orbita/,,
1551,24/04/2027,08:45,linkedin_alejandro,"Tus procedimientos no viajan por WhatsApp.

Como consultor de ISO 27001 y ENS no podía ofrecer a mis clientes un portal que no cumpliera lo que yo exijo en las auditorías. Orbita tiene accesos por rol, registro de accesos y datos en la UE.

Te lo enseño en 20 minutos con un proyecto real.
👉 https://www.tuconsultor.com/orbita/?utm_source=linkedin_alejandro&utm_medium=social&utm_campaign=orbita-ventajas&utm_content=v05a

#OrbitaPMTool #SistemasDeGestión #TuConsultor #ISO27001 #Seguridad",https://www.tuconsultor.com/social-img/orbita/V05A_linkedin.png,https://www.tuconsultor.com/orbita/,,
1552,24/04/2027,19:00,linkedin,"Tus procedimientos no viajan por WhatsApp.

Un sistema de gestión maneja información sensible: auditorías, no conformidades, datos de personas. En Orbita cada usuario ve lo suyo, cada acceso queda registrado y los datos se alojan en la Unión Europea.

Pide una demo de Orbita · PM Tool.
👉 https://www.tuconsultor.com/orbita/?utm_source=linkedin&utm_medium=social&utm_campaign=orbita-ventajas&utm_content=v05a

#OrbitaPMTool #SistemasDeGestión #TuConsultor #ISO27001 #Seguridad",https://www.tuconsultor.com/social-img/orbita/V05A_linkedin.png,https://www.tuconsultor.com/orbita/,,
1553,24/04/2027,19:00,instagram,"🔐 Tus procedimientos no viajan por WhatsApp.

Accesos por rol, trazabilidad y datos en la Unión Europea.

Pide una demo: enlace en bio.
Enlace en bio.

❤️ Gestión con corazón desde 2006.

#OrbitaPMTool #SistemasDeGestión #TuConsultor #ISO27001 #Seguridad #GestiónConCorazón #Orbita",https://www.tuconsultor.com/social-img/orbita/V05A_instagram.png,https://www.tuconsultor.com/orbita/,,
1554,25/04/2027,08:45,linkedin_alejandro,"Quién vio qué y cuándo.

La trazabilidad no es un lujo: es un requisito. En Orbita sabemos quién entró, qué vio y qué cambió. Es la misma exigencia que aplico en cada implantación de 27001.

Te lo enseño en 20 minutos con un proyecto real.
👉 https://www.tuconsultor.com/orbita/?utm_source=linkedin_alejandro&utm_medium=social&utm_campaign=orbita-ventajas&utm_content=v05b

#OrbitaPMTool #SistemasDeGestión #TuConsultor #ISO27001 #Seguridad",https://www.tuconsultor.com/social-img/orbita/V05B_linkedin.png,https://www.tuconsultor.com/orbita/,,
1555,25/04/2027,19:00,linkedin,"Quién vio qué y cuándo.

Orbita registra entradas, accesos y cambios en el sistema. Es lo que piden la ISO 27001 y el ENS, y lo que necesitas para saber que la documentación del sistema está bajo control.

Pide una demo de Orbita · PM Tool.
👉 https://www.tuconsultor.com/orbita/?utm_source=linkedin&utm_medium=social&utm_campaign=orbita-ventajas&utm_content=v05b

#OrbitaPMTool #SistemasDeGestión #TuConsultor #ISO27001 #Seguridad",https://www.tuconsultor.com/social-img/orbita/V05B_linkedin.png,https://www.tuconsultor.com/orbita/,,
1556,25/04/2027,19:00,instagram,"🔐 Quién vio qué y cuándo.

Registro de accesos y cambios. Lo que pide la ISO 27001 y el ENS.

Pide una demo: enlace en bio.
Enlace en bio.

❤️ Gestión con corazón desde 2006.

#OrbitaPMTool #SistemasDeGestión #TuConsultor #ISO27001 #Seguridad #GestiónConCorazón #Orbita",https://www.tuconsultor.com/social-img/orbita/V05B_instagram.png,https://www.tuconsultor.com/orbita/,,
1557,26/04/2027,08:45,linkedin_alejandro,"Copias, cifrado y accesos que no dependen de nadie.

Cada vez que veo un sistema de gestión en una carpeta compartida sin control de accesos, pienso en el día que alguien lo borre sin querer. Con Orbita ese día no llega.

Te lo enseño en 20 minutos con un proyecto real.
👉 https://www.tuconsultor.com/orbita/?utm_source=linkedin_alejandro&utm_medium=social&utm_campaign=orbita-ventajas&utm_content=v05c

#OrbitaPMTool #SistemasDeGestión #TuConsultor #ISO27001 #Seguridad",https://www.tuconsultor.com/social-img/orbita/V05C_linkedin.png,https://www.tuconsultor.com/orbita/,,
1558,26/04/2027,19:00,linkedin,"Copias, cifrado y accesos que no dependen de nadie.

La carpeta compartida no tiene copias de seguridad verificadas ni control de accesos real. Orbita corre sobre infraestructura profesional en la UE, con copias, cifrado en tránsito y en reposo y accesos por rol.

Pide una demo de Orbita · PM Tool.
👉 https://www.tuconsultor.com/orbita/?utm_source=linkedin&utm_medium=social&utm_campaign=orbita-ventajas&utm_content=v05c

#OrbitaPMTool #SistemasDeGestión #TuConsultor #ISO27001 #Seguridad",https://www.tuconsultor.com/social-img/orbita/V05C_linkedin.png,https://www.tuconsultor.com/orbita/,,
1559,26/04/2027,19:00,instagram,"🔐 Copias, cifrado y accesos que no dependen de nadie.

Infraestructura profesional, no una carpeta compartida.

Pide una demo: enlace en bio.
Enlace en bio.

❤️ Gestión con corazón desde 2006.

#OrbitaPMTool #SistemasDeGestión #TuConsultor #ISO27001 #Seguridad #GestiónConCorazón #Orbita",https://www.tuconsultor.com/social-img/orbita/V05C_instagram.png,https://www.tuconsultor.com/orbita/,,
1560,27/04/2027,08:45,linkedin_alejandro,"Preguntas al sistema. Respuestas al momento.

Mis clientes me hacían las mismas preguntas una y otra vez. Ahora se las hacen al portal y la respuesta sale de su propia documentación. Yo me quedo para lo que aporta valor.

Te lo enseño en 20 minutos con un proyecto real.
👉 https://www.tuconsultor.com/orbita/?utm_source=linkedin_alejandro&utm_medium=social&utm_campaign=orbita-ventajas&utm_content=v06a

#OrbitaPMTool #SistemasDeGestión #TuConsultor #IA #Consultoría",https://www.tuconsultor.com/social-img/orbita/V06A_linkedin.png,https://www.tuconsultor.com/orbita/,,
1561,27/04/2027,19:00,linkedin,"Preguntas al sistema. Respuestas al momento.

«¿Qué dice nuestro procedimiento de compras?» «¿Qué me toca antes de la auditoría?» En Orbita las respuestas salen de tu propia documentación, al instante, sin esperar al consultor ni buscar en carpetas.

Pide una demo de Orbita · PM Tool.
👉 https://www.tuconsultor.com/orbita/?utm_source=linkedin&utm_medium=social&utm_campaign=orbita-ventajas&utm_content=v06a

#OrbitaPMTool #SistemasDeGestión #TuConsultor #IA #Consultoría",https://www.tuconsultor.com/social-img/orbita/V06A_linkedin.png,https://www.tuconsultor.com/orbita/,,
1562,27/04/2027,19:00,instagram,"⚡ Preguntas al sistema. Respuestas al momento.

La documentación de tu ISO responde: qué dice el procedimiento, qué toca ahora.

Pide una demo: enlace en bio.
Enlace en bio.

❤️ Gestión con corazón desde 2006.

#OrbitaPMTool #SistemasDeGestión #TuConsultor #IA #Consultoría #GestiónConCorazón #Orbita",https://www.tuconsultor.com/social-img/orbita/V06A_instagram.png,https://www.tuconsultor.com/orbita/,,
1563,28/04/2027,08:45,linkedin_alejandro,"Sin esperar al correo del consultor.

Odiaba ser el cuello de botella de mis clientes. Con Orbita las dudas del día a día se resuelven al momento y con referencia al procedimiento. Yo entro cuando hace falta criterio, no para buscar un párrafo.

Te lo enseño en 20 minutos con un proyecto real.
👉 https://www.tuconsultor.com/orbita/?utm_source=linkedin_alejandro&utm_medium=social&utm_campaign=orbita-ventajas&utm_content=v06b

#OrbitaPMTool #SistemasDeGestión #TuConsultor #IA #Consultoría",https://www.tuconsultor.com/social-img/orbita/V06B_linkedin.png,https://www.tuconsultor.com/orbita/,,
1564,28/04/2027,19:00,linkedin,"Sin esperar al correo del consultor.

Una duda del sistema no puede esperar tres días a que el consultor conteste el correo. En Orbita la respuesta es inmediata y cita el procedimiento: si hace falta más, el consultor entra en el mismo hilo.

Pide una demo de Orbita · PM Tool.
👉 https://www.tuconsultor.com/orbita/?utm_source=linkedin&utm_medium=social&utm_campaign=orbita-ventajas&utm_content=v06b

#OrbitaPMTool #SistemasDeGestión #TuConsultor #IA #Consultoría",https://www.tuconsultor.com/social-img/orbita/V06B_linkedin.png,https://www.tuconsultor.com/orbita/,,
1565,28/04/2027,19:00,instagram,"⚡ Sin esperar al correo del consultor.

Dudas resueltas en el portal, con la referencia al procedimiento.

Pide una demo: enlace en bio.
Enlace en bio.

❤️ Gestión con corazón desde 2006.

#OrbitaPMTool #SistemasDeGestión #TuConsultor #IA #Consultoría #GestiónConCorazón #Orbita",https://www.tuconsultor.com/social-img/orbita/V06B_instagram.png,https://www.tuconsultor.com/orbita/,,
1566,29/04/2027,08:45,linkedin_alejandro,"La auditoría empieza cuando tú quieras.

Preparar una auditoría era una semana de nervios. Con Orbita mis clientes se hacen las preguntas del auditor antes, con sus propios datos, y llegan tranquilos.

Te lo enseño en 20 minutos con un proyecto real.
👉 https://www.tuconsultor.com/orbita/?utm_source=linkedin_alejandro&utm_medium=social&utm_campaign=orbita-ventajas&utm_content=v06c

#OrbitaPMTool #SistemasDeGestión #TuConsultor #IA #Consultoría",https://www.tuconsultor.com/social-img/orbita/V06C_linkedin.png,https://www.tuconsultor.com/orbita/,,
1567,29/04/2027,19:00,linkedin,"La auditoría empieza cuando tú quieras.

Antes de la auditoría, pregunta al portal lo que preguntaría el auditor. Orbita responde con tu documentación y te dice dónde hay hueco. Llegas sabiendo qué van a encontrar.

Pide una demo de Orbita · PM Tool.
👉 https://www.tuconsultor.com/orbita/?utm_source=linkedin&utm_medium=social&utm_campaign=orbita-ventajas&utm_content=v06c

#OrbitaPMTool #SistemasDeGestión #TuConsultor #IA #Consultoría",https://www.tuconsultor.com/social-img/orbita/V06C_linkedin.png,https://www.tuconsultor.com/orbita/,,
1568,29/04/2027,19:00,instagram,"⚡ La auditoría empieza cuando tú quieras.

Simula preguntas del auditor y comprueba las respuestas con tu documentación.

Pide una demo: enlace en bio.
Enlace en bio.

❤️ Gestión con corazón desde 2006.

#OrbitaPMTool #SistemasDeGestión #TuConsultor #IA #Consultoría #GestiónConCorazón #Orbita",https://www.tuconsultor.com/social-img/orbita/V06C_instagram.png,https://www.tuconsultor.com/orbita/,,
1569,30/04/2027,08:45,linkedin_alejandro,"Tus indicadores, en tiempo real.

Ver es la mitad del control. En Orbita cada cliente tiene su dashboard: indicadores, tareas y auditorías en vivo. Y yo veo lo mismo, así que no hace falta preguntar.

Te lo enseño en 20 minutos con un proyecto real.
👉 https://www.tuconsultor.com/orbita/?utm_source=linkedin_alejandro&utm_medium=social&utm_campaign=orbita-ventajas&utm_content=v07a

#OrbitaPMTool #SistemasDeGestión #TuConsultor #Dashboard #Dirección",https://www.tuconsultor.com/social-img/orbita/V07A_linkedin.png,https://www.tuconsultor.com/orbita/,,
1570,30/04/2027,19:00,linkedin,"Tus indicadores, en tiempo real.

Un sistema de gestión sin indicadores a la vista es un archivo. En Orbita el dashboard muestra objetivos, no conformidades abiertas, tareas pendientes y próximas auditorías, actualizado según se trabaja.

Pide una demo de Orbita · PM Tool.
👉 https://www.tuconsultor.com/orbita/?utm_source=linkedin&utm_medium=social&utm_campaign=orbita-ventajas&utm_content=v07a

#OrbitaPMTool #SistemasDeGestión #TuConsultor #Dashboard #Dirección",https://www.tuconsultor.com/social-img/orbita/V07A_linkedin.png,https://www.tuconsultor.com/orbita/,,
1571,30/04/2027,19:00,instagram,"📊 Tus indicadores, en tiempo real.

Objetivos, no conformidades, tareas y auditorías en una pantalla.

Pide una demo: enlace en bio.
Enlace en bio.

❤️ Gestión con corazón desde 2006.

#OrbitaPMTool #SistemasDeGestión #TuConsultor #Dashboard #Dirección #GestiónConCorazón #Orbita",https://www.tuconsultor.com/social-img/orbita/V07A_instagram.png,https://www.tuconsultor.com/orbita/,,
1572,01/05/2027,08:45,linkedin_alejandro,"El comité de dirección sin preparar el Excel.

La revisión por la dirección es el momento más útil del sistema y el peor preparado. Con Orbita los datos ya están; dedicamos la reunión a decidir. Eso cambia la conversación con la dirección.

Te lo enseño en 20 minutos con un proyecto real.
👉 https://www.tuconsultor.com/orbita/?utm_source=linkedin_alejandro&utm_medium=social&utm_campaign=orbita-ventajas&utm_content=v07b

#OrbitaPMTool #SistemasDeGestión #TuConsultor #Dashboard #Dirección",https://www.tuconsultor.com/social-img/orbita/V07B_linkedin.png,https://www.tuconsultor.com/orbita/,,
1573,01/05/2027,19:00,linkedin,"El comité de dirección sin preparar el Excel.

La revisión por la dirección no debería empezar con dos semanas de recopilar datos. En Orbita los indicadores del sistema están siempre al día: la reunión es para decidir, no para reunir.

Pide una demo de Orbita · PM Tool.
👉 https://www.tuconsultor.com/orbita/?utm_source=linkedin&utm_medium=social&utm_campaign=orbita-ventajas&utm_content=v07b

#OrbitaPMTool #SistemasDeGestión #TuConsultor #Dashboard #Dirección",https://www.tuconsultor.com/social-img/orbita/V07B_linkedin.png,https://www.tuconsultor.com/orbita/,,
1574,01/05/2027,19:00,instagram,"📊 El comité de dirección sin preparar el Excel.

Los datos de la revisión por la dirección ya están en el portal.

Pide una demo: enlace en bio.
Enlace en bio.

❤️ Gestión con corazón desde 2006.

#OrbitaPMTool #SistemasDeGestión #TuConsultor #Dashboard #Dirección #GestiónConCorazón #Orbita",https://www.tuconsultor.com/social-img/orbita/V07B_instagram.png,https://www.tuconsultor.com/orbita/,,
1575,02/05/2027,08:45,linkedin_alejandro,"Un semáforo por proceso. Sin sorpresas.

Un dashboard no es para mirar números: es para no llevarse sorpresas. En Orbita el semáforo por proceso avisa antes de que el problema llegue a la auditoría.

Te lo enseño en 20 minutos con un proyecto real.
👉 https://www.tuconsultor.com/orbita/?utm_source=linkedin_alejandro&utm_medium=social&utm_campaign=orbita-ventajas&utm_content=v07c

#OrbitaPMTool #SistemasDeGestión #TuConsultor #Dashboard #Dirección",https://www.tuconsultor.com/social-img/orbita/V07C_linkedin.png,https://www.tuconsultor.com/orbita/,,
1576,02/05/2027,19:00,linkedin,"Un semáforo por proceso. Sin sorpresas.

En Orbita cada proceso y cada proyecto tienen su estado: al día, en riesgo o retrasado. La dirección ve el sistema completo de un vistazo y decide con datos, no con sensaciones.

Pide una demo de Orbita · PM Tool.
👉 https://www.tuconsultor.com/orbita/?utm_source=linkedin&utm_medium=social&utm_campaign=orbita-ventajas&utm_content=v07c

#OrbitaPMTool #SistemasDeGestión #TuConsultor #Dashboard #Dirección",https://www.tuconsultor.com/social-img/orbita/V07C_linkedin.png,https://www.tuconsultor.com/orbita/,,
1577,02/05/2027,19:00,instagram,"📊 Un semáforo por proceso. Sin sorpresas.

Qué va bien, qué se retrasa y qué necesita decisión. A un vistazo.

Pide una demo: enlace en bio.
Enlace en bio.

❤️ Gestión con corazón desde 2006.

#OrbitaPMTool #SistemasDeGestión #TuConsultor #Dashboard #Dirección #GestiónConCorazón #Orbita",https://www.tuconsultor.com/social-img/orbita/V07C_instagram.png,https://www.tuconsultor.com/orbita/,,
1578,03/05/2027,08:45,linkedin_alejandro,"La documentación del sistema, disponible 24/7.

La documentación del sistema no puede depender de que alguien esté en la oficina. En Orbita está siempre disponible, con la versión vigente. Es lo mínimo para un sistema que dice estar vivo.

Te lo enseño en 20 minutos con un proyecto real.
👉 https://www.tuconsultor.com/orbita/?utm_source=linkedin_alejandro&utm_medium=social&utm_campaign=orbita-ventajas&utm_content=v08a

#OrbitaPMTool #SistemasDeGestión #TuConsultor #Documentación #Auditoría",https://www.tuconsultor.com/social-img/orbita/V08A_linkedin.png,https://www.tuconsultor.com/orbita/,,
1579,03/05/2027,19:00,linkedin,"La documentación del sistema, disponible 24/7.

El auditor llega a las 8 y el responsable está de viaje. Da igual: en Orbita la documentación del sistema está disponible las 24 horas, con la versión vigente y su historial. Sin pedir nada a nadie.

Pide una demo de Orbita · PM Tool.
👉 https://www.tuconsultor.com/orbita/?utm_source=linkedin&utm_medium=social&utm_campaign=orbita-ventajas&utm_content=v08a

#OrbitaPMTool #SistemasDeGestión #TuConsultor #Documentación #Auditoría",https://www.tuconsultor.com/social-img/orbita/V08A_linkedin.png,https://www.tuconsultor.com/orbita/,,
1580,03/05/2027,19:00,instagram,"🗂️ La documentación del sistema, disponible 24/7.

Procedimientos, registros y evidencias. A cualquier hora, desde cualquier sitio.

Pide una demo: enlace en bio.
Enlace en bio.

❤️ Gestión con corazón desde 2006.

#OrbitaPMTool #SistemasDeGestión #TuConsultor #Documentación #Auditoría #GestiónConCorazón #Orbita",https://www.tuconsultor.com/social-img/orbita/V08A_instagram.png,https://www.tuconsultor.com/orbita/,,
1581,04/05/2027,08:45,linkedin_alejandro,"Un solo lugar para cada documento.

La pregunta «¿cuál es la versión buena?» desaparece con Orbita. Hay una, está en el portal y se puede consultar a cualquier hora. Parece poco; cambia la auditoría entera.

Te lo enseño en 20 minutos con un proyecto real.
👉 https://www.tuconsultor.com/orbita/?utm_source=linkedin_alejandro&utm_medium=social&utm_campaign=orbita-ventajas&utm_content=v08b

#OrbitaPMTool #SistemasDeGestión #TuConsultor #Documentación #Auditoría",https://www.tuconsultor.com/social-img/orbita/V08B_linkedin.png,https://www.tuconsultor.com/orbita/,,
1582,04/05/2027,19:00,linkedin,"Un solo lugar para cada documento.

En Orbita cada documento tiene un lugar, un estado y un historial. La copia que alguien guardó en su escritorio deja de ser un riesgo porque nadie la necesita.

Pide una demo de Orbita · PM Tool.
👉 https://www.tuconsultor.com/orbita/?utm_source=linkedin&utm_medium=social&utm_campaign=orbita-ventajas&utm_content=v08b

#OrbitaPMTool #SistemasDeGestión #TuConsultor #Documentación #Auditoría",https://www.tuconsultor.com/social-img/orbita/V08B_linkedin.png,https://www.tuconsultor.com/orbita/,,
1583,04/05/2027,19:00,instagram,"🗂️ Un solo lugar para cada documento.

Sin copias en el escritorio ni versiones en el correo.

Pide una demo: enlace en bio.
Enlace en bio.

❤️ Gestión con corazón desde 2006.

#OrbitaPMTool #SistemasDeGestión #TuConsultor #Documentación #Auditoría #GestiónConCorazón #Orbita",https://www.tuconsultor.com/social-img/orbita/V08B_instagram.png,https://www.tuconsultor.com/orbita/,,
1584,05/05/2027,08:45,linkedin_alejandro,"Evidencias con fecha, no capturas en el móvil.

He visto auditorías salvadas con capturas de un móvil. Con Orbita las evidencias están en su sitio, con fecha y responsable. La diferencia entre aprobar y demostrar.

Te lo enseño en 20 minutos con un proyecto real.
👉 https://www.tuconsultor.com/orbita/?utm_source=linkedin_alejandro&utm_medium=social&utm_campaign=orbita-ventajas&utm_content=v08c

#OrbitaPMTool #SistemasDeGestión #TuConsultor #Documentación #Auditoría",https://www.tuconsultor.com/social-img/orbita/V08C_linkedin.png,https://www.tuconsultor.com/orbita/,,
1585,05/05/2027,19:00,linkedin,"Evidencias con fecha, no capturas en el móvil.

Las evidencias del sistema en Orbita cuelgan del proceso y de la tarea: quién, cuándo y qué. Cuando el auditor pide la prueba, está donde debe estar, no en el carrete de un teléfono.

Pide una demo de Orbita · PM Tool.
👉 https://www.tuconsultor.com/orbita/?utm_source=linkedin&utm_medium=social&utm_campaign=orbita-ventajas&utm_content=v08c

#OrbitaPMTool #SistemasDeGestión #TuConsultor #Documentación #Auditoría",https://www.tuconsultor.com/social-img/orbita/V08C_linkedin.png,https://www.tuconsultor.com/orbita/,,
1586,05/05/2027,19:00,instagram,"🗂️ Evidencias con fecha, no capturas en el móvil.

Cada registro en su proceso, con quién y cuándo. Listo para auditar.

Pide una demo: enlace en bio.
Enlace en bio.

❤️ Gestión con corazón desde 2006.

#OrbitaPMTool #SistemasDeGestión #TuConsultor #Documentación #Auditoría #GestiónConCorazón #Orbita",https://www.tuconsultor.com/social-img/orbita/V08C_instagram.png,https://www.tuconsultor.com/orbita/,,
1587,06/05/2027,08:45,linkedin_alejandro,"Respuesta 24/7. También un domingo.

No prometo estar disponible un domingo a las once. Prometo que mis clientes tendrán respuesta: el portal contesta con su documentación y yo retomo el lunes con criterio. Eso es 24/7 de verdad.

Te lo enseño en 20 minutos con un proyecto real.
👉 https://www.tuconsultor.com/orbita/?utm_source=linkedin_alejandro&utm_medium=social&utm_campaign=orbita-ventajas&utm_content=v09a

#OrbitaPMTool #SistemasDeGestión #TuConsultor #Soporte #Disponibilidad",https://www.tuconsultor.com/social-img/orbita/V09A_linkedin.png,https://www.tuconsultor.com/orbita/,,
1588,06/05/2027,19:00,linkedin,"Respuesta 24/7. También un domingo.

Las dudas no esperan al lunes. En Orbita el portal responde a cualquier hora con tu documentación y el consultor retoma en horario. Siempre hay respuesta; luego, si hace falta, criterio.

Pide una demo de Orbita · PM Tool.
👉 https://www.tuconsultor.com/orbita/?utm_source=linkedin&utm_medium=social&utm_campaign=orbita-ventajas&utm_content=v09a

#OrbitaPMTool #SistemasDeGestión #TuConsultor #Soporte #Disponibilidad",https://www.tuconsultor.com/social-img/orbita/V09A_linkedin.png,https://www.tuconsultor.com/orbita/,,
1589,06/05/2027,19:00,instagram,"🕐 Respuesta 24/7. También un domingo.

El portal contesta siempre; el consultor, en horario. Nunca te quedas sin respuesta.

Pide una demo: enlace en bio.
Enlace en bio.

❤️ Gestión con corazón desde 2006.

#OrbitaPMTool #SistemasDeGestión #TuConsultor #Soporte #Disponibilidad #GestiónConCorazón #Orbita",https://www.tuconsultor.com/social-img/orbita/V09A_instagram.png,https://www.tuconsultor.com/orbita/,,
1590,07/05/2027,08:45,linkedin_alejandro,"Soporte dentro del portal. No un teléfono que nadie coge.

El soporte a un cliente no puede ser un correo perdido. En Orbita cada petición tiene número, estado y responsable. Yo lo veo y el cliente también.

Te lo enseño en 20 minutos con un proyecto real.
👉 https://www.tuconsultor.com/orbita/?utm_source=linkedin_alejandro&utm_medium=social&utm_campaign=orbita-ventajas&utm_content=v09b

#OrbitaPMTool #SistemasDeGestión #TuConsultor #Soporte #Disponibilidad",https://www.tuconsultor.com/social-img/orbita/V09B_linkedin.png,https://www.tuconsultor.com/orbita/,,
1591,07/05/2027,19:00,linkedin,"Soporte dentro del portal. No un teléfono que nadie coge.

En Orbita el soporte está dentro: cada consulta o incidencia queda registrada, con estado y responsable. Sabes que se ha recibido y sabes en qué punto está.

Pide una demo de Orbita · PM Tool.
👉 https://www.tuconsultor.com/orbita/?utm_source=linkedin&utm_medium=social&utm_campaign=orbita-ventajas&utm_content=v09b

#OrbitaPMTool #SistemasDeGestión #TuConsultor #Soporte #Disponibilidad",https://www.tuconsultor.com/social-img/orbita/V09B_linkedin.png,https://www.tuconsultor.com/orbita/,,
1592,07/05/2027,19:00,instagram,"🕐 Soporte dentro del portal. No un teléfono que nadie coge.

Consulta, incidencia o petición: queda registrada y con seguimiento.

Pide una demo: enlace en bio.
Enlace en bio.

❤️ Gestión con corazón desde 2006.

#OrbitaPMTool #SistemasDeGestión #TuConsultor #Soporte #Disponibilidad #GestiónConCorazón #Orbita",https://www.tuconsultor.com/social-img/orbita/V09B_instagram.png,https://www.tuconsultor.com/orbita/,,
1593,08/05/2027,08:45,linkedin_alejandro,"Antes de la auditoría, a la hora que sea.

Sé que la víspera de una auditoría se trabaja hasta tarde. Por eso Orbita responde a cualquier hora con la documentación del cliente. Y yo llego a la auditoría sabiendo qué se ha consultado.

Te lo enseño en 20 minutos con un proyecto real.
👉 https://www.tuconsultor.com/orbita/?utm_source=linkedin_alejandro&utm_medium=social&utm_campaign=orbita-ventajas&utm_content=v09c

#OrbitaPMTool #SistemasDeGestión #TuConsultor #Soporte #Disponibilidad",https://www.tuconsultor.com/social-img/orbita/V09C_linkedin.png,https://www.tuconsultor.com/orbita/,,
1594,08/05/2027,19:00,linkedin,"Antes de la auditoría, a la hora que sea.

El día antes de la auditoría siempre surge algo. En Orbita el portal responde con tu documentación a cualquier hora y el equipo de TuConsultor está al tanto. Nadie llega solo a la auditoría.

Pide una demo de Orbita · PM Tool.
👉 https://www.tuconsultor.com/orbita/?utm_source=linkedin&utm_medium=social&utm_campaign=orbita-ventajas&utm_content=v09c

#OrbitaPMTool #SistemasDeGestión #TuConsultor #Soporte #Disponibilidad",https://www.tuconsultor.com/social-img/orbita/V09C_linkedin.png,https://www.tuconsultor.com/orbita/,,
1595,08/05/2027,19:00,instagram,"🕐 Antes de la auditoría, a la hora que sea.

El día previo no tiene horario. El portal tampoco.

Pide una demo: enlace en bio.
Enlace en bio.

❤️ Gestión con corazón desde 2006.

#OrbitaPMTool #SistemasDeGestión #TuConsultor #Soporte #Disponibilidad #GestiónConCorazón #Orbita",https://www.tuconsultor.com/social-img/orbita/V09C_instagram.png,https://www.tuconsultor.com/orbita/,,
1596,09/05/2027,08:45,linkedin_alejandro,"Desde el móvil, desde la planta, desde la auditoría.

Un sistema que solo se consulta desde el despacho de calidad no es un sistema. Orbita se abre en el móvil de quien está en planta. Ahí es donde el sistema se cumple o no.

Te lo enseño en 20 minutos con un proyecto real.
👉 https://www.tuconsultor.com/orbita/?utm_source=linkedin_alejandro&utm_medium=social&utm_campaign=orbita-ventajas&utm_content=v10a

#OrbitaPMTool #SistemasDeGestión #TuConsultor #Accesibilidad #Móvil",https://www.tuconsultor.com/social-img/orbita/V10A_linkedin.png,https://www.tuconsultor.com/orbita/,,
1597,09/05/2027,19:00,linkedin,"Desde el móvil, desde la planta, desde la auditoría.

Un sistema de gestión se usa donde pasa el trabajo: en planta, en obra, en la visita del auditor. Orbita es web, se abre en el móvil y no requiere instalación. Accesible para todo el equipo, no solo para calidad.

Pide una demo de Orbita · PM Tool.
👉 https://www.tuconsultor.com/orbita/?utm_source=linkedin&utm_medium=social&utm_campaign=orbita-ventajas&utm_content=v10a

#OrbitaPMTool #SistemasDeGestión #TuConsultor #Accesibilidad #Móvil",https://www.tuconsultor.com/social-img/orbita/V10A_linkedin.png,https://www.tuconsultor.com/orbita/,,
1598,09/05/2027,19:00,instagram,"📱 Desde el móvil, desde la planta, desde la auditoría.

Orbita funciona donde estés. Sin instalar nada.

Pide una demo: enlace en bio.
Enlace en bio.

❤️ Gestión con corazón desde 2006.

#OrbitaPMTool #SistemasDeGestión #TuConsultor #Accesibilidad #Móvil #GestiónConCorazón #Orbita",https://www.tuconsultor.com/social-img/orbita/V10A_instagram.png,https://www.tuconsultor.com/orbita/,,
1599,10/05/2027,08:45,linkedin_alejandro,"Para el equipo, el cliente y el auditor.

El sistema deja de ser «cosa de calidad» cuando cada persona ve lo suyo en el mismo portal. En Orbita el operario, la dirección y el auditor entran por la misma puerta, cada uno a su sitio.

Te lo enseño en 20 minutos con un proyecto real.
👉 https://www.tuconsultor.com/orbita/?utm_source=linkedin_alejandro&utm_medium=social&utm_campaign=orbita-ventajas&utm_content=v10b

#OrbitaPMTool #SistemasDeGestión #TuConsultor #Accesibilidad #Móvil",https://www.tuconsultor.com/social-img/orbita/V10B_linkedin.png,https://www.tuconsultor.com/orbita/,,
1600,10/05/2027,19:00,linkedin,"Para el equipo, el cliente y el auditor.

Orbita es hiperaccesible porque no es solo para calidad: el equipo ve sus tareas, la dirección su dashboard, el consultor el plan y el auditor las evidencias. Cada rol con su acceso, todos en el mismo sitio.

Pide una demo de Orbita · PM Tool.
👉 https://www.tuconsultor.com/orbita/?utm_source=linkedin&utm_medium=social&utm_campaign=orbita-ventajas&utm_content=v10b

#OrbitaPMTool #SistemasDeGestión #TuConsultor #Accesibilidad #Móvil",https://www.tuconsultor.com/social-img/orbita/V10B_linkedin.png,https://www.tuconsultor.com/orbita/,,
1601,10/05/2027,19:00,instagram,"📱 Para el equipo, el cliente y el auditor.

Cada uno con su acceso y su vista. Todos en el mismo portal.

Pide una demo: enlace en bio.
Enlace en bio.

❤️ Gestión con corazón desde 2006.

#OrbitaPMTool #SistemasDeGestión #TuConsultor #Accesibilidad #Móvil #GestiónConCorazón #Orbita",https://www.tuconsultor.com/social-img/orbita/V10B_instagram.png,https://www.tuconsultor.com/orbita/,,
1602,11/05/2027,08:45,linkedin_alejandro,"Accesible también para quien no ve, no oye o no puede.

Trabajo con entidades del ámbito social y de la discapacidad. No podía ofrecerles un portal que excluyera a parte de su equipo. Orbita cumple accesibilidad web: el sistema es de todos.

Te lo enseño en 20 minutos con un proyecto real.
👉 https://www.tuconsultor.com/orbita/?utm_source=linkedin_alejandro&utm_medium=social&utm_campaign=orbita-ventajas&utm_content=v10c

#OrbitaPMTool #SistemasDeGestión #TuConsultor #Accesibilidad #Móvil",https://www.tuconsultor.com/social-img/orbita/V10C_linkedin.png,https://www.tuconsultor.com/orbita/,,
1603,11/05/2027,19:00,linkedin,"Accesible también para quien no ve, no oye o no puede.

Hiperaccesible también significa accesible: Orbita está diseñado para usarse con lector de pantalla, con teclado y con contraste alto. Un sistema de gestión para toda la plantilla, sin excepciones.

Pide una demo de Orbita · PM Tool.
👉 https://www.tuconsultor.com/orbita/?utm_source=linkedin&utm_medium=social&utm_campaign=orbita-ventajas&utm_content=v10c

#OrbitaPMTool #SistemasDeGestión #TuConsultor #Accesibilidad #Móvil",https://www.tuconsultor.com/social-img/orbita/V10C_linkedin.png,https://www.tuconsultor.com/orbita/,,
1604,11/05/2027,19:00,instagram,"📱 Accesible también para quien no ve, no oye o no puede.

Orbita cumple accesibilidad web. El sistema es de todos.

Pide una demo: enlace en bio.
Enlace en bio.

❤️ Gestión con corazón desde 2006.

#OrbitaPMTool #SistemasDeGestión #TuConsultor #Accesibilidad #Móvil #GestiónConCorazón #Orbita",https://www.tuconsultor.com/social-img/orbita/V10C_instagram.png,https://www.tuconsultor.com/orbita/,,
1605,12/05/2027,08:45,linkedin_alejandro,"Las normas y los procesos en un solo portal.

Llevo veinte años viendo sistemas de gestión repartidos en carpetas, correos y cabezas. Por eso construimos Orbita: un solo portal donde están las normas, los procesos, las tareas y las evidencias. Ahora trabajo así con todos mis clientes.

Si te suena, hablamos.
👉 https://www.tuconsultor.com/orbita/?utm_source=linkedin_alejandro&utm_medium=social&utm_campaign=orbita-ventajas&utm_content=v01a

#OrbitaPMTool #SistemasDeGestión #TuConsultor #PortalÚnico #ISO9001",https://www.tuconsultor.com/social-img/orbita/V01A_linkedin.png,https://www.tuconsultor.com/orbita/,,
1606,12/05/2027,19:00,linkedin,"Las normas y los procesos en un solo portal.

La calidad en un Excel, los proyectos en otro, los procedimientos en una carpeta y el consultor por correo. Así no se gestiona: se sobrevive. Orbita junta las normas y los procesos en un solo portal, con el consultor y el cliente dentro.

Así trabajamos ahora con nuestros clientes.
👉 https://www.tuconsultor.com/orbita/?utm_source=linkedin&utm_medium=social&utm_campaign=orbita-ventajas&utm_content=v01a

#OrbitaPMTool #SistemasDeGestión #TuConsultor #PortalÚnico #ISO9001",https://www.tuconsultor.com/social-img/orbita/V01A_linkedin.png,https://www.tuconsultor.com/orbita/,,
1607,12/05/2027,19:00,instagram,"🧭 Las normas y los procesos en un solo portal.

ISO, procesos, tareas, evidencias y equipo. Un sitio. Orbita · PM Tool.

Un portal. Todo dentro.
Enlace en bio.

❤️ Gestión con corazón desde 2006.

#OrbitaPMTool #SistemasDeGestión #TuConsultor #PortalÚnico #ISO9001 #GestiónConCorazón #Orbita",https://www.tuconsultor.com/social-img/orbita/V01A_instagram.png,https://www.tuconsultor.com/orbita/,,
1608,13/05/2027,08:45,linkedin_alejandro,"Un portal. Todas tus normas, todos tus procesos.

Cuando una empresa suma su segunda norma, lo normal es que duplique papeles. En Orbita no: las normas comparten los mismos procesos y las mismas evidencias. Menos trabajo, más control. Es lo que llevo años defendiendo.

Si te suena, hablamos.
👉 https://www.tuconsultor.com/orbita/?utm_source=linkedin_alejandro&utm_medium=social&utm_campaign=orbita-ventajas&utm_content=v01b

#OrbitaPMTool #SistemasDeGestión #TuConsultor #PortalÚnico #ISO9001",https://www.tuconsultor.com/social-img/orbita/V01B_linkedin.png,https://www.tuconsultor.com/orbita/,,
1609,13/05/2027,19:00,linkedin,"Un portal. Todas tus normas, todos tus procesos.

Cada norma que añades no puede ser otra carpeta y otro responsable. En Orbita las normas comparten procesos, tareas y evidencias: una integración de verdad, no una pestaña más.

Así trabajamos ahora con nuestros clientes.
👉 https://www.tuconsultor.com/orbita/?utm_source=linkedin&utm_medium=social&utm_campaign=orbita-ventajas&utm_content=v01b

#OrbitaPMTool #SistemasDeGestión #TuConsultor #PortalÚnico #ISO9001",https://www.tuconsultor.com/social-img/orbita/V01B_linkedin.png,https://www.tuconsultor.com/orbita/,,
1610,13/05/2027,19:00,instagram,"🧭 Un portal. Todas tus normas, todos tus procesos.

9001, 14001, 27001, 45001… y los procesos que las sostienen. Juntos.

Un portal. Todo dentro.
Enlace en bio.

❤️ Gestión con corazón desde 2006.

#OrbitaPMTool #SistemasDeGestión #TuConsultor #PortalÚnico #ISO9001 #GestiónConCorazón #Orbita",https://www.tuconsultor.com/social-img/orbita/V01B_instagram.png,https://www.tuconsultor.com/orbita/,,
1611,14/05/2027,08:45,linkedin_alejandro,"Lo que no está en el portal, no existe.

Mi regla con los clientes es sencilla: lo que no está en Orbita no existe. Suena duro y es lo que más tranquilidad da. Una versión, la vigente, y todos mirando lo mismo.

Si te suena, hablamos.
👉 https://www.tuconsultor.com/orbita/?utm_source=linkedin_alejandro&utm_medium=social&utm_campaign=orbita-ventajas&utm_content=v01c

#OrbitaPMTool #SistemasDeGestión #TuConsultor #PortalÚnico #ISO9001",https://www.tuconsultor.com/social-img/orbita/V01C_linkedin.png,https://www.tuconsultor.com/orbita/,,
1612,14/05/2027,19:00,linkedin,"Lo que no está en el portal, no existe.

La versión buena del procedimiento está en el portátil de alguien. En Orbita hay una versión: la vigente, con su historial. Tu equipo, tu consultor y tu auditor miran la misma pantalla.

Así trabajamos ahora con nuestros clientes.
👉 https://www.tuconsultor.com/orbita/?utm_source=linkedin&utm_medium=social&utm_campaign=orbita-ventajas&utm_content=v01c

#OrbitaPMTool #SistemasDeGestión #TuConsultor #PortalÚnico #ISO9001",https://www.tuconsultor.com/social-img/orbita/V01C_linkedin.png,https://www.tuconsultor.com/orbita/,,
1613,14/05/2027,19:00,instagram,"🧭 Lo que no está en el portal, no existe.

Y eso es exactamente lo que quieres: una sola versión, la vigente.

Un portal. Todo dentro.
Enlace en bio.

❤️ Gestión con corazón desde 2006.

#OrbitaPMTool #SistemasDeGestión #TuConsultor #PortalÚnico #ISO9001 #GestiónConCorazón #Orbita",https://www.tuconsultor.com/social-img/orbita/V01C_instagram.png,https://www.tuconsultor.com/orbita/,,
1614,15/05/2027,08:45,linkedin_alejandro,"Tu sistema de gestión no depende de una persona.

He visto sistemas de calidad desaparecer con una baja o un cambio de puesto. Con Orbita eso no pasa: el sistema está en el portal, no en una persona. Es la diferencia entre tener un sistema y tener a alguien que se lo sabe.

Si te suena, hablamos.
👉 https://www.tuconsultor.com/orbita/?utm_source=linkedin_alejandro&utm_medium=social&utm_campaign=orbita-ventajas&utm_content=v02a

#OrbitaPMTool #SistemasDeGestión #TuConsultor #Continuidad #Equipo",https://www.tuconsultor.com/social-img/orbita/V02A_linkedin.png,https://www.tuconsultor.com/orbita/,,
1615,15/05/2027,19:00,linkedin,"Tu sistema de gestión no depende de una persona.

El sistema ISO de muchas empresas vive en la cabeza de una persona. Cuando esa persona se va, se va el sistema. En Orbita, procesos, tareas, evidencias e historial están en el portal: quien llegue continúa donde lo dejó el anterior.

Así trabajamos ahora con nuestros clientes.
👉 https://www.tuconsultor.com/orbita/?utm_source=linkedin&utm_medium=social&utm_campaign=orbita-ventajas&utm_content=v02a

#OrbitaPMTool #SistemasDeGestión #TuConsultor #Continuidad #Equipo",https://www.tuconsultor.com/social-img/orbita/V02A_linkedin.png,https://www.tuconsultor.com/orbita/,,
1616,15/05/2027,19:00,instagram,"🧩 Tu sistema de gestión no depende de una persona.

Si el responsable de calidad se va, el sistema se queda.

Un portal. Todo dentro.
Enlace en bio.

❤️ Gestión con corazón desde 2006.

#OrbitaPMTool #SistemasDeGestión #TuConsultor #Continuidad #Equipo #GestiónConCorazón #Orbita",https://www.tuconsultor.com/social-img/orbita/V02A_instagram.png,https://www.tuconsultor.com/orbita/,,
1617,16/05/2027,08:45,linkedin_alejandro,"Vacaciones, bajas, cambios. El sistema sigue.

Agosto es la prueba de fuego de un sistema de gestión. En Orbita, las tareas del sistema tienen dueño y sustituto, y el consultor las ve. Cuando vuelve el equipo, no hay que reconstruir nada.

Si te suena, hablamos.
👉 https://www.tuconsultor.com/orbita/?utm_source=linkedin_alejandro&utm_medium=social&utm_campaign=orbita-ventajas&utm_content=v02b

#OrbitaPMTool #SistemasDeGestión #TuConsultor #Continuidad #Equipo",https://www.tuconsultor.com/social-img/orbita/V02B_linkedin.png,https://www.tuconsultor.com/orbita/,,
1618,16/05/2027,19:00,linkedin,"Vacaciones, bajas, cambios. El sistema sigue.

En Orbita cada tarea tiene responsable, plazo y evidencia. Si alguien falta, se reasigna y sigue. La auditoría no espera a que vuelva nadie de vacaciones, y tu sistema tampoco.

Así trabajamos ahora con nuestros clientes.
👉 https://www.tuconsultor.com/orbita/?utm_source=linkedin&utm_medium=social&utm_campaign=orbita-ventajas&utm_content=v02b

#OrbitaPMTool #SistemasDeGestión #TuConsultor #Continuidad #Equipo",https://www.tuconsultor.com/social-img/orbita/V02B_linkedin.png,https://www.tuconsultor.com/orbita/,,
1619,16/05/2027,19:00,instagram,"🧩 Vacaciones, bajas, cambios. El sistema sigue.

Tareas con dueño, plazos y sustituto. Nada se para.

Un portal. Todo dentro.
Enlace en bio.

❤️ Gestión con corazón desde 2006.

#OrbitaPMTool #SistemasDeGestión #TuConsultor #Continuidad #Equipo #GestiónConCorazón #Orbita",https://www.tuconsultor.com/social-img/orbita/V02B_instagram.png,https://www.tuconsultor.com/orbita/,,
1620,17/05/2027,08:45,linkedin_alejandro,"El conocimiento del sistema es de la empresa.

Como consultor, mi trabajo es que el cliente no me necesite para saber cómo funciona su sistema. Orbita lo hace posible: todo lo que hacemos juntos queda en su portal, no en mis notas.

Si te suena, hablamos.
👉 https://www.tuconsultor.com/orbita/?utm_source=linkedin_alejandro&utm_medium=social&utm_campaign=orbita-ventajas&utm_content=v02c

#OrbitaPMTool #SistemasDeGestión #TuConsultor #Continuidad #Equipo",https://www.tuconsultor.com/social-img/orbita/V02C_linkedin.png,https://www.tuconsultor.com/orbita/,,
1621,17/05/2027,19:00,linkedin,"El conocimiento del sistema es de la empresa.

Cuando el sistema está en Orbita, el conocimiento se queda en la empresa: qué se hizo, por qué, con qué evidencia. Cambie quien cambie, el hilo no se rompe.

Así trabajamos ahora con nuestros clientes.
👉 https://www.tuconsultor.com/orbita/?utm_source=linkedin&utm_medium=social&utm_campaign=orbita-ventajas&utm_content=v02c

#OrbitaPMTool #SistemasDeGestión #TuConsultor #Continuidad #Equipo",https://www.tuconsultor.com/social-img/orbita/V02C_linkedin.png,https://www.tuconsultor.com/orbita/,,
1622,17/05/2027,19:00,instagram,"🧩 El conocimiento del sistema es de la empresa.

No del consultor. No del responsable. De la organización.

Un portal. Todo dentro.
Enlace en bio.

❤️ Gestión con corazón desde 2006.

#OrbitaPMTool #SistemasDeGestión #TuConsultor #Continuidad #Equipo #GestiónConCorazón #Orbita",https://www.tuconsultor.com/social-img/orbita/V02C_instagram.png,https://www.tuconsultor.com/orbita/,,
1623,18/05/2027,08:45,linkedin_alejandro,"Siempre atendido. No una visita al mes.

Ya no trabajo a golpe de visita mensual. Estoy dentro del portal de cada cliente, veo lo que avanza y lo que se atasca, y actúo antes de que sea un problema. Siempre atendido no es un eslogan: es el modelo.

Si te suena, hablamos.
👉 https://www.tuconsultor.com/orbita/?utm_source=linkedin_alejandro&utm_medium=social&utm_campaign=orbita-ventajas&utm_content=v03a

#OrbitaPMTool #SistemasDeGestión #TuConsultor #Consultoría #Acompañamiento",https://www.tuconsultor.com/social-img/orbita/V03A_linkedin.png,https://www.tuconsultor.com/orbita/,,
1624,18/05/2027,19:00,linkedin,"Siempre atendido. No una visita al mes.

La consultoría clásica es una visita mensual y un correo cuando hay prisa. En Orbita el consultor está dentro del portal: ve las tareas, contesta las dudas y programa el trabajo semana a semana. Acompañamiento de verdad, no presencia.

Así trabajamos ahora con nuestros clientes.
👉 https://www.tuconsultor.com/orbita/?utm_source=linkedin&utm_medium=social&utm_campaign=orbita-ventajas&utm_content=v03a

#OrbitaPMTool #SistemasDeGestión #TuConsultor #Consultoría #Acompañamiento",https://www.tuconsultor.com/social-img/orbita/V03A_linkedin.png,https://www.tuconsultor.com/orbita/,,
1625,18/05/2027,19:00,instagram,"🤝 Siempre atendido. No una visita al mes.

Tu consultor dentro del portal, cada semana, no solo antes de la auditoría.

Un portal. Todo dentro.
Enlace en bio.

❤️ Gestión con corazón desde 2006.

#OrbitaPMTool #SistemasDeGestión #TuConsultor #Consultoría #Acompañamiento #GestiónConCorazón #Orbita",https://www.tuconsultor.com/social-img/orbita/V03A_instagram.png,https://www.tuconsultor.com/orbita/,,
1626,19/05/2027,08:45,linkedin_alejandro,"Cada tarea del sistema tiene a alguien detrás.

Lo que más agradecen mis clientes de Orbita no es la tecnología: es saber quién de mi equipo se ocupa de cada cosa y cuándo. Eso es estar atendido.

Si te suena, hablamos.
👉 https://www.tuconsultor.com/orbita/?utm_source=linkedin_alejandro&utm_medium=social&utm_campaign=orbita-ventajas&utm_content=v03b

#OrbitaPMTool #SistemasDeGestión #TuConsultor #Consultoría #Acompañamiento",https://www.tuconsultor.com/social-img/orbita/V03B_linkedin.png,https://www.tuconsultor.com/orbita/,,
1627,19/05/2027,19:00,linkedin,"Cada tarea del sistema tiene a alguien detrás.

En Orbita cada proyecto tiene su consultor y cada tarea su sesión programada. El cliente ve quién viene, cuándo y a qué. Sin perseguir a nadie por correo.

Así trabajamos ahora con nuestros clientes.
👉 https://www.tuconsultor.com/orbita/?utm_source=linkedin&utm_medium=social&utm_campaign=orbita-ventajas&utm_content=v03b

#OrbitaPMTool #SistemasDeGestión #TuConsultor #Consultoría #Acompañamiento",https://www.tuconsultor.com/social-img/orbita/V03B_linkedin.png,https://www.tuconsultor.com/orbita/,,
1628,19/05/2027,19:00,instagram,"🤝 Cada tarea del sistema tiene a alguien detrás.

Consultor asignado, agenda compartida y seguimiento en el portal.

Un portal. Todo dentro.
Enlace en bio.

❤️ Gestión con corazón desde 2006.

#OrbitaPMTool #SistemasDeGestión #TuConsultor #Consultoría #Acompañamiento #GestiónConCorazón #Orbita",https://www.tuconsultor.com/social-img/orbita/V03B_instagram.png,https://www.tuconsultor.com/orbita/,,
1629,20/05/2027,08:45,linkedin_alejandro,"Relación, Implicación o Compromiso.

Hay clientes que quieren que les acompañe y clientes que quieren que me ocupe. Por eso Orbita tiene tres modelos: Relación, Implicación y Compromiso. Elige el tuyo y el portal se adapta.

Si te suena, hablamos.
👉 https://www.tuconsultor.com/orbita/?utm_source=linkedin_alejandro&utm_medium=social&utm_campaign=orbita-ventajas&utm_content=v03c

#OrbitaPMTool #SistemasDeGestión #TuConsultor #Consultoría #Acompañamiento",https://www.tuconsultor.com/social-img/orbita/V03C_linkedin.png,https://www.tuconsultor.com/orbita/,,
1630,20/05/2027,19:00,linkedin,"Relación, Implicación o Compromiso.

No todas las empresas necesitan lo mismo. En Orbita trabajamos con tres modelos: Relación (te acompañamos), Implicación (lo hacemos contigo) y Compromiso (lo llevamos por ti). El portal es el mismo; cambia cuánto hacemos nosotros.

Así trabajamos ahora con nuestros clientes.
👉 https://www.tuconsultor.com/orbita/?utm_source=linkedin&utm_medium=social&utm_campaign=orbita-ventajas&utm_content=v03c

#OrbitaPMTool #SistemasDeGestión #TuConsultor #Consultoría #Acompañamiento",https://www.tuconsultor.com/social-img/orbita/V03C_linkedin.png,https://www.tuconsultor.com/orbita/,,
1631,20/05/2027,19:00,instagram,"🤝 Relación, Implicación o Compromiso.

Tres modelos de acompañamiento. Tú eliges cuánto nos metemos.

Un portal. Todo dentro.
Enlace en bio.

❤️ Gestión con corazón desde 2006.

#OrbitaPMTool #SistemasDeGestión #TuConsultor #Consultoría #Acompañamiento #GestiónConCorazón #Orbita",https://www.tuconsultor.com/social-img/orbita/V03C_instagram.png,https://www.tuconsultor.com/orbita/,,
1632,21/05/2027,08:45,linkedin_alejandro,"Diez años de sistema en un solo hilo.

Lo primero que pide un auditor es el hilo: qué pasó el año pasado y qué hicisteis. En Orbita el hilo está entero, con fecha y evidencia. Es el legado del sistema, y es de la empresa.

Si te suena, hablamos.
👉 https://www.tuconsultor.com/orbita/?utm_source=linkedin_alejandro&utm_medium=social&utm_campaign=orbita-ventajas&utm_content=v04a

#OrbitaPMTool #SistemasDeGestión #TuConsultor #Legado #Conocimiento",https://www.tuconsultor.com/social-img/orbita/V04A_linkedin.png,https://www.tuconsultor.com/orbita/,,
1633,21/05/2027,19:00,linkedin,"Diez años de sistema en un solo hilo.

Un sistema de gestión es su historia: qué falló, qué se decidió, qué se cambió. En Orbita ese legado está ordenado por proyecto y por proceso, con fecha, autor y evidencia. Nada se pierde entre versiones de carpeta.

Así trabajamos ahora con nuestros clientes.
👉 https://www.tuconsultor.com/orbita/?utm_source=linkedin&utm_medium=social&utm_campaign=orbita-ventajas&utm_content=v04a

#OrbitaPMTool #SistemasDeGestión #TuConsultor #Legado #Conocimiento",https://www.tuconsultor.com/social-img/orbita/V04A_linkedin.png,https://www.tuconsultor.com/orbita/,,
1634,21/05/2027,19:00,instagram,"📚 Diez años de sistema en un solo hilo.

Auditorías, no conformidades, cambios y decisiones. Con fecha y evidencia.

Un portal. Todo dentro.
Enlace en bio.

❤️ Gestión con corazón desde 2006.

#OrbitaPMTool #SistemasDeGestión #TuConsultor #Legado #Conocimiento #GestiónConCorazón #Orbita",https://www.tuconsultor.com/social-img/orbita/V04A_instagram.png,https://www.tuconsultor.com/orbita/,,
1635,22/05/2027,08:45,linkedin_alejandro,"La no conformidad de 2024 y lo que hiciste con ella.

Una no conformidad bien cerrada es la mejor prueba de que el sistema funciona. Con Orbita queda el ciclo completo: hallazgo, causa, acción y eficacia. Eso es gestionar el legado.

Si te suena, hablamos.
👉 https://www.tuconsultor.com/orbita/?utm_source=linkedin_alejandro&utm_medium=social&utm_campaign=orbita-ventajas&utm_content=v04b

#OrbitaPMTool #SistemasDeGestión #TuConsultor #Legado #Conocimiento",https://www.tuconsultor.com/social-img/orbita/V04B_linkedin.png,https://www.tuconsultor.com/orbita/,,
1636,22/05/2027,19:00,linkedin,"La no conformidad de 2024 y lo que hiciste con ella.

En Orbita cada hallazgo lleva su análisis, su acción y su verificación de eficacia. Cuando el auditor pregunte por la no conformidad de hace dos años, la respuesta está en el portal, no en la memoria de nadie.

Así trabajamos ahora con nuestros clientes.
👉 https://www.tuconsultor.com/orbita/?utm_source=linkedin&utm_medium=social&utm_campaign=orbita-ventajas&utm_content=v04b

#OrbitaPMTool #SistemasDeGestión #TuConsultor #Legado #Conocimiento",https://www.tuconsultor.com/social-img/orbita/V04B_linkedin.png,https://www.tuconsultor.com/orbita/,,
1637,22/05/2027,19:00,instagram,"📚 La no conformidad de 2024 y lo que hiciste con ella.

En el portal, a dos clics. No en un correo de hace dos años.

Un portal. Todo dentro.
Enlace en bio.

❤️ Gestión con corazón desde 2006.

#OrbitaPMTool #SistemasDeGestión #TuConsultor #Legado #Conocimiento #GestiónConCorazón #Orbita",https://www.tuconsultor.com/social-img/orbita/V04B_instagram.png,https://www.tuconsultor.com/orbita/,,
1638,23/05/2027,08:45,linkedin_alejandro,"Cambiar de consultor sin empezar de cero.

Sé que suena raro viniendo de un consultor: con Orbita puedes cambiar de consultor sin perder nada. El sistema, con todo su historial, es de la empresa. Así debería ser siempre.

Si te suena, hablamos.
👉 https://www.tuconsultor.com/orbita/?utm_source=linkedin_alejandro&utm_medium=social&utm_campaign=orbita-ventajas&utm_content=v04c

#OrbitaPMTool #SistemasDeGestión #TuConsultor #Legado #Conocimiento",https://www.tuconsultor.com/social-img/orbita/V04C_linkedin.png,https://www.tuconsultor.com/orbita/,,
1639,23/05/2027,19:00,linkedin,"Cambiar de consultor sin empezar de cero.

Con Orbita el sistema es tuyo: si cambia el consultor, el nuevo entra en el portal y continúa. Sin rehacer procedimientos, sin reconstruir el historial.

Así trabajamos ahora con nuestros clientes.
👉 https://www.tuconsultor.com/orbita/?utm_source=linkedin&utm_medium=social&utm_campaign=orbita-ventajas&utm_content=v04c

#OrbitaPMTool #SistemasDeGestión #TuConsultor #Legado #Conocimiento",https://www.tuconsultor.com/social-img/orbita/V04C_linkedin.png,https://www.tuconsultor.com/orbita/,,
1640,23/05/2027,19:00,instagram,"📚 Cambiar de consultor sin empezar de cero.

El sistema, sus decisiones y sus evidencias siguen en tu portal.

Un portal. Todo dentro.
Enlace en bio.

❤️ Gestión con corazón desde 2006.

#OrbitaPMTool #SistemasDeGestión #TuConsultor #Legado #Conocimiento #GestiónConCorazón #Orbita",https://www.tuconsultor.com/social-img/orbita/V04C_instagram.png,https://www.tuconsultor.com/orbita/,,
1641,24/05/2027,08:45,linkedin_alejandro,"Tus procedimientos no viajan por WhatsApp.

Como consultor de ISO 27001 y ENS no podía ofrecer a mis clientes un portal que no cumpliera lo que yo exijo en las auditorías. Orbita tiene accesos por rol, registro de accesos y datos en la UE.

Si te suena, hablamos.
👉 https://www.tuconsultor.com/orbita/?utm_source=linkedin_alejandro&utm_medium=social&utm_campaign=orbita-ventajas&utm_content=v05a

#OrbitaPMTool #SistemasDeGestión #TuConsultor #ISO27001 #Seguridad",https://www.tuconsultor.com/social-img/orbita/V05A_linkedin.png,https://www.tuconsultor.com/orbita/,,
1642,24/05/2027,19:00,linkedin,"Tus procedimientos no viajan por WhatsApp.

Un sistema de gestión maneja información sensible: auditorías, no conformidades, datos de personas. En Orbita cada usuario ve lo suyo, cada acceso queda registrado y los datos se alojan en la Unión Europea.

Así trabajamos ahora con nuestros clientes.
👉 https://www.tuconsultor.com/orbita/?utm_source=linkedin&utm_medium=social&utm_campaign=orbita-ventajas&utm_content=v05a

#OrbitaPMTool #SistemasDeGestión #TuConsultor #ISO27001 #Seguridad",https://www.tuconsultor.com/social-img/orbita/V05A_linkedin.png,https://www.tuconsultor.com/orbita/,,
1643,24/05/2027,19:00,instagram,"🔐 Tus procedimientos no viajan por WhatsApp.

Accesos por rol, trazabilidad y datos en la Unión Europea.

Un portal. Todo dentro.
Enlace en bio.

❤️ Gestión con corazón desde 2006.

#OrbitaPMTool #SistemasDeGestión #TuConsultor #ISO27001 #Seguridad #GestiónConCorazón #Orbita",https://www.tuconsultor.com/social-img/orbita/V05A_instagram.png,https://www.tuconsultor.com/orbita/,,
1644,25/05/2027,08:45,linkedin_alejandro,"Quién vio qué y cuándo.

La trazabilidad no es un lujo: es un requisito. En Orbita sabemos quién entró, qué vio y qué cambió. Es la misma exigencia que aplico en cada implantación de 27001.

Si te suena, hablamos.
👉 https://www.tuconsultor.com/orbita/?utm_source=linkedin_alejandro&utm_medium=social&utm_campaign=orbita-ventajas&utm_content=v05b

#OrbitaPMTool #SistemasDeGestión #TuConsultor #ISO27001 #Seguridad",https://www.tuconsultor.com/social-img/orbita/V05B_linkedin.png,https://www.tuconsultor.com/orbita/,,
1645,25/05/2027,19:00,linkedin,"Quién vio qué y cuándo.

Orbita registra entradas, accesos y cambios en el sistema. Es lo que piden la ISO 27001 y el ENS, y lo que necesitas para saber que la documentación del sistema está bajo control.

Así trabajamos ahora con nuestros clientes.
👉 https://www.tuconsultor.com/orbita/?utm_source=linkedin&utm_medium=social&utm_campaign=orbita-ventajas&utm_content=v05b

#OrbitaPMTool #SistemasDeGestión #TuConsultor #ISO27001 #Seguridad",https://www.tuconsultor.com/social-img/orbita/V05B_linkedin.png,https://www.tuconsultor.com/orbita/,,
1646,25/05/2027,19:00,instagram,"🔐 Quién vio qué y cuándo.

Registro de accesos y cambios. Lo que pide la ISO 27001 y el ENS.

Un portal. Todo dentro.
Enlace en bio.

❤️ Gestión con corazón desde 2006.

#OrbitaPMTool #SistemasDeGestión #TuConsultor #ISO27001 #Seguridad #GestiónConCorazón #Orbita",https://www.tuconsultor.com/social-img/orbita/V05B_instagram.png,https://www.tuconsultor.com/orbita/,,
1647,26/05/2027,08:45,linkedin_alejandro,"Copias, cifrado y accesos que no dependen de nadie.

Cada vez que veo un sistema de gestión en una carpeta compartida sin control de accesos, pienso en el día que alguien lo borre sin querer. Con Orbita ese día no llega.

Si te suena, hablamos.
👉 https://www.tuconsultor.com/orbita/?utm_source=linkedin_alejandro&utm_medium=social&utm_campaign=orbita-ventajas&utm_content=v05c

#OrbitaPMTool #SistemasDeGestión #TuConsultor #ISO27001 #Seguridad",https://www.tuconsultor.com/social-img/orbita/V05C_linkedin.png,https://www.tuconsultor.com/orbita/,,
1648,26/05/2027,19:00,linkedin,"Copias, cifrado y accesos que no dependen de nadie.

La carpeta compartida no tiene copias de seguridad verificadas ni control de accesos real. Orbita corre sobre infraestructura profesional en la UE, con copias, cifrado en tránsito y en reposo y accesos por rol.

Así trabajamos ahora con nuestros clientes.
👉 https://www.tuconsultor.com/orbita/?utm_source=linkedin&utm_medium=social&utm_campaign=orbita-ventajas&utm_content=v05c

#OrbitaPMTool #SistemasDeGestión #TuConsultor #ISO27001 #Seguridad",https://www.tuconsultor.com/social-img/orbita/V05C_linkedin.png,https://www.tuconsultor.com/orbita/,,
1649,26/05/2027,19:00,instagram,"🔐 Copias, cifrado y accesos que no dependen de nadie.

Infraestructura profesional, no una carpeta compartida.

Un portal. Todo dentro.
Enlace en bio.

❤️ Gestión con corazón desde 2006.

#OrbitaPMTool #SistemasDeGestión #TuConsultor #ISO27001 #Seguridad #GestiónConCorazón #Orbita",https://www.tuconsultor.com/social-img/orbita/V05C_instagram.png,https://www.tuconsultor.com/orbita/,,
1650,27/05/2027,08:45,linkedin_alejandro,"Preguntas al sistema. Respuestas al momento.

Mis clientes me hacían las mismas preguntas una y otra vez. Ahora se las hacen al portal y la respuesta sale de su propia documentación. Yo me quedo para lo que aporta valor.

Si te suena, hablamos.
👉 https://www.tuconsultor.com/orbita/?utm_source=linkedin_alejandro&utm_medium=social&utm_campaign=orbita-ventajas&utm_content=v06a

#OrbitaPMTool #SistemasDeGestión #TuConsultor #IA #Consultoría",https://www.tuconsultor.com/social-img/orbita/V06A_linkedin.png,https://www.tuconsultor.com/orbita/,,
1651,27/05/2027,19:00,linkedin,"Preguntas al sistema. Respuestas al momento.

«¿Qué dice nuestro procedimiento de compras?» «¿Qué me toca antes de la auditoría?» En Orbita las respuestas salen de tu propia documentación, al instante, sin esperar al consultor ni buscar en carpetas.

Así trabajamos ahora con nuestros clientes.
👉 https://www.tuconsultor.com/orbita/?utm_source=linkedin&utm_medium=social&utm_campaign=orbita-ventajas&utm_content=v06a

#OrbitaPMTool #SistemasDeGestión #TuConsultor #IA #Consultoría",https://www.tuconsultor.com/social-img/orbita/V06A_linkedin.png,https://www.tuconsultor.com/orbita/,,
1652,27/05/2027,19:00,instagram,"⚡ Preguntas al sistema. Respuestas al momento.

La documentación de tu ISO responde: qué dice el procedimiento, qué toca ahora.

Un portal. Todo dentro.
Enlace en bio.

❤️ Gestión con corazón desde 2006.

#OrbitaPMTool #SistemasDeGestión #TuConsultor #IA #Consultoría #GestiónConCorazón #Orbita",https://www.tuconsultor.com/social-img/orbita/V06A_instagram.png,https://www.tuconsultor.com/orbita/,,
1653,28/05/2027,08:45,linkedin_alejandro,"Sin esperar al correo del consultor.

Odiaba ser el cuello de botella de mis clientes. Con Orbita las dudas del día a día se resuelven al momento y con referencia al procedimiento. Yo entro cuando hace falta criterio, no para buscar un párrafo.

Si te suena, hablamos.
👉 https://www.tuconsultor.com/orbita/?utm_source=linkedin_alejandro&utm_medium=social&utm_campaign=orbita-ventajas&utm_content=v06b

#OrbitaPMTool #SistemasDeGestión #TuConsultor #IA #Consultoría",https://www.tuconsultor.com/social-img/orbita/V06B_linkedin.png,https://www.tuconsultor.com/orbita/,,
1654,28/05/2027,19:00,linkedin,"Sin esperar al correo del consultor.

Una duda del sistema no puede esperar tres días a que el consultor conteste el correo. En Orbita la respuesta es inmediata y cita el procedimiento: si hace falta más, el consultor entra en el mismo hilo.

Así trabajamos ahora con nuestros clientes.
👉 https://www.tuconsultor.com/orbita/?utm_source=linkedin&utm_medium=social&utm_campaign=orbita-ventajas&utm_content=v06b

#OrbitaPMTool #SistemasDeGestión #TuConsultor #IA #Consultoría",https://www.tuconsultor.com/social-img/orbita/V06B_linkedin.png,https://www.tuconsultor.com/orbita/,,
1655,28/05/2027,19:00,instagram,"⚡ Sin esperar al correo del consultor.

Dudas resueltas en el portal, con la referencia al procedimiento.

Un portal. Todo dentro.
Enlace en bio.

❤️ Gestión con corazón desde 2006.

#OrbitaPMTool #SistemasDeGestión #TuConsultor #IA #Consultoría #GestiónConCorazón #Orbita",https://www.tuconsultor.com/social-img/orbita/V06B_instagram.png,https://www.tuconsultor.com/orbita/,,
1656,29/05/2027,08:45,linkedin_alejandro,"La auditoría empieza cuando tú quieras.

Preparar una auditoría era una semana de nervios. Con Orbita mis clientes se hacen las preguntas del auditor antes, con sus propios datos, y llegan tranquilos.

Si te suena, hablamos.
👉 https://www.tuconsultor.com/orbita/?utm_source=linkedin_alejandro&utm_medium=social&utm_campaign=orbita-ventajas&utm_content=v06c

#OrbitaPMTool #SistemasDeGestión #TuConsultor #IA #Consultoría",https://www.tuconsultor.com/social-img/orbita/V06C_linkedin.png,https://www.tuconsultor.com/orbita/,,
1657,29/05/2027,19:00,linkedin,"La auditoría empieza cuando tú quieras.

Antes de la auditoría, pregunta al portal lo que preguntaría el auditor. Orbita responde con tu documentación y te dice dónde hay hueco. Llegas sabiendo qué van a encontrar.

Así trabajamos ahora con nuestros clientes.
👉 https://www.tuconsultor.com/orbita/?utm_source=linkedin&utm_medium=social&utm_campaign=orbita-ventajas&utm_content=v06c

#OrbitaPMTool #SistemasDeGestión #TuConsultor #IA #Consultoría",https://www.tuconsultor.com/social-img/orbita/V06C_linkedin.png,https://www.tuconsultor.com/orbita/,,
1658,29/05/2027,19:00,instagram,"⚡ La auditoría empieza cuando tú quieras.

Simula preguntas del auditor y comprueba las respuestas con tu documentación.

Un portal. Todo dentro.
Enlace en bio.

❤️ Gestión con corazón desde 2006.

#OrbitaPMTool #SistemasDeGestión #TuConsultor #IA #Consultoría #GestiónConCorazón #Orbita",https://www.tuconsultor.com/social-img/orbita/V06C_instagram.png,https://www.tuconsultor.com/orbita/,,
1659,30/05/2027,08:45,linkedin_alejandro,"Tus indicadores, en tiempo real.

Ver es la mitad del control. En Orbita cada cliente tiene su dashboard: indicadores, tareas y auditorías en vivo. Y yo veo lo mismo, así que no hace falta preguntar.

Si te suena, hablamos.
👉 https://www.tuconsultor.com/orbita/?utm_source=linkedin_alejandro&utm_medium=social&utm_campaign=orbita-ventajas&utm_content=v07a

#OrbitaPMTool #SistemasDeGestión #TuConsultor #Dashboard #Dirección",https://www.tuconsultor.com/social-img/orbita/V07A_linkedin.png,https://www.tuconsultor.com/orbita/,,
1660,30/05/2027,19:00,linkedin,"Tus indicadores, en tiempo real.

Un sistema de gestión sin indicadores a la vista es un archivo. En Orbita el dashboard muestra objetivos, no conformidades abiertas, tareas pendientes y próximas auditorías, actualizado según se trabaja.

Así trabajamos ahora con nuestros clientes.
👉 https://www.tuconsultor.com/orbita/?utm_source=linkedin&utm_medium=social&utm_campaign=orbita-ventajas&utm_content=v07a

#OrbitaPMTool #SistemasDeGestión #TuConsultor #Dashboard #Dirección",https://www.tuconsultor.com/social-img/orbita/V07A_linkedin.png,https://www.tuconsultor.com/orbita/,,
1661,30/05/2027,19:00,instagram,"📊 Tus indicadores, en tiempo real.

Objetivos, no conformidades, tareas y auditorías en una pantalla.

Un portal. Todo dentro.
Enlace en bio.

❤️ Gestión con corazón desde 2006.

#OrbitaPMTool #SistemasDeGestión #TuConsultor #Dashboard #Dirección #GestiónConCorazón #Orbita",https://www.tuconsultor.com/social-img/orbita/V07A_instagram.png,https://www.tuconsultor.com/orbita/,,
1662,31/05/2027,08:45,linkedin_alejandro,"El comité de dirección sin preparar el Excel.

La revisión por la dirección es el momento más útil del sistema y el peor preparado. Con Orbita los datos ya están; dedicamos la reunión a decidir. Eso cambia la conversación con la dirección.

Si te suena, hablamos.
👉 https://www.tuconsultor.com/orbita/?utm_source=linkedin_alejandro&utm_medium=social&utm_campaign=orbita-ventajas&utm_content=v07b

#OrbitaPMTool #SistemasDeGestión #TuConsultor #Dashboard #Dirección",https://www.tuconsultor.com/social-img/orbita/V07B_linkedin.png,https://www.tuconsultor.com/orbita/,,
1663,31/05/2027,19:00,linkedin,"El comité de dirección sin preparar el Excel.

La revisión por la dirección no debería empezar con dos semanas de recopilar datos. En Orbita los indicadores del sistema están siempre al día: la reunión es para decidir, no para reunir.

Así trabajamos ahora con nuestros clientes.
👉 https://www.tuconsultor.com/orbita/?utm_source=linkedin&utm_medium=social&utm_campaign=orbita-ventajas&utm_content=v07b

#OrbitaPMTool #SistemasDeGestión #TuConsultor #Dashboard #Dirección",https://www.tuconsultor.com/social-img/orbita/V07B_linkedin.png,https://www.tuconsultor.com/orbita/,,
1664,31/05/2027,19:00,instagram,"📊 El comité de dirección sin preparar el Excel.

Los datos de la revisión por la dirección ya están en el portal.

Un portal. Todo dentro.
Enlace en bio.

❤️ Gestión con corazón desde 2006.

#OrbitaPMTool #SistemasDeGestión #TuConsultor #Dashboard #Dirección #GestiónConCorazón #Orbita",https://www.tuconsultor.com/social-img/orbita/V07B_instagram.png,https://www.tuconsultor.com/orbita/,,
1665,01/06/2027,08:45,linkedin_alejandro,"Un semáforo por proceso. Sin sorpresas.

Un dashboard no es para mirar números: es para no llevarse sorpresas. En Orbita el semáforo por proceso avisa antes de que el problema llegue a la auditoría.

Si te suena, hablamos.
👉 https://www.tuconsultor.com/orbita/?utm_source=linkedin_alejandro&utm_medium=social&utm_campaign=orbita-ventajas&utm_content=v07c

#OrbitaPMTool #SistemasDeGestión #TuConsultor #Dashboard #Dirección",https://www.tuconsultor.com/social-img/orbita/V07C_linkedin.png,https://www.tuconsultor.com/orbita/,,
1666,01/06/2027,19:00,linkedin,"Un semáforo por proceso. Sin sorpresas.

En Orbita cada proceso y cada proyecto tienen su estado: al día, en riesgo o retrasado. La dirección ve el sistema completo de un vistazo y decide con datos, no con sensaciones.

Así trabajamos ahora con nuestros clientes.
👉 https://www.tuconsultor.com/orbita/?utm_source=linkedin&utm_medium=social&utm_campaign=orbita-ventajas&utm_content=v07c

#OrbitaPMTool #SistemasDeGestión #TuConsultor #Dashboard #Dirección",https://www.tuconsultor.com/social-img/orbita/V07C_linkedin.png,https://www.tuconsultor.com/orbita/,,
1667,01/06/2027,19:00,instagram,"📊 Un semáforo por proceso. Sin sorpresas.

Qué va bien, qué se retrasa y qué necesita decisión. A un vistazo.

Un portal. Todo dentro.
Enlace en bio.

❤️ Gestión con corazón desde 2006.

#OrbitaPMTool #SistemasDeGestión #TuConsultor #Dashboard #Dirección #GestiónConCorazón #Orbita",https://www.tuconsultor.com/social-img/orbita/V07C_instagram.png,https://www.tuconsultor.com/orbita/,,
1668,02/06/2027,08:45,linkedin_alejandro,"La documentación del sistema, disponible 24/7.

La documentación del sistema no puede depender de que alguien esté en la oficina. En Orbita está siempre disponible, con la versión vigente. Es lo mínimo para un sistema que dice estar vivo.

Si te suena, hablamos.
👉 https://www.tuconsultor.com/orbita/?utm_source=linkedin_alejandro&utm_medium=social&utm_campaign=orbita-ventajas&utm_content=v08a

#OrbitaPMTool #SistemasDeGestión #TuConsultor #Documentación #Auditoría",https://www.tuconsultor.com/social-img/orbita/V08A_linkedin.png,https://www.tuconsultor.com/orbita/,,
1669,02/06/2027,19:00,linkedin,"La documentación del sistema, disponible 24/7.

El auditor llega a las 8 y el responsable está de viaje. Da igual: en Orbita la documentación del sistema está disponible las 24 horas, con la versión vigente y su historial. Sin pedir nada a nadie.

Así trabajamos ahora con nuestros clientes.
👉 https://www.tuconsultor.com/orbita/?utm_source=linkedin&utm_medium=social&utm_campaign=orbita-ventajas&utm_content=v08a

#OrbitaPMTool #SistemasDeGestión #TuConsultor #Documentación #Auditoría",https://www.tuconsultor.com/social-img/orbita/V08A_linkedin.png,https://www.tuconsultor.com/orbita/,,
1670,02/06/2027,19:00,instagram,"🗂️ La documentación del sistema, disponible 24/7.

Procedimientos, registros y evidencias. A cualquier hora, desde cualquier sitio.

Un portal. Todo dentro.
Enlace en bio.

❤️ Gestión con corazón desde 2006.

#OrbitaPMTool #SistemasDeGestión #TuConsultor #Documentación #Auditoría #GestiónConCorazón #Orbita",https://www.tuconsultor.com/social-img/orbita/V08A_instagram.png,https://www.tuconsultor.com/orbita/,,
1671,03/06/2027,08:45,linkedin_alejandro,"Un solo lugar para cada documento.

La pregunta «¿cuál es la versión buena?» desaparece con Orbita. Hay una, está en el portal y se puede consultar a cualquier hora. Parece poco; cambia la auditoría entera.

Si te suena, hablamos.
👉 https://www.tuconsultor.com/orbita/?utm_source=linkedin_alejandro&utm_medium=social&utm_campaign=orbita-ventajas&utm_content=v08b

#OrbitaPMTool #SistemasDeGestión #TuConsultor #Documentación #Auditoría",https://www.tuconsultor.com/social-img/orbita/V08B_linkedin.png,https://www.tuconsultor.com/orbita/,,
1672,03/06/2027,19:00,linkedin,"Un solo lugar para cada documento.

En Orbita cada documento tiene un lugar, un estado y un historial. La copia que alguien guardó en su escritorio deja de ser un riesgo porque nadie la necesita.

Así trabajamos ahora con nuestros clientes.
👉 https://www.tuconsultor.com/orbita/?utm_source=linkedin&utm_medium=social&utm_campaign=orbita-ventajas&utm_content=v08b

#OrbitaPMTool #SistemasDeGestión #TuConsultor #Documentación #Auditoría",https://www.tuconsultor.com/social-img/orbita/V08B_linkedin.png,https://www.tuconsultor.com/orbita/,,
1673,03/06/2027,19:00,instagram,"🗂️ Un solo lugar para cada documento.

Sin copias en el escritorio ni versiones en el correo.

Un portal. Todo dentro.
Enlace en bio.

❤️ Gestión con corazón desde 2006.

#OrbitaPMTool #SistemasDeGestión #TuConsultor #Documentación #Auditoría #GestiónConCorazón #Orbita",https://www.tuconsultor.com/social-img/orbita/V08B_instagram.png,https://www.tuconsultor.com/orbita/,,
1674,04/06/2027,08:45,linkedin_alejandro,"Evidencias con fecha, no capturas en el móvil.

He visto auditorías salvadas con capturas de un móvil. Con Orbita las evidencias están en su sitio, con fecha y responsable. La diferencia entre aprobar y demostrar.

Si te suena, hablamos.
👉 https://www.tuconsultor.com/orbita/?utm_source=linkedin_alejandro&utm_medium=social&utm_campaign=orbita-ventajas&utm_content=v08c

#OrbitaPMTool #SistemasDeGestión #TuConsultor #Documentación #Auditoría",https://www.tuconsultor.com/social-img/orbita/V08C_linkedin.png,https://www.tuconsultor.com/orbita/,,
1675,04/06/2027,19:00,linkedin,"Evidencias con fecha, no capturas en el móvil.

Las evidencias del sistema en Orbita cuelgan del proceso y de la tarea: quién, cuándo y qué. Cuando el auditor pide la prueba, está donde debe estar, no en el carrete de un teléfono.

Así trabajamos ahora con nuestros clientes.
👉 https://www.tuconsultor.com/orbita/?utm_source=linkedin&utm_medium=social&utm_campaign=orbita-ventajas&utm_content=v08c

#OrbitaPMTool #SistemasDeGestión #TuConsultor #Documentación #Auditoría",https://www.tuconsultor.com/social-img/orbita/V08C_linkedin.png,https://www.tuconsultor.com/orbita/,,
1676,04/06/2027,19:00,instagram,"🗂️ Evidencias con fecha, no capturas en el móvil.

Cada registro en su proceso, con quién y cuándo. Listo para auditar.

Un portal. Todo dentro.
Enlace en bio.

❤️ Gestión con corazón desde 2006.

#OrbitaPMTool #SistemasDeGestión #TuConsultor #Documentación #Auditoría #GestiónConCorazón #Orbita",https://www.tuconsultor.com/social-img/orbita/V08C_instagram.png,https://www.tuconsultor.com/orbita/,,
1677,05/06/2027,08:45,linkedin_alejandro,"Respuesta 24/7. También un domingo.

No prometo estar disponible un domingo a las once. Prometo que mis clientes tendrán respuesta: el portal contesta con su documentación y yo retomo el lunes con criterio. Eso es 24/7 de verdad.

Si te suena, hablamos.
👉 https://www.tuconsultor.com/orbita/?utm_source=linkedin_alejandro&utm_medium=social&utm_campaign=orbita-ventajas&utm_content=v09a

#OrbitaPMTool #SistemasDeGestión #TuConsultor #Soporte #Disponibilidad",https://www.tuconsultor.com/social-img/orbita/V09A_linkedin.png,https://www.tuconsultor.com/orbita/,,
1678,05/06/2027,19:00,linkedin,"Respuesta 24/7. También un domingo.

Las dudas no esperan al lunes. En Orbita el portal responde a cualquier hora con tu documentación y el consultor retoma en horario. Siempre hay respuesta; luego, si hace falta, criterio.

Así trabajamos ahora con nuestros clientes.
👉 https://www.tuconsultor.com/orbita/?utm_source=linkedin&utm_medium=social&utm_campaign=orbita-ventajas&utm_content=v09a

#OrbitaPMTool #SistemasDeGestión #TuConsultor #Soporte #Disponibilidad",https://www.tuconsultor.com/social-img/orbita/V09A_linkedin.png,https://www.tuconsultor.com/orbita/,,
1679,05/06/2027,19:00,instagram,"🕐 Respuesta 24/7. También un domingo.

El portal contesta siempre; el consultor, en horario. Nunca te quedas sin respuesta.

Un portal. Todo dentro.
Enlace en bio.

❤️ Gestión con corazón desde 2006.

#OrbitaPMTool #SistemasDeGestión #TuConsultor #Soporte #Disponibilidad #GestiónConCorazón #Orbita",https://www.tuconsultor.com/social-img/orbita/V09A_instagram.png,https://www.tuconsultor.com/orbita/,,
1680,06/06/2027,08:45,linkedin_alejandro,"Soporte dentro del portal. No un teléfono que nadie coge.

El soporte a un cliente no puede ser un correo perdido. En Orbita cada petición tiene número, estado y responsable. Yo lo veo y el cliente también.

Si te suena, hablamos.
👉 https://www.tuconsultor.com/orbita/?utm_source=linkedin_alejandro&utm_medium=social&utm_campaign=orbita-ventajas&utm_content=v09b

#OrbitaPMTool #SistemasDeGestión #TuConsultor #Soporte #Disponibilidad",https://www.tuconsultor.com/social-img/orbita/V09B_linkedin.png,https://www.tuconsultor.com/orbita/,,
1681,06/06/2027,19:00,linkedin,"Soporte dentro del portal. No un teléfono que nadie coge.

En Orbita el soporte está dentro: cada consulta o incidencia queda registrada, con estado y responsable. Sabes que se ha recibido y sabes en qué punto está.

Así trabajamos ahora con nuestros clientes.
👉 https://www.tuconsultor.com/orbita/?utm_source=linkedin&utm_medium=social&utm_campaign=orbita-ventajas&utm_content=v09b

#OrbitaPMTool #SistemasDeGestión #TuConsultor #Soporte #Disponibilidad",https://www.tuconsultor.com/social-img/orbita/V09B_linkedin.png,https://www.tuconsultor.com/orbita/,,
1682,06/06/2027,19:00,instagram,"🕐 Soporte dentro del portal. No un teléfono que nadie coge.

Consulta, incidencia o petición: queda registrada y con seguimiento.

Un portal. Todo dentro.
Enlace en bio.

❤️ Gestión con corazón desde 2006.

#OrbitaPMTool #SistemasDeGestión #TuConsultor #Soporte #Disponibilidad #GestiónConCorazón #Orbita",https://www.tuconsultor.com/social-img/orbita/V09B_instagram.png,https://www.tuconsultor.com/orbita/,,
1683,07/06/2027,08:45,linkedin_alejandro,"Antes de la auditoría, a la hora que sea.

Sé que la víspera de una auditoría se trabaja hasta tarde. Por eso Orbita responde a cualquier hora con la documentación del cliente. Y yo llego a la auditoría sabiendo qué se ha consultado.

Si te suena, hablamos.
👉 https://www.tuconsultor.com/orbita/?utm_source=linkedin_alejandro&utm_medium=social&utm_campaign=orbita-ventajas&utm_content=v09c

#OrbitaPMTool #SistemasDeGestión #TuConsultor #Soporte #Disponibilidad",https://www.tuconsultor.com/social-img/orbita/V09C_linkedin.png,https://www.tuconsultor.com/orbita/,,
1684,07/06/2027,19:00,linkedin,"Antes de la auditoría, a la hora que sea.

El día antes de la auditoría siempre surge algo. En Orbita el portal responde con tu documentación a cualquier hora y el equipo de TuConsultor está al tanto. Nadie llega solo a la auditoría.

Así trabajamos ahora con nuestros clientes.
👉 https://www.tuconsultor.com/orbita/?utm_source=linkedin&utm_medium=social&utm_campaign=orbita-ventajas&utm_content=v09c

#OrbitaPMTool #SistemasDeGestión #TuConsultor #Soporte #Disponibilidad",https://www.tuconsultor.com/social-img/orbita/V09C_linkedin.png,https://www.tuconsultor.com/orbita/,,
1685,07/06/2027,19:00,instagram,"🕐 Antes de la auditoría, a la hora que sea.

El día previo no tiene horario. El portal tampoco.

Un portal. Todo dentro.
Enlace en bio.

❤️ Gestión con corazón desde 2006.

#OrbitaPMTool #SistemasDeGestión #TuConsultor #Soporte #Disponibilidad #GestiónConCorazón #Orbita",https://www.tuconsultor.com/social-img/orbita/V09C_instagram.png,https://www.tuconsultor.com/orbita/,,
1686,08/06/2027,08:45,linkedin_alejandro,"Desde el móvil, desde la planta, desde la auditoría.

Un sistema que solo se consulta desde el despacho de calidad no es un sistema. Orbita se abre en el móvil de quien está en planta. Ahí es donde el sistema se cumple o no.

Si te suena, hablamos.
👉 https://www.tuconsultor.com/orbita/?utm_source=linkedin_alejandro&utm_medium=social&utm_campaign=orbita-ventajas&utm_content=v10a

#OrbitaPMTool #SistemasDeGestión #TuConsultor #Accesibilidad #Móvil",https://www.tuconsultor.com/social-img/orbita/V10A_linkedin.png,https://www.tuconsultor.com/orbita/,,
1687,08/06/2027,19:00,linkedin,"Desde el móvil, desde la planta, desde la auditoría.

Un sistema de gestión se usa donde pasa el trabajo: en planta, en obra, en la visita del auditor. Orbita es web, se abre en el móvil y no requiere instalación. Accesible para todo el equipo, no solo para calidad.

Así trabajamos ahora con nuestros clientes.
👉 https://www.tuconsultor.com/orbita/?utm_source=linkedin&utm_medium=social&utm_campaign=orbita-ventajas&utm_content=v10a

#OrbitaPMTool #SistemasDeGestión #TuConsultor #Accesibilidad #Móvil",https://www.tuconsultor.com/social-img/orbita/V10A_linkedin.png,https://www.tuconsultor.com/orbita/,,
1688,08/06/2027,19:00,instagram,"📱 Desde el móvil, desde la planta, desde la auditoría.

Orbita funciona donde estés. Sin instalar nada.

Un portal. Todo dentro.
Enlace en bio.

❤️ Gestión con corazón desde 2006.

#OrbitaPMTool #SistemasDeGestión #TuConsultor #Accesibilidad #Móvil #GestiónConCorazón #Orbita",https://www.tuconsultor.com/social-img/orbita/V10A_instagram.png,https://www.tuconsultor.com/orbita/,,
1689,09/06/2027,08:45,linkedin_alejandro,"Para el equipo, el cliente y el auditor.

El sistema deja de ser «cosa de calidad» cuando cada persona ve lo suyo en el mismo portal. En Orbita el operario, la dirección y el auditor entran por la misma puerta, cada uno a su sitio.

Si te suena, hablamos.
👉 https://www.tuconsultor.com/orbita/?utm_source=linkedin_alejandro&utm_medium=social&utm_campaign=orbita-ventajas&utm_content=v10b

#OrbitaPMTool #SistemasDeGestión #TuConsultor #Accesibilidad #Móvil",https://www.tuconsultor.com/social-img/orbita/V10B_linkedin.png,https://www.tuconsultor.com/orbita/,,
1690,09/06/2027,19:00,linkedin,"Para el equipo, el cliente y el auditor.

Orbita es hiperaccesible porque no es solo para calidad: el equipo ve sus tareas, la dirección su dashboard, el consultor el plan y el auditor las evidencias. Cada rol con su acceso, todos en el mismo sitio.

Así trabajamos ahora con nuestros clientes.
👉 https://www.tuconsultor.com/orbita/?utm_source=linkedin&utm_medium=social&utm_campaign=orbita-ventajas&utm_content=v10b

#OrbitaPMTool #SistemasDeGestión #TuConsultor #Accesibilidad #Móvil",https://www.tuconsultor.com/social-img/orbita/V10B_linkedin.png,https://www.tuconsultor.com/orbita/,,
1691,09/06/2027,19:00,instagram,"📱 Para el equipo, el cliente y el auditor.

Cada uno con su acceso y su vista. Todos en el mismo portal.

Un portal. Todo dentro.
Enlace en bio.

❤️ Gestión con corazón desde 2006.

#OrbitaPMTool #SistemasDeGestión #TuConsultor #Accesibilidad #Móvil #GestiónConCorazón #Orbita",https://www.tuconsultor.com/social-img/orbita/V10B_instagram.png,https://www.tuconsultor.com/orbita/,,
1692,10/06/2027,08:45,linkedin_alejandro,"Accesible también para quien no ve, no oye o no puede.

Trabajo con entidades del ámbito social y de la discapacidad. No podía ofrecerles un portal que excluyera a parte de su equipo. Orbita cumple accesibilidad web: el sistema es de todos.

Si te suena, hablamos.
👉 https://www.tuconsultor.com/orbita/?utm_source=linkedin_alejandro&utm_medium=social&utm_campaign=orbita-ventajas&utm_content=v10c

#OrbitaPMTool #SistemasDeGestión #TuConsultor #Accesibilidad #Móvil",https://www.tuconsultor.com/social-img/orbita/V10C_linkedin.png,https://www.tuconsultor.com/orbita/,,
1693,10/06/2027,19:00,linkedin,"Accesible también para quien no ve, no oye o no puede.

Hiperaccesible también significa accesible: Orbita está diseñado para usarse con lector de pantalla, con teclado y con contraste alto. Un sistema de gestión para toda la plantilla, sin excepciones.

Así trabajamos ahora con nuestros clientes.
👉 https://www.tuconsultor.com/orbita/?utm_source=linkedin&utm_medium=social&utm_campaign=orbita-ventajas&utm_content=v10c

#OrbitaPMTool #SistemasDeGestión #TuConsultor #Accesibilidad #Móvil",https://www.tuconsultor.com/social-img/orbita/V10C_linkedin.png,https://www.tuconsultor.com/orbita/,,
1694,10/06/2027,19:00,instagram,"📱 Accesible también para quien no ve, no oye o no puede.

Orbita cumple accesibilidad web. El sistema es de todos.

Un portal. Todo dentro.
Enlace en bio.

❤️ Gestión con corazón desde 2006.

#OrbitaPMTool #SistemasDeGestión #TuConsultor #Accesibilidad #Móvil #GestiónConCorazón #Orbita",https://www.tuconsultor.com/social-img/orbita/V10C_instagram.png,https://www.tuconsultor.com/orbita/,,
1695,11/06/2027,08:45,linkedin_alejandro,"Las normas y los procesos en un solo portal.

Llevo veinte años viendo sistemas de gestión repartidos en carpetas, correos y cabezas. Por eso construimos Orbita: un solo portal donde están las normas, los procesos, las tareas y las evidencias. Ahora trabajo así con todos mis clientes.

Si quieres verlo con tu sistema, escríbeme.
👉 https://www.tuconsultor.com/orbita/?utm_source=linkedin_alejandro&utm_medium=social&utm_campaign=orbita-ventajas&utm_content=v01a

#OrbitaPMTool #SistemasDeGestión #TuConsultor #PortalÚnico #ISO9001",https://www.tuconsultor.com/social-img/orbita/V01A_linkedin.png,https://www.tuconsultor.com/orbita/,,
1696,11/06/2027,19:00,linkedin,"Las normas y los procesos en un solo portal.

La calidad en un Excel, los proyectos en otro, los procedimientos en una carpeta y el consultor por correo. Así no se gestiona: se sobrevive. Orbita junta las normas y los procesos en un solo portal, con el consultor y el cliente dentro.

Orbita · PM Tool, el portal de gestión de TuConsultor.
👉 https://www.tuconsultor.com/orbita/?utm_source=linkedin&utm_medium=social&utm_campaign=orbita-ventajas&utm_content=v01a

#OrbitaPMTool #SistemasDeGestión #TuConsultor #PortalÚnico #ISO9001",https://www.tuconsultor.com/social-img/orbita/V01A_linkedin.png,https://www.tuconsultor.com/orbita/,,
1697,11/06/2027,19:00,instagram,"🧭 Las normas y los procesos en un solo portal.

ISO, procesos, tareas, evidencias y equipo. Un sitio. Orbita · PM Tool.

Orbita · PM Tool, el portal de gestión de TuConsultor.
Enlace en bio.

❤️ Gestión con corazón desde 2006.

#OrbitaPMTool #SistemasDeGestión #TuConsultor #PortalÚnico #ISO9001 #GestiónConCorazón #Orbita",https://www.tuconsultor.com/social-img/orbita/V01A_instagram.png,https://www.tuconsultor.com/orbita/,,
1698,12/06/2027,08:45,linkedin_alejandro,"Un portal. Todas tus normas, todos tus procesos.

Cuando una empresa suma su segunda norma, lo normal es que duplique papeles. En Orbita no: las normas comparten los mismos procesos y las mismas evidencias. Menos trabajo, más control. Es lo que llevo años defendiendo.

Si quieres verlo con tu sistema, escríbeme.
👉 https://www.tuconsultor.com/orbita/?utm_source=linkedin_alejandro&utm_medium=social&utm_campaign=orbita-ventajas&utm_content=v01b

#OrbitaPMTool #SistemasDeGestión #TuConsultor #PortalÚnico #ISO9001",https://www.tuconsultor.com/social-img/orbita/V01B_linkedin.png,https://www.tuconsultor.com/orbita/,,
1699,12/06/2027,19:00,linkedin,"Un portal. Todas tus normas, todos tus procesos.

Cada norma que añades no puede ser otra carpeta y otro responsable. En Orbita las normas comparten procesos, tareas y evidencias: una integración de verdad, no una pestaña más.

Orbita · PM Tool, el portal de gestión de TuConsultor.
👉 https://www.tuconsultor.com/orbita/?utm_source=linkedin&utm_medium=social&utm_campaign=orbita-ventajas&utm_content=v01b

#OrbitaPMTool #SistemasDeGestión #TuConsultor #PortalÚnico #ISO9001",https://www.tuconsultor.com/social-img/orbita/V01B_linkedin.png,https://www.tuconsultor.com/orbita/,,
1700,12/06/2027,19:00,instagram,"🧭 Un portal. Todas tus normas, todos tus procesos.

9001, 14001, 27001, 45001… y los procesos que las sostienen. Juntos.

Orbita · PM Tool, el portal de gestión de TuConsultor.
Enlace en bio.

❤️ Gestión con corazón desde 2006.

#OrbitaPMTool #SistemasDeGestión #TuConsultor #PortalÚnico #ISO9001 #GestiónConCorazón #Orbita",https://www.tuconsultor.com/social-img/orbita/V01B_instagram.png,https://www.tuconsultor.com/orbita/,,
1701,13/06/2027,08:45,linkedin_alejandro,"Lo que no está en el portal, no existe.

Mi regla con los clientes es sencilla: lo que no está en Orbita no existe. Suena duro y es lo que más tranquilidad da. Una versión, la vigente, y todos mirando lo mismo.

Si quieres verlo con tu sistema, escríbeme.
👉 https://www.tuconsultor.com/orbita/?utm_source=linkedin_alejandro&utm_medium=social&utm_campaign=orbita-ventajas&utm_content=v01c

#OrbitaPMTool #SistemasDeGestión #TuConsultor #PortalÚnico #ISO9001",https://www.tuconsultor.com/social-img/orbita/V01C_linkedin.png,https://www.tuconsultor.com/orbita/,,
1702,13/06/2027,19:00,linkedin,"Lo que no está en el portal, no existe.

La versión buena del procedimiento está en el portátil de alguien. En Orbita hay una versión: la vigente, con su historial. Tu equipo, tu consultor y tu auditor miran la misma pantalla.

Orbita · PM Tool, el portal de gestión de TuConsultor.
👉 https://www.tuconsultor.com/orbita/?utm_source=linkedin&utm_medium=social&utm_campaign=orbita-ventajas&utm_content=v01c

#OrbitaPMTool #SistemasDeGestión #TuConsultor #PortalÚnico #ISO9001",https://www.tuconsultor.com/social-img/orbita/V01C_linkedin.png,https://www.tuconsultor.com/orbita/,,
1703,13/06/2027,19:00,instagram,"🧭 Lo que no está en el portal, no existe.

Y eso es exactamente lo que quieres: una sola versión, la vigente.

Orbita · PM Tool, el portal de gestión de TuConsultor.
Enlace en bio.

❤️ Gestión con corazón desde 2006.

#OrbitaPMTool #SistemasDeGestión #TuConsultor #PortalÚnico #ISO9001 #GestiónConCorazón #Orbita",https://www.tuconsultor.com/social-img/orbita/V01C_instagram.png,https://www.tuconsultor.com/orbita/,,
1704,14/06/2027,08:45,linkedin_alejandro,"Tu sistema de gestión no depende de una persona.

He visto sistemas de calidad desaparecer con una baja o un cambio de puesto. Con Orbita eso no pasa: el sistema está en el portal, no en una persona. Es la diferencia entre tener un sistema y tener a alguien que se lo sabe.

Si quieres verlo con tu sistema, escríbeme.
👉 https://www.tuconsultor.com/orbita/?utm_source=linkedin_alejandro&utm_medium=social&utm_campaign=orbita-ventajas&utm_content=v02a

#OrbitaPMTool #SistemasDeGestión #TuConsultor #Continuidad #Equipo",https://www.tuconsultor.com/social-img/orbita/V02A_linkedin.png,https://www.tuconsultor.com/orbita/,,
1705,14/06/2027,19:00,linkedin,"Tu sistema de gestión no depende de una persona.

El sistema ISO de muchas empresas vive en la cabeza de una persona. Cuando esa persona se va, se va el sistema. En Orbita, procesos, tareas, evidencias e historial están en el portal: quien llegue continúa donde lo dejó el anterior.

Orbita · PM Tool, el portal de gestión de TuConsultor.
👉 https://www.tuconsultor.com/orbita/?utm_source=linkedin&utm_medium=social&utm_campaign=orbita-ventajas&utm_content=v02a

#OrbitaPMTool #SistemasDeGestión #TuConsultor #Continuidad #Equipo",https://www.tuconsultor.com/social-img/orbita/V02A_linkedin.png,https://www.tuconsultor.com/orbita/,,
1706,14/06/2027,19:00,instagram,"🧩 Tu sistema de gestión no depende de una persona.

Si el responsable de calidad se va, el sistema se queda.

Orbita · PM Tool, el portal de gestión de TuConsultor.
Enlace en bio.

❤️ Gestión con corazón desde 2006.

#OrbitaPMTool #SistemasDeGestión #TuConsultor #Continuidad #Equipo #GestiónConCorazón #Orbita",https://www.tuconsultor.com/social-img/orbita/V02A_instagram.png,https://www.tuconsultor.com/orbita/,,
1707,15/06/2027,08:45,linkedin_alejandro,"Vacaciones, bajas, cambios. El sistema sigue.

Agosto es la prueba de fuego de un sistema de gestión. En Orbita, las tareas del sistema tienen dueño y sustituto, y el consultor las ve. Cuando vuelve el equipo, no hay que reconstruir nada.

Si quieres verlo con tu sistema, escríbeme.
👉 https://www.tuconsultor.com/orbita/?utm_source=linkedin_alejandro&utm_medium=social&utm_campaign=orbita-ventajas&utm_content=v02b

#OrbitaPMTool #SistemasDeGestión #TuConsultor #Continuidad #Equipo",https://www.tuconsultor.com/social-img/orbita/V02B_linkedin.png,https://www.tuconsultor.com/orbita/,,
1708,15/06/2027,19:00,linkedin,"Vacaciones, bajas, cambios. El sistema sigue.

En Orbita cada tarea tiene responsable, plazo y evidencia. Si alguien falta, se reasigna y sigue. La auditoría no espera a que vuelva nadie de vacaciones, y tu sistema tampoco.

Orbita · PM Tool, el portal de gestión de TuConsultor.
👉 https://www.tuconsultor.com/orbita/?utm_source=linkedin&utm_medium=social&utm_campaign=orbita-ventajas&utm_content=v02b

#OrbitaPMTool #SistemasDeGestión #TuConsultor #Continuidad #Equipo",https://www.tuconsultor.com/social-img/orbita/V02B_linkedin.png,https://www.tuconsultor.com/orbita/,,
1709,15/06/2027,19:00,instagram,"🧩 Vacaciones, bajas, cambios. El sistema sigue.

Tareas con dueño, plazos y sustituto. Nada se para.

Orbita · PM Tool, el portal de gestión de TuConsultor.
Enlace en bio.

❤️ Gestión con corazón desde 2006.

#OrbitaPMTool #SistemasDeGestión #TuConsultor #Continuidad #Equipo #GestiónConCorazón #Orbita",https://www.tuconsultor.com/social-img/orbita/V02B_instagram.png,https://www.tuconsultor.com/orbita/,,
1710,16/06/2027,08:45,linkedin_alejandro,"El conocimiento del sistema es de la empresa.

Como consultor, mi trabajo es que el cliente no me necesite para saber cómo funciona su sistema. Orbita lo hace posible: todo lo que hacemos juntos queda en su portal, no en mis notas.

Si quieres verlo con tu sistema, escríbeme.
👉 https://www.tuconsultor.com/orbita/?utm_source=linkedin_alejandro&utm_medium=social&utm_campaign=orbita-ventajas&utm_content=v02c

#OrbitaPMTool #SistemasDeGestión #TuConsultor #Continuidad #Equipo",https://www.tuconsultor.com/social-img/orbita/V02C_linkedin.png,https://www.tuconsultor.com/orbita/,,
1711,16/06/2027,19:00,linkedin,"El conocimiento del sistema es de la empresa.

Cuando el sistema está en Orbita, el conocimiento se queda en la empresa: qué se hizo, por qué, con qué evidencia. Cambie quien cambie, el hilo no se rompe.

Orbita · PM Tool, el portal de gestión de TuConsultor.
👉 https://www.tuconsultor.com/orbita/?utm_source=linkedin&utm_medium=social&utm_campaign=orbita-ventajas&utm_content=v02c

#OrbitaPMTool #SistemasDeGestión #TuConsultor #Continuidad #Equipo",https://www.tuconsultor.com/social-img/orbita/V02C_linkedin.png,https://www.tuconsultor.com/orbita/,,
1712,16/06/2027,19:00,instagram,"🧩 El conocimiento del sistema es de la empresa.

No del consultor. No del responsable. De la organización.

Orbita · PM Tool, el portal de gestión de TuConsultor.
Enlace en bio.

❤️ Gestión con corazón desde 2006.

#OrbitaPMTool #SistemasDeGestión #TuConsultor #Continuidad #Equipo #GestiónConCorazón #Orbita",https://www.tuconsultor.com/social-img/orbita/V02C_instagram.png,https://www.tuconsultor.com/orbita/,,
1713,17/06/2027,08:45,linkedin_alejandro,"Siempre atendido. No una visita al mes.

Ya no trabajo a golpe de visita mensual. Estoy dentro del portal de cada cliente, veo lo que avanza y lo que se atasca, y actúo antes de que sea un problema. Siempre atendido no es un eslogan: es el modelo.

Si quieres verlo con tu sistema, escríbeme.
👉 https://www.tuconsultor.com/orbita/?utm_source=linkedin_alejandro&utm_medium=social&utm_campaign=orbita-ventajas&utm_content=v03a

#OrbitaPMTool #SistemasDeGestión #TuConsultor #Consultoría #Acompañamiento",https://www.tuconsultor.com/social-img/orbita/V03A_linkedin.png,https://www.tuconsultor.com/orbita/,,
1714,17/06/2027,19:00,linkedin,"Siempre atendido. No una visita al mes.

La consultoría clásica es una visita mensual y un correo cuando hay prisa. En Orbita el consultor está dentro del portal: ve las tareas, contesta las dudas y programa el trabajo semana a semana. Acompañamiento de verdad, no presencia.

Orbita · PM Tool, el portal de gestión de TuConsultor.
👉 https://www.tuconsultor.com/orbita/?utm_source=linkedin&utm_medium=social&utm_campaign=orbita-ventajas&utm_content=v03a

#OrbitaPMTool #SistemasDeGestión #TuConsultor #Consultoría #Acompañamiento",https://www.tuconsultor.com/social-img/orbita/V03A_linkedin.png,https://www.tuconsultor.com/orbita/,,
1715,17/06/2027,19:00,instagram,"🤝 Siempre atendido. No una visita al mes.

Tu consultor dentro del portal, cada semana, no solo antes de la auditoría.

Orbita · PM Tool, el portal de gestión de TuConsultor.
Enlace en bio.

❤️ Gestión con corazón desde 2006.

#OrbitaPMTool #SistemasDeGestión #TuConsultor #Consultoría #Acompañamiento #GestiónConCorazón #Orbita",https://www.tuconsultor.com/social-img/orbita/V03A_instagram.png,https://www.tuconsultor.com/orbita/,,
1716,18/06/2027,08:45,linkedin_alejandro,"Cada tarea del sistema tiene a alguien detrás.

Lo que más agradecen mis clientes de Orbita no es la tecnología: es saber quién de mi equipo se ocupa de cada cosa y cuándo. Eso es estar atendido.

Si quieres verlo con tu sistema, escríbeme.
👉 https://www.tuconsultor.com/orbita/?utm_source=linkedin_alejandro&utm_medium=social&utm_campaign=orbita-ventajas&utm_content=v03b

#OrbitaPMTool #SistemasDeGestión #TuConsultor #Consultoría #Acompañamiento",https://www.tuconsultor.com/social-img/orbita/V03B_linkedin.png,https://www.tuconsultor.com/orbita/,,
1717,18/06/2027,19:00,linkedin,"Cada tarea del sistema tiene a alguien detrás.

En Orbita cada proyecto tiene su consultor y cada tarea su sesión programada. El cliente ve quién viene, cuándo y a qué. Sin perseguir a nadie por correo.

Orbita · PM Tool, el portal de gestión de TuConsultor.
👉 https://www.tuconsultor.com/orbita/?utm_source=linkedin&utm_medium=social&utm_campaign=orbita-ventajas&utm_content=v03b

#OrbitaPMTool #SistemasDeGestión #TuConsultor #Consultoría #Acompañamiento",https://www.tuconsultor.com/social-img/orbita/V03B_linkedin.png,https://www.tuconsultor.com/orbita/,,
1718,18/06/2027,19:00,instagram,"🤝 Cada tarea del sistema tiene a alguien detrás.

Consultor asignado, agenda compartida y seguimiento en el portal.

Orbita · PM Tool, el portal de gestión de TuConsultor.
Enlace en bio.

❤️ Gestión con corazón desde 2006.

#OrbitaPMTool #SistemasDeGestión #TuConsultor #Consultoría #Acompañamiento #GestiónConCorazón #Orbita",https://www.tuconsultor.com/social-img/orbita/V03B_instagram.png,https://www.tuconsultor.com/orbita/,,
1719,19/06/2027,08:45,linkedin_alejandro,"Relación, Implicación o Compromiso.

Hay clientes que quieren que les acompañe y clientes que quieren que me ocupe. Por eso Orbita tiene tres modelos: Relación, Implicación y Compromiso. Elige el tuyo y el portal se adapta.

Si quieres verlo con tu sistema, escríbeme.
👉 https://www.tuconsultor.com/orbita/?utm_source=linkedin_alejandro&utm_medium=social&utm_campaign=orbita-ventajas&utm_content=v03c

#OrbitaPMTool #SistemasDeGestión #TuConsultor #Consultoría #Acompañamiento",https://www.tuconsultor.com/social-img/orbita/V03C_linkedin.png,https://www.tuconsultor.com/orbita/,,
1720,19/06/2027,19:00,linkedin,"Relación, Implicación o Compromiso.

No todas las empresas necesitan lo mismo. En Orbita trabajamos con tres modelos: Relación (te acompañamos), Implicación (lo hacemos contigo) y Compromiso (lo llevamos por ti). El portal es el mismo; cambia cuánto hacemos nosotros.

Orbita · PM Tool, el portal de gestión de TuConsultor.
👉 https://www.tuconsultor.com/orbita/?utm_source=linkedin&utm_medium=social&utm_campaign=orbita-ventajas&utm_content=v03c

#OrbitaPMTool #SistemasDeGestión #TuConsultor #Consultoría #Acompañamiento",https://www.tuconsultor.com/social-img/orbita/V03C_linkedin.png,https://www.tuconsultor.com/orbita/,,
1721,19/06/2027,19:00,instagram,"🤝 Relación, Implicación o Compromiso.

Tres modelos de acompañamiento. Tú eliges cuánto nos metemos.

Orbita · PM Tool, el portal de gestión de TuConsultor.
Enlace en bio.

❤️ Gestión con corazón desde 2006.

#OrbitaPMTool #SistemasDeGestión #TuConsultor #Consultoría #Acompañamiento #GestiónConCorazón #Orbita",https://www.tuconsultor.com/social-img/orbita/V03C_instagram.png,https://www.tuconsultor.com/orbita/,,
1722,20/06/2027,08:45,linkedin_alejandro,"Diez años de sistema en un solo hilo.

Lo primero que pide un auditor es el hilo: qué pasó el año pasado y qué hicisteis. En Orbita el hilo está entero, con fecha y evidencia. Es el legado del sistema, y es de la empresa.

Si quieres verlo con tu sistema, escríbeme.
👉 https://www.tuconsultor.com/orbita/?utm_source=linkedin_alejandro&utm_medium=social&utm_campaign=orbita-ventajas&utm_content=v04a

#OrbitaPMTool #SistemasDeGestión #TuConsultor #Legado #Conocimiento",https://www.tuconsultor.com/social-img/orbita/V04A_linkedin.png,https://www.tuconsultor.com/orbita/,,
1723,20/06/2027,19:00,linkedin,"Diez años de sistema en un solo hilo.

Un sistema de gestión es su historia: qué falló, qué se decidió, qué se cambió. En Orbita ese legado está ordenado por proyecto y por proceso, con fecha, autor y evidencia. Nada se pierde entre versiones de carpeta.

Orbita · PM Tool, el portal de gestión de TuConsultor.
👉 https://www.tuconsultor.com/orbita/?utm_source=linkedin&utm_medium=social&utm_campaign=orbita-ventajas&utm_content=v04a

#OrbitaPMTool #SistemasDeGestión #TuConsultor #Legado #Conocimiento",https://www.tuconsultor.com/social-img/orbita/V04A_linkedin.png,https://www.tuconsultor.com/orbita/,,
1724,20/06/2027,19:00,instagram,"📚 Diez años de sistema en un solo hilo.

Auditorías, no conformidades, cambios y decisiones. Con fecha y evidencia.

Orbita · PM Tool, el portal de gestión de TuConsultor.
Enlace en bio.

❤️ Gestión con corazón desde 2006.

#OrbitaPMTool #SistemasDeGestión #TuConsultor #Legado #Conocimiento #GestiónConCorazón #Orbita",https://www.tuconsultor.com/social-img/orbita/V04A_instagram.png,https://www.tuconsultor.com/orbita/,,
1725,21/06/2027,08:45,linkedin_alejandro,"La no conformidad de 2024 y lo que hiciste con ella.

Una no conformidad bien cerrada es la mejor prueba de que el sistema funciona. Con Orbita queda el ciclo completo: hallazgo, causa, acción y eficacia. Eso es gestionar el legado.

Si quieres verlo con tu sistema, escríbeme.
👉 https://www.tuconsultor.com/orbita/?utm_source=linkedin_alejandro&utm_medium=social&utm_campaign=orbita-ventajas&utm_content=v04b

#OrbitaPMTool #SistemasDeGestión #TuConsultor #Legado #Conocimiento",https://www.tuconsultor.com/social-img/orbita/V04B_linkedin.png,https://www.tuconsultor.com/orbita/,,
1726,21/06/2027,19:00,linkedin,"La no conformidad de 2024 y lo que hiciste con ella.

En Orbita cada hallazgo lleva su análisis, su acción y su verificación de eficacia. Cuando el auditor pregunte por la no conformidad de hace dos años, la respuesta está en el portal, no en la memoria de nadie.

Orbita · PM Tool, el portal de gestión de TuConsultor.
👉 https://www.tuconsultor.com/orbita/?utm_source=linkedin&utm_medium=social&utm_campaign=orbita-ventajas&utm_content=v04b

#OrbitaPMTool #SistemasDeGestión #TuConsultor #Legado #Conocimiento",https://www.tuconsultor.com/social-img/orbita/V04B_linkedin.png,https://www.tuconsultor.com/orbita/,,
1727,21/06/2027,19:00,instagram,"📚 La no conformidad de 2024 y lo que hiciste con ella.

En el portal, a dos clics. No en un correo de hace dos años.

Orbita · PM Tool, el portal de gestión de TuConsultor.
Enlace en bio.

❤️ Gestión con corazón desde 2006.

#OrbitaPMTool #SistemasDeGestión #TuConsultor #Legado #Conocimiento #GestiónConCorazón #Orbita",https://www.tuconsultor.com/social-img/orbita/V04B_instagram.png,https://www.tuconsultor.com/orbita/,,
1728,22/06/2027,08:45,linkedin_alejandro,"Cambiar de consultor sin empezar de cero.

Sé que suena raro viniendo de un consultor: con Orbita puedes cambiar de consultor sin perder nada. El sistema, con todo su historial, es de la empresa. Así debería ser siempre.

Si quieres verlo con tu sistema, escríbeme.
👉 https://www.tuconsultor.com/orbita/?utm_source=linkedin_alejandro&utm_medium=social&utm_campaign=orbita-ventajas&utm_content=v04c

#OrbitaPMTool #SistemasDeGestión #TuConsultor #Legado #Conocimiento",https://www.tuconsultor.com/social-img/orbita/V04C_linkedin.png,https://www.tuconsultor.com/orbita/,,
1729,22/06/2027,19:00,linkedin,"Cambiar de consultor sin empezar de cero.

Con Orbita el sistema es tuyo: si cambia el consultor, el nuevo entra en el portal y continúa. Sin rehacer procedimientos, sin reconstruir el historial.

Orbita · PM Tool, el portal de gestión de TuConsultor.
👉 https://www.tuconsultor.com/orbita/?utm_source=linkedin&utm_medium=social&utm_campaign=orbita-ventajas&utm_content=v04c

#OrbitaPMTool #SistemasDeGestión #TuConsultor #Legado #Conocimiento",https://www.tuconsultor.com/social-img/orbita/V04C_linkedin.png,https://www.tuconsultor.com/orbita/,,
1730,22/06/2027,19:00,instagram,"📚 Cambiar de consultor sin empezar de cero.

El sistema, sus decisiones y sus evidencias siguen en tu portal.

Orbita · PM Tool, el portal de gestión de TuConsultor.
Enlace en bio.

❤️ Gestión con corazón desde 2006.

#OrbitaPMTool #SistemasDeGestión #TuConsultor #Legado #Conocimiento #GestiónConCorazón #Orbita",https://www.tuconsultor.com/social-img/orbita/V04C_instagram.png,https://www.tuconsultor.com/orbita/,,
1731,23/06/2027,08:45,linkedin_alejandro,"Tus procedimientos no viajan por WhatsApp.

Como consultor de ISO 27001 y ENS no podía ofrecer a mis clientes un portal que no cumpliera lo que yo exijo en las auditorías. Orbita tiene accesos por rol, registro de accesos y datos en la UE.

Si quieres verlo con tu sistema, escríbeme.
👉 https://www.tuconsultor.com/orbita/?utm_source=linkedin_alejandro&utm_medium=social&utm_campaign=orbita-ventajas&utm_content=v05a

#OrbitaPMTool #SistemasDeGestión #TuConsultor #ISO27001 #Seguridad",https://www.tuconsultor.com/social-img/orbita/V05A_linkedin.png,https://www.tuconsultor.com/orbita/,,
1732,23/06/2027,19:00,linkedin,"Tus procedimientos no viajan por WhatsApp.

Un sistema de gestión maneja información sensible: auditorías, no conformidades, datos de personas. En Orbita cada usuario ve lo suyo, cada acceso queda registrado y los datos se alojan en la Unión Europea.

Orbita · PM Tool, el portal de gestión de TuConsultor.
👉 https://www.tuconsultor.com/orbita/?utm_source=linkedin&utm_medium=social&utm_campaign=orbita-ventajas&utm_content=v05a

#OrbitaPMTool #SistemasDeGestión #TuConsultor #ISO27001 #Seguridad",https://www.tuconsultor.com/social-img/orbita/V05A_linkedin.png,https://www.tuconsultor.com/orbita/,,
1733,23/06/2027,19:00,instagram,"🔐 Tus procedimientos no viajan por WhatsApp.

Accesos por rol, trazabilidad y datos en la Unión Europea.

Orbita · PM Tool, el portal de gestión de TuConsultor.
Enlace en bio.

❤️ Gestión con corazón desde 2006.

#OrbitaPMTool #SistemasDeGestión #TuConsultor #ISO27001 #Seguridad #GestiónConCorazón #Orbita",https://www.tuconsultor.com/social-img/orbita/V05A_instagram.png,https://www.tuconsultor.com/orbita/,,
1734,24/06/2027,08:45,linkedin_alejandro,"Quién vio qué y cuándo.

La trazabilidad no es un lujo: es un requisito. En Orbita sabemos quién entró, qué vio y qué cambió. Es la misma exigencia que aplico en cada implantación de 27001.

Si quieres verlo con tu sistema, escríbeme.
👉 https://www.tuconsultor.com/orbita/?utm_source=linkedin_alejandro&utm_medium=social&utm_campaign=orbita-ventajas&utm_content=v05b

#OrbitaPMTool #SistemasDeGestión #TuConsultor #ISO27001 #Seguridad",https://www.tuconsultor.com/social-img/orbita/V05B_linkedin.png,https://www.tuconsultor.com/orbita/,,
1735,24/06/2027,19:00,linkedin,"Quién vio qué y cuándo.

Orbita registra entradas, accesos y cambios en el sistema. Es lo que piden la ISO 27001 y el ENS, y lo que necesitas para saber que la documentación del sistema está bajo control.

Orbita · PM Tool, el portal de gestión de TuConsultor.
👉 https://www.tuconsultor.com/orbita/?utm_source=linkedin&utm_medium=social&utm_campaign=orbita-ventajas&utm_content=v05b

#OrbitaPMTool #SistemasDeGestión #TuConsultor #ISO27001 #Seguridad",https://www.tuconsultor.com/social-img/orbita/V05B_linkedin.png,https://www.tuconsultor.com/orbita/,,
1736,24/06/2027,19:00,instagram,"🔐 Quién vio qué y cuándo.

Registro de accesos y cambios. Lo que pide la ISO 27001 y el ENS.

Orbita · PM Tool, el portal de gestión de TuConsultor.
Enlace en bio.

❤️ Gestión con corazón desde 2006.

#OrbitaPMTool #SistemasDeGestión #TuConsultor #ISO27001 #Seguridad #GestiónConCorazón #Orbita",https://www.tuconsultor.com/social-img/orbita/V05B_instagram.png,https://www.tuconsultor.com/orbita/,,
1737,25/06/2027,08:45,linkedin_alejandro,"Copias, cifrado y accesos que no dependen de nadie.

Cada vez que veo un sistema de gestión en una carpeta compartida sin control de accesos, pienso en el día que alguien lo borre sin querer. Con Orbita ese día no llega.

Si quieres verlo con tu sistema, escríbeme.
👉 https://www.tuconsultor.com/orbita/?utm_source=linkedin_alejandro&utm_medium=social&utm_campaign=orbita-ventajas&utm_content=v05c

#OrbitaPMTool #SistemasDeGestión #TuConsultor #ISO27001 #Seguridad",https://www.tuconsultor.com/social-img/orbita/V05C_linkedin.png,https://www.tuconsultor.com/orbita/,,
1738,25/06/2027,19:00,linkedin,"Copias, cifrado y accesos que no dependen de nadie.

La carpeta compartida no tiene copias de seguridad verificadas ni control de accesos real. Orbita corre sobre infraestructura profesional en la UE, con copias, cifrado en tránsito y en reposo y accesos por rol.

Orbita · PM Tool, el portal de gestión de TuConsultor.
👉 https://www.tuconsultor.com/orbita/?utm_source=linkedin&utm_medium=social&utm_campaign=orbita-ventajas&utm_content=v05c

#OrbitaPMTool #SistemasDeGestión #TuConsultor #ISO27001 #Seguridad",https://www.tuconsultor.com/social-img/orbita/V05C_linkedin.png,https://www.tuconsultor.com/orbita/,,
1739,25/06/2027,19:00,instagram,"🔐 Copias, cifrado y accesos que no dependen de nadie.

Infraestructura profesional, no una carpeta compartida.

Orbita · PM Tool, el portal de gestión de TuConsultor.
Enlace en bio.

❤️ Gestión con corazón desde 2006.

#OrbitaPMTool #SistemasDeGestión #TuConsultor #ISO27001 #Seguridad #GestiónConCorazón #Orbita",https://www.tuconsultor.com/social-img/orbita/V05C_instagram.png,https://www.tuconsultor.com/orbita/,,
1740,26/06/2027,08:45,linkedin_alejandro,"Preguntas al sistema. Respuestas al momento.

Mis clientes me hacían las mismas preguntas una y otra vez. Ahora se las hacen al portal y la respuesta sale de su propia documentación. Yo me quedo para lo que aporta valor.

Si quieres verlo con tu sistema, escríbeme.
👉 https://www.tuconsultor.com/orbita/?utm_source=linkedin_alejandro&utm_medium=social&utm_campaign=orbita-ventajas&utm_content=v06a

#OrbitaPMTool #SistemasDeGestión #TuConsultor #IA #Consultoría",https://www.tuconsultor.com/social-img/orbita/V06A_linkedin.png,https://www.tuconsultor.com/orbita/,,
1741,26/06/2027,19:00,linkedin,"Preguntas al sistema. Respuestas al momento.

«¿Qué dice nuestro procedimiento de compras?» «¿Qué me toca antes de la auditoría?» En Orbita las respuestas salen de tu propia documentación, al instante, sin esperar al consultor ni buscar en carpetas.

Orbita · PM Tool, el portal de gestión de TuConsultor.
👉 https://www.tuconsultor.com/orbita/?utm_source=linkedin&utm_medium=social&utm_campaign=orbita-ventajas&utm_content=v06a

#OrbitaPMTool #SistemasDeGestión #TuConsultor #IA #Consultoría",https://www.tuconsultor.com/social-img/orbita/V06A_linkedin.png,https://www.tuconsultor.com/orbita/,,
1742,26/06/2027,19:00,instagram,"⚡ Preguntas al sistema. Respuestas al momento.

La documentación de tu ISO responde: qué dice el procedimiento, qué toca ahora.

Orbita · PM Tool, el portal de gestión de TuConsultor.
Enlace en bio.

❤️ Gestión con corazón desde 2006.

#OrbitaPMTool #SistemasDeGestión #TuConsultor #IA #Consultoría #GestiónConCorazón #Orbita",https://www.tuconsultor.com/social-img/orbita/V06A_instagram.png,https://www.tuconsultor.com/orbita/,,
1743,27/06/2027,08:45,linkedin_alejandro,"Sin esperar al correo del consultor.

Odiaba ser el cuello de botella de mis clientes. Con Orbita las dudas del día a día se resuelven al momento y con referencia al procedimiento. Yo entro cuando hace falta criterio, no para buscar un párrafo.

Si quieres verlo con tu sistema, escríbeme.
👉 https://www.tuconsultor.com/orbita/?utm_source=linkedin_alejandro&utm_medium=social&utm_campaign=orbita-ventajas&utm_content=v06b

#OrbitaPMTool #SistemasDeGestión #TuConsultor #IA #Consultoría",https://www.tuconsultor.com/social-img/orbita/V06B_linkedin.png,https://www.tuconsultor.com/orbita/,,
1744,27/06/2027,19:00,linkedin,"Sin esperar al correo del consultor.

Una duda del sistema no puede esperar tres días a que el consultor conteste el correo. En Orbita la respuesta es inmediata y cita el procedimiento: si hace falta más, el consultor entra en el mismo hilo.

Orbita · PM Tool, el portal de gestión de TuConsultor.
👉 https://www.tuconsultor.com/orbita/?utm_source=linkedin&utm_medium=social&utm_campaign=orbita-ventajas&utm_content=v06b

#OrbitaPMTool #SistemasDeGestión #TuConsultor #IA #Consultoría",https://www.tuconsultor.com/social-img/orbita/V06B_linkedin.png,https://www.tuconsultor.com/orbita/,,
1745,27/06/2027,19:00,instagram,"⚡ Sin esperar al correo del consultor.

Dudas resueltas en el portal, con la referencia al procedimiento.

Orbita · PM Tool, el portal de gestión de TuConsultor.
Enlace en bio.

❤️ Gestión con corazón desde 2006.

#OrbitaPMTool #SistemasDeGestión #TuConsultor #IA #Consultoría #GestiónConCorazón #Orbita",https://www.tuconsultor.com/social-img/orbita/V06B_instagram.png,https://www.tuconsultor.com/orbita/,,
1746,28/06/2027,08:45,linkedin_alejandro,"La auditoría empieza cuando tú quieras.

Preparar una auditoría era una semana de nervios. Con Orbita mis clientes se hacen las preguntas del auditor antes, con sus propios datos, y llegan tranquilos.

Si quieres verlo con tu sistema, escríbeme.
👉 https://www.tuconsultor.com/orbita/?utm_source=linkedin_alejandro&utm_medium=social&utm_campaign=orbita-ventajas&utm_content=v06c

#OrbitaPMTool #SistemasDeGestión #TuConsultor #IA #Consultoría",https://www.tuconsultor.com/social-img/orbita/V06C_linkedin.png,https://www.tuconsultor.com/orbita/,,
1747,28/06/2027,19:00,linkedin,"La auditoría empieza cuando tú quieras.

Antes de la auditoría, pregunta al portal lo que preguntaría el auditor. Orbita responde con tu documentación y te dice dónde hay hueco. Llegas sabiendo qué van a encontrar.

Orbita · PM Tool, el portal de gestión de TuConsultor.
👉 https://www.tuconsultor.com/orbita/?utm_source=linkedin&utm_medium=social&utm_campaign=orbita-ventajas&utm_content=v06c

#OrbitaPMTool #SistemasDeGestión #TuConsultor #IA #Consultoría",https://www.tuconsultor.com/social-img/orbita/V06C_linkedin.png,https://www.tuconsultor.com/orbita/,,
1748,28/06/2027,19:00,instagram,"⚡ La auditoría empieza cuando tú quieras.

Simula preguntas del auditor y comprueba las respuestas con tu documentación.

Orbita · PM Tool, el portal de gestión de TuConsultor.
Enlace en bio.

❤️ Gestión con corazón desde 2006.

#OrbitaPMTool #SistemasDeGestión #TuConsultor #IA #Consultoría #GestiónConCorazón #Orbita",https://www.tuconsultor.com/social-img/orbita/V06C_instagram.png,https://www.tuconsultor.com/orbita/,,
1749,29/06/2027,08:45,linkedin_alejandro,"Tus indicadores, en tiempo real.

Ver es la mitad del control. En Orbita cada cliente tiene su dashboard: indicadores, tareas y auditorías en vivo. Y yo veo lo mismo, así que no hace falta preguntar.

Si quieres verlo con tu sistema, escríbeme.
👉 https://www.tuconsultor.com/orbita/?utm_source=linkedin_alejandro&utm_medium=social&utm_campaign=orbita-ventajas&utm_content=v07a

#OrbitaPMTool #SistemasDeGestión #TuConsultor #Dashboard #Dirección",https://www.tuconsultor.com/social-img/orbita/V07A_linkedin.png,https://www.tuconsultor.com/orbita/,,
1750,29/06/2027,19:00,linkedin,"Tus indicadores, en tiempo real.

Un sistema de gestión sin indicadores a la vista es un archivo. En Orbita el dashboard muestra objetivos, no conformidades abiertas, tareas pendientes y próximas auditorías, actualizado según se trabaja.

Orbita · PM Tool, el portal de gestión de TuConsultor.
👉 https://www.tuconsultor.com/orbita/?utm_source=linkedin&utm_medium=social&utm_campaign=orbita-ventajas&utm_content=v07a

#OrbitaPMTool #SistemasDeGestión #TuConsultor #Dashboard #Dirección",https://www.tuconsultor.com/social-img/orbita/V07A_linkedin.png,https://www.tuconsultor.com/orbita/,,
1751,29/06/2027,19:00,instagram,"📊 Tus indicadores, en tiempo real.

Objetivos, no conformidades, tareas y auditorías en una pantalla.

Orbita · PM Tool, el portal de gestión de TuConsultor.
Enlace en bio.

❤️ Gestión con corazón desde 2006.

#OrbitaPMTool #SistemasDeGestión #TuConsultor #Dashboard #Dirección #GestiónConCorazón #Orbita",https://www.tuconsultor.com/social-img/orbita/V07A_instagram.png,https://www.tuconsultor.com/orbita/,,
1752,30/06/2027,08:45,linkedin_alejandro,"El comité de dirección sin preparar el Excel.

La revisión por la dirección es el momento más útil del sistema y el peor preparado. Con Orbita los datos ya están; dedicamos la reunión a decidir. Eso cambia la conversación con la dirección.

Si quieres verlo con tu sistema, escríbeme.
👉 https://www.tuconsultor.com/orbita/?utm_source=linkedin_alejandro&utm_medium=social&utm_campaign=orbita-ventajas&utm_content=v07b

#OrbitaPMTool #SistemasDeGestión #TuConsultor #Dashboard #Dirección",https://www.tuconsultor.com/social-img/orbita/V07B_linkedin.png,https://www.tuconsultor.com/orbita/,,
1753,30/06/2027,19:00,linkedin,"El comité de dirección sin preparar el Excel.

La revisión por la dirección no debería empezar con dos semanas de recopilar datos. En Orbita los indicadores del sistema están siempre al día: la reunión es para decidir, no para reunir.

Orbita · PM Tool, el portal de gestión de TuConsultor.
👉 https://www.tuconsultor.com/orbita/?utm_source=linkedin&utm_medium=social&utm_campaign=orbita-ventajas&utm_content=v07b

#OrbitaPMTool #SistemasDeGestión #TuConsultor #Dashboard #Dirección",https://www.tuconsultor.com/social-img/orbita/V07B_linkedin.png,https://www.tuconsultor.com/orbita/,,
1754,30/06/2027,19:00,instagram,"📊 El comité de dirección sin preparar el Excel.

Los datos de la revisión por la dirección ya están en el portal.

Orbita · PM Tool, el portal de gestión de TuConsultor.
Enlace en bio.

❤️ Gestión con corazón desde 2006.

#OrbitaPMTool #SistemasDeGestión #TuConsultor #Dashboard #Dirección #GestiónConCorazón #Orbita",https://www.tuconsultor.com/social-img/orbita/V07B_instagram.png,https://www.tuconsultor.com/orbita/,,
1755,01/07/2027,08:45,linkedin_alejandro,"Un semáforo por proceso. Sin sorpresas.

Un dashboard no es para mirar números: es para no llevarse sorpresas. En Orbita el semáforo por proceso avisa antes de que el problema llegue a la auditoría.

Si quieres verlo con tu sistema, escríbeme.
👉 https://www.tuconsultor.com/orbita/?utm_source=linkedin_alejandro&utm_medium=social&utm_campaign=orbita-ventajas&utm_content=v07c

#OrbitaPMTool #SistemasDeGestión #TuConsultor #Dashboard #Dirección",https://www.tuconsultor.com/social-img/orbita/V07C_linkedin.png,https://www.tuconsultor.com/orbita/,,
1756,01/07/2027,19:00,linkedin,"Un semáforo por proceso. Sin sorpresas.

En Orbita cada proceso y cada proyecto tienen su estado: al día, en riesgo o retrasado. La dirección ve el sistema completo de un vistazo y decide con datos, no con sensaciones.

Orbita · PM Tool, el portal de gestión de TuConsultor.
👉 https://www.tuconsultor.com/orbita/?utm_source=linkedin&utm_medium=social&utm_campaign=orbita-ventajas&utm_content=v07c

#OrbitaPMTool #SistemasDeGestión #TuConsultor #Dashboard #Dirección",https://www.tuconsultor.com/social-img/orbita/V07C_linkedin.png,https://www.tuconsultor.com/orbita/,,
1757,01/07/2027,19:00,instagram,"📊 Un semáforo por proceso. Sin sorpresas.

Qué va bien, qué se retrasa y qué necesita decisión. A un vistazo.

Orbita · PM Tool, el portal de gestión de TuConsultor.
Enlace en bio.

❤️ Gestión con corazón desde 2006.

#OrbitaPMTool #SistemasDeGestión #TuConsultor #Dashboard #Dirección #GestiónConCorazón #Orbita",https://www.tuconsultor.com/social-img/orbita/V07C_instagram.png,https://www.tuconsultor.com/orbita/,,
1758,02/07/2027,08:45,linkedin_alejandro,"La documentación del sistema, disponible 24/7.

La documentación del sistema no puede depender de que alguien esté en la oficina. En Orbita está siempre disponible, con la versión vigente. Es lo mínimo para un sistema que dice estar vivo.

Si quieres verlo con tu sistema, escríbeme.
👉 https://www.tuconsultor.com/orbita/?utm_source=linkedin_alejandro&utm_medium=social&utm_campaign=orbita-ventajas&utm_content=v08a

#OrbitaPMTool #SistemasDeGestión #TuConsultor #Documentación #Auditoría",https://www.tuconsultor.com/social-img/orbita/V08A_linkedin.png,https://www.tuconsultor.com/orbita/,,
1759,02/07/2027,19:00,linkedin,"La documentación del sistema, disponible 24/7.

El auditor llega a las 8 y el responsable está de viaje. Da igual: en Orbita la documentación del sistema está disponible las 24 horas, con la versión vigente y su historial. Sin pedir nada a nadie.

Orbita · PM Tool, el portal de gestión de TuConsultor.
👉 https://www.tuconsultor.com/orbita/?utm_source=linkedin&utm_medium=social&utm_campaign=orbita-ventajas&utm_content=v08a

#OrbitaPMTool #SistemasDeGestión #TuConsultor #Documentación #Auditoría",https://www.tuconsultor.com/social-img/orbita/V08A_linkedin.png,https://www.tuconsultor.com/orbita/,,
1760,02/07/2027,19:00,instagram,"🗂️ La documentación del sistema, disponible 24/7.

Procedimientos, registros y evidencias. A cualquier hora, desde cualquier sitio.

Orbita · PM Tool, el portal de gestión de TuConsultor.
Enlace en bio.

❤️ Gestión con corazón desde 2006.

#OrbitaPMTool #SistemasDeGestión #TuConsultor #Documentación #Auditoría #GestiónConCorazón #Orbita",https://www.tuconsultor.com/social-img/orbita/V08A_instagram.png,https://www.tuconsultor.com/orbita/,,
1761,03/07/2027,08:45,linkedin_alejandro,"Un solo lugar para cada documento.

La pregunta «¿cuál es la versión buena?» desaparece con Orbita. Hay una, está en el portal y se puede consultar a cualquier hora. Parece poco; cambia la auditoría entera.

Si quieres verlo con tu sistema, escríbeme.
👉 https://www.tuconsultor.com/orbita/?utm_source=linkedin_alejandro&utm_medium=social&utm_campaign=orbita-ventajas&utm_content=v08b

#OrbitaPMTool #SistemasDeGestión #TuConsultor #Documentación #Auditoría",https://www.tuconsultor.com/social-img/orbita/V08B_linkedin.png,https://www.tuconsultor.com/orbita/,,
1762,03/07/2027,19:00,linkedin,"Un solo lugar para cada documento.

En Orbita cada documento tiene un lugar, un estado y un historial. La copia que alguien guardó en su escritorio deja de ser un riesgo porque nadie la necesita.

Orbita · PM Tool, el portal de gestión de TuConsultor.
👉 https://www.tuconsultor.com/orbita/?utm_source=linkedin&utm_medium=social&utm_campaign=orbita-ventajas&utm_content=v08b

#OrbitaPMTool #SistemasDeGestión #TuConsultor #Documentación #Auditoría",https://www.tuconsultor.com/social-img/orbita/V08B_linkedin.png,https://www.tuconsultor.com/orbita/,,
1763,03/07/2027,19:00,instagram,"🗂️ Un solo lugar para cada documento.

Sin copias en el escritorio ni versiones en el correo.

Orbita · PM Tool, el portal de gestión de TuConsultor.
Enlace en bio.

❤️ Gestión con corazón desde 2006.

#OrbitaPMTool #SistemasDeGestión #TuConsultor #Documentación #Auditoría #GestiónConCorazón #Orbita",https://www.tuconsultor.com/social-img/orbita/V08B_instagram.png,https://www.tuconsultor.com/orbita/,,
1764,04/07/2027,08:45,linkedin_alejandro,"Evidencias con fecha, no capturas en el móvil.

He visto auditorías salvadas con capturas de un móvil. Con Orbita las evidencias están en su sitio, con fecha y responsable. La diferencia entre aprobar y demostrar.

Si quieres verlo con tu sistema, escríbeme.
👉 https://www.tuconsultor.com/orbita/?utm_source=linkedin_alejandro&utm_medium=social&utm_campaign=orbita-ventajas&utm_content=v08c

#OrbitaPMTool #SistemasDeGestión #TuConsultor #Documentación #Auditoría",https://www.tuconsultor.com/social-img/orbita/V08C_linkedin.png,https://www.tuconsultor.com/orbita/,,
1765,04/07/2027,19:00,linkedin,"Evidencias con fecha, no capturas en el móvil.

Las evidencias del sistema en Orbita cuelgan del proceso y de la tarea: quién, cuándo y qué. Cuando el auditor pide la prueba, está donde debe estar, no en el carrete de un teléfono.

Orbita · PM Tool, el portal de gestión de TuConsultor.
👉 https://www.tuconsultor.com/orbita/?utm_source=linkedin&utm_medium=social&utm_campaign=orbita-ventajas&utm_content=v08c

#OrbitaPMTool #SistemasDeGestión #TuConsultor #Documentación #Auditoría",https://www.tuconsultor.com/social-img/orbita/V08C_linkedin.png,https://www.tuconsultor.com/orbita/,,
1766,04/07/2027,19:00,instagram,"🗂️ Evidencias con fecha, no capturas en el móvil.

Cada registro en su proceso, con quién y cuándo. Listo para auditar.

Orbita · PM Tool, el portal de gestión de TuConsultor.
Enlace en bio.

❤️ Gestión con corazón desde 2006.

#OrbitaPMTool #SistemasDeGestión #TuConsultor #Documentación #Auditoría #GestiónConCorazón #Orbita",https://www.tuconsultor.com/social-img/orbita/V08C_instagram.png,https://www.tuconsultor.com/orbita/,,
1767,05/07/2027,08:45,linkedin_alejandro,"Respuesta 24/7. También un domingo.

No prometo estar disponible un domingo a las once. Prometo que mis clientes tendrán respuesta: el portal contesta con su documentación y yo retomo el lunes con criterio. Eso es 24/7 de verdad.

Si quieres verlo con tu sistema, escríbeme.
👉 https://www.tuconsultor.com/orbita/?utm_source=linkedin_alejandro&utm_medium=social&utm_campaign=orbita-ventajas&utm_content=v09a

#OrbitaPMTool #SistemasDeGestión #TuConsultor #Soporte #Disponibilidad",https://www.tuconsultor.com/social-img/orbita/V09A_linkedin.png,https://www.tuconsultor.com/orbita/,,
1768,05/07/2027,19:00,linkedin,"Respuesta 24/7. También un domingo.

Las dudas no esperan al lunes. En Orbita el portal responde a cualquier hora con tu documentación y el consultor retoma en horario. Siempre hay respuesta; luego, si hace falta, criterio.

Orbita · PM Tool, el portal de gestión de TuConsultor.
👉 https://www.tuconsultor.com/orbita/?utm_source=linkedin&utm_medium=social&utm_campaign=orbita-ventajas&utm_content=v09a

#OrbitaPMTool #SistemasDeGestión #TuConsultor #Soporte #Disponibilidad",https://www.tuconsultor.com/social-img/orbita/V09A_linkedin.png,https://www.tuconsultor.com/orbita/,,
1769,05/07/2027,19:00,instagram,"🕐 Respuesta 24/7. También un domingo.

El portal contesta siempre; el consultor, en horario. Nunca te quedas sin respuesta.

Orbita · PM Tool, el portal de gestión de TuConsultor.
Enlace en bio.

❤️ Gestión con corazón desde 2006.

#OrbitaPMTool #SistemasDeGestión #TuConsultor #Soporte #Disponibilidad #GestiónConCorazón #Orbita",https://www.tuconsultor.com/social-img/orbita/V09A_instagram.png,https://www.tuconsultor.com/orbita/,,
1770,06/07/2027,08:45,linkedin_alejandro,"Soporte dentro del portal. No un teléfono que nadie coge.

El soporte a un cliente no puede ser un correo perdido. En Orbita cada petición tiene número, estado y responsable. Yo lo veo y el cliente también.

Si quieres verlo con tu sistema, escríbeme.
👉 https://www.tuconsultor.com/orbita/?utm_source=linkedin_alejandro&utm_medium=social&utm_campaign=orbita-ventajas&utm_content=v09b

#OrbitaPMTool #SistemasDeGestión #TuConsultor #Soporte #Disponibilidad",https://www.tuconsultor.com/social-img/orbita/V09B_linkedin.png,https://www.tuconsultor.com/orbita/,,
1771,06/07/2027,19:00,linkedin,"Soporte dentro del portal. No un teléfono que nadie coge.

En Orbita el soporte está dentro: cada consulta o incidencia queda registrada, con estado y responsable. Sabes que se ha recibido y sabes en qué punto está.

Orbita · PM Tool, el portal de gestión de TuConsultor.
👉 https://www.tuconsultor.com/orbita/?utm_source=linkedin&utm_medium=social&utm_campaign=orbita-ventajas&utm_content=v09b

#OrbitaPMTool #SistemasDeGestión #TuConsultor #Soporte #Disponibilidad",https://www.tuconsultor.com/social-img/orbita/V09B_linkedin.png,https://www.tuconsultor.com/orbita/,,
1772,06/07/2027,19:00,instagram,"🕐 Soporte dentro del portal. No un teléfono que nadie coge.

Consulta, incidencia o petición: queda registrada y con seguimiento.

Orbita · PM Tool, el portal de gestión de TuConsultor.
Enlace en bio.

❤️ Gestión con corazón desde 2006.

#OrbitaPMTool #SistemasDeGestión #TuConsultor #Soporte #Disponibilidad #GestiónConCorazón #Orbita",https://www.tuconsultor.com/social-img/orbita/V09B_instagram.png,https://www.tuconsultor.com/orbita/,,
1773,07/07/2027,08:45,linkedin_alejandro,"Antes de la auditoría, a la hora que sea.

Sé que la víspera de una auditoría se trabaja hasta tarde. Por eso Orbita responde a cualquier hora con la documentación del cliente. Y yo llego a la auditoría sabiendo qué se ha consultado.

Si quieres verlo con tu sistema, escríbeme.
👉 https://www.tuconsultor.com/orbita/?utm_source=linkedin_alejandro&utm_medium=social&utm_campaign=orbita-ventajas&utm_content=v09c

#OrbitaPMTool #SistemasDeGestión #TuConsultor #Soporte #Disponibilidad",https://www.tuconsultor.com/social-img/orbita/V09C_linkedin.png,https://www.tuconsultor.com/orbita/,,
1774,07/07/2027,19:00,linkedin,"Antes de la auditoría, a la hora que sea.

El día antes de la auditoría siempre surge algo. En Orbita el portal responde con tu documentación a cualquier hora y el equipo de TuConsultor está al tanto. Nadie llega solo a la auditoría.

Orbita · PM Tool, el portal de gestión de TuConsultor.
👉 https://www.tuconsultor.com/orbita/?utm_source=linkedin&utm_medium=social&utm_campaign=orbita-ventajas&utm_content=v09c

#OrbitaPMTool #SistemasDeGestión #TuConsultor #Soporte #Disponibilidad",https://www.tuconsultor.com/social-img/orbita/V09C_linkedin.png,https://www.tuconsultor.com/orbita/,,
1775,07/07/2027,19:00,instagram,"🕐 Antes de la auditoría, a la hora que sea.

El día previo no tiene horario. El portal tampoco.

Orbita · PM Tool, el portal de gestión de TuConsultor.
Enlace en bio.

❤️ Gestión con corazón desde 2006.

#OrbitaPMTool #SistemasDeGestión #TuConsultor #Soporte #Disponibilidad #GestiónConCorazón #Orbita",https://www.tuconsultor.com/social-img/orbita/V09C_instagram.png,https://www.tuconsultor.com/orbita/,,
1776,08/07/2027,08:45,linkedin_alejandro,"Desde el móvil, desde la planta, desde la auditoría.

Un sistema que solo se consulta desde el despacho de calidad no es un sistema. Orbita se abre en el móvil de quien está en planta. Ahí es donde el sistema se cumple o no.

Si quieres verlo con tu sistema, escríbeme.
👉 https://www.tuconsultor.com/orbita/?utm_source=linkedin_alejandro&utm_medium=social&utm_campaign=orbita-ventajas&utm_content=v10a

#OrbitaPMTool #SistemasDeGestión #TuConsultor #Accesibilidad #Móvil",https://www.tuconsultor.com/social-img/orbita/V10A_linkedin.png,https://www.tuconsultor.com/orbita/,,
1777,08/07/2027,19:00,linkedin,"Desde el móvil, desde la planta, desde la auditoría.

Un sistema de gestión se usa donde pasa el trabajo: en planta, en obra, en la visita del auditor. Orbita es web, se abre en el móvil y no requiere instalación. Accesible para todo el equipo, no solo para calidad.

Orbita · PM Tool, el portal de gestión de TuConsultor.
👉 https://www.tuconsultor.com/orbita/?utm_source=linkedin&utm_medium=social&utm_campaign=orbita-ventajas&utm_content=v10a

#OrbitaPMTool #SistemasDeGestión #TuConsultor #Accesibilidad #Móvil",https://www.tuconsultor.com/social-img/orbita/V10A_linkedin.png,https://www.tuconsultor.com/orbita/,,
1778,08/07/2027,19:00,instagram,"📱 Desde el móvil, desde la planta, desde la auditoría.

Orbita funciona donde estés. Sin instalar nada.

Orbita · PM Tool, el portal de gestión de TuConsultor.
Enlace en bio.

❤️ Gestión con corazón desde 2006.

#OrbitaPMTool #SistemasDeGestión #TuConsultor #Accesibilidad #Móvil #GestiónConCorazón #Orbita",https://www.tuconsultor.com/social-img/orbita/V10A_instagram.png,https://www.tuconsultor.com/orbita/,,
1779,09/07/2027,08:45,linkedin_alejandro,"Para el equipo, el cliente y el auditor.

El sistema deja de ser «cosa de calidad» cuando cada persona ve lo suyo en el mismo portal. En Orbita el operario, la dirección y el auditor entran por la misma puerta, cada uno a su sitio.

Si quieres verlo con tu sistema, escríbeme.
👉 https://www.tuconsultor.com/orbita/?utm_source=linkedin_alejandro&utm_medium=social&utm_campaign=orbita-ventajas&utm_content=v10b

#OrbitaPMTool #SistemasDeGestión #TuConsultor #Accesibilidad #Móvil",https://www.tuconsultor.com/social-img/orbita/V10B_linkedin.png,https://www.tuconsultor.com/orbita/,,
1780,09/07/2027,19:00,linkedin,"Para el equipo, el cliente y el auditor.

Orbita es hiperaccesible porque no es solo para calidad: el equipo ve sus tareas, la dirección su dashboard, el consultor el plan y el auditor las evidencias. Cada rol con su acceso, todos en el mismo sitio.

Orbita · PM Tool, el portal de gestión de TuConsultor.
👉 https://www.tuconsultor.com/orbita/?utm_source=linkedin&utm_medium=social&utm_campaign=orbita-ventajas&utm_content=v10b

#OrbitaPMTool #SistemasDeGestión #TuConsultor #Accesibilidad #Móvil",https://www.tuconsultor.com/social-img/orbita/V10B_linkedin.png,https://www.tuconsultor.com/orbita/,,
1781,09/07/2027,19:00,instagram,"📱 Para el equipo, el cliente y el auditor.

Cada uno con su acceso y su vista. Todos en el mismo portal.

Orbita · PM Tool, el portal de gestión de TuConsultor.
Enlace en bio.

❤️ Gestión con corazón desde 2006.

#OrbitaPMTool #SistemasDeGestión #TuConsultor #Accesibilidad #Móvil #GestiónConCorazón #Orbita",https://www.tuconsultor.com/social-img/orbita/V10B_instagram.png,https://www.tuconsultor.com/orbita/,,
1782,10/07/2027,08:45,linkedin_alejandro,"Accesible también para quien no ve, no oye o no puede.

Trabajo con entidades del ámbito social y de la discapacidad. No podía ofrecerles un portal que excluyera a parte de su equipo. Orbita cumple accesibilidad web: el sistema es de todos.

Si quieres verlo con tu sistema, escríbeme.
👉 https://www.tuconsultor.com/orbita/?utm_source=linkedin_alejandro&utm_medium=social&utm_campaign=orbita-ventajas&utm_content=v10c

#OrbitaPMTool #SistemasDeGestión #TuConsultor #Accesibilidad #Móvil",https://www.tuconsultor.com/social-img/orbita/V10C_linkedin.png,https://www.tuconsultor.com/orbita/,,
1783,10/07/2027,19:00,linkedin,"Accesible también para quien no ve, no oye o no puede.

Hiperaccesible también significa accesible: Orbita está diseñado para usarse con lector de pantalla, con teclado y con contraste alto. Un sistema de gestión para toda la plantilla, sin excepciones.

Orbita · PM Tool, el portal de gestión de TuConsultor.
👉 https://www.tuconsultor.com/orbita/?utm_source=linkedin&utm_medium=social&utm_campaign=orbita-ventajas&utm_content=v10c

#OrbitaPMTool #SistemasDeGestión #TuConsultor #Accesibilidad #Móvil",https://www.tuconsultor.com/social-img/orbita/V10C_linkedin.png,https://www.tuconsultor.com/orbita/,,
1784,10/07/2027,19:00,instagram,"📱 Accesible también para quien no ve, no oye o no puede.

Orbita cumple accesibilidad web. El sistema es de todos.

Orbita · PM Tool, el portal de gestión de TuConsultor.
Enlace en bio.

❤️ Gestión con corazón desde 2006.

#OrbitaPMTool #SistemasDeGestión #TuConsultor #Accesibilidad #Móvil #GestiónConCorazón #Orbita",https://www.tuconsultor.com/social-img/orbita/V10C_instagram.png,https://www.tuconsultor.com/orbita/,,
1785,11/07/2027,08:45,linkedin_alejandro,"Las normas y los procesos en un solo portal.

Llevo veinte años viendo sistemas de gestión repartidos en carpetas, correos y cabezas. Por eso construimos Orbita: un solo portal donde están las normas, los procesos, las tareas y las evidencias. Ahora trabajo así con todos mis clientes.

Te lo enseño en 20 minutos con un proyecto real.
👉 https://www.tuconsultor.com/orbita/?utm_source=linkedin_alejandro&utm_medium=social&utm_campaign=orbita-ventajas&utm_content=v01a

#OrbitaPMTool #SistemasDeGestión #TuConsultor #PortalÚnico #ISO9001",https://www.tuconsultor.com/social-img/orbita/V01A_linkedin.png,https://www.tuconsultor.com/orbita/,,
1786,11/07/2027,19:00,linkedin,"Las normas y los procesos en un solo portal.

La calidad en un Excel, los proyectos en otro, los procedimientos en una carpeta y el consultor por correo. Así no se gestiona: se sobrevive. Orbita junta las normas y los procesos en un solo portal, con el consultor y el cliente dentro.

Pide una demo de Orbita · PM Tool.
👉 https://www.tuconsultor.com/orbita/?utm_source=linkedin&utm_medium=social&utm_campaign=orbita-ventajas&utm_content=v01a

#OrbitaPMTool #SistemasDeGestión #TuConsultor #PortalÚnico #ISO9001",https://www.tuconsultor.com/social-img/orbita/V01A_linkedin.png,https://www.tuconsultor.com/orbita/,,
1787,11/07/2027,19:00,instagram,"🧭 Las normas y los procesos en un solo portal.

ISO, procesos, tareas, evidencias y equipo. Un sitio. Orbita · PM Tool.

Pide una demo: enlace en bio.
Enlace en bio.

❤️ Gestión con corazón desde 2006.

#OrbitaPMTool #SistemasDeGestión #TuConsultor #PortalÚnico #ISO9001 #GestiónConCorazón #Orbita",https://www.tuconsultor.com/social-img/orbita/V01A_instagram.png,https://www.tuconsultor.com/orbita/,,
1788,12/07/2027,08:45,linkedin_alejandro,"Un portal. Todas tus normas, todos tus procesos.

Cuando una empresa suma su segunda norma, lo normal es que duplique papeles. En Orbita no: las normas comparten los mismos procesos y las mismas evidencias. Menos trabajo, más control. Es lo que llevo años defendiendo.

Te lo enseño en 20 minutos con un proyecto real.
👉 https://www.tuconsultor.com/orbita/?utm_source=linkedin_alejandro&utm_medium=social&utm_campaign=orbita-ventajas&utm_content=v01b

#OrbitaPMTool #SistemasDeGestión #TuConsultor #PortalÚnico #ISO9001",https://www.tuconsultor.com/social-img/orbita/V01B_linkedin.png,https://www.tuconsultor.com/orbita/,,
1789,12/07/2027,19:00,linkedin,"Un portal. Todas tus normas, todos tus procesos.

Cada norma que añades no puede ser otra carpeta y otro responsable. En Orbita las normas comparten procesos, tareas y evidencias: una integración de verdad, no una pestaña más.

Pide una demo de Orbita · PM Tool.
👉 https://www.tuconsultor.com/orbita/?utm_source=linkedin&utm_medium=social&utm_campaign=orbita-ventajas&utm_content=v01b

#OrbitaPMTool #SistemasDeGestión #TuConsultor #PortalÚnico #ISO9001",https://www.tuconsultor.com/social-img/orbita/V01B_linkedin.png,https://www.tuconsultor.com/orbita/,,
1790,12/07/2027,19:00,instagram,"🧭 Un portal. Todas tus normas, todos tus procesos.

9001, 14001, 27001, 45001… y los procesos que las sostienen. Juntos.

Pide una demo: enlace en bio.
Enlace en bio.

❤️ Gestión con corazón desde 2006.

#OrbitaPMTool #SistemasDeGestión #TuConsultor #PortalÚnico #ISO9001 #GestiónConCorazón #Orbita",https://www.tuconsultor.com/social-img/orbita/V01B_instagram.png,https://www.tuconsultor.com/orbita/,,
1791,13/07/2027,08:45,linkedin_alejandro,"Lo que no está en el portal, no existe.

Mi regla con los clientes es sencilla: lo que no está en Orbita no existe. Suena duro y es lo que más tranquilidad da. Una versión, la vigente, y todos mirando lo mismo.

Te lo enseño en 20 minutos con un proyecto real.
👉 https://www.tuconsultor.com/orbita/?utm_source=linkedin_alejandro&utm_medium=social&utm_campaign=orbita-ventajas&utm_content=v01c

#OrbitaPMTool #SistemasDeGestión #TuConsultor #PortalÚnico #ISO9001",https://www.tuconsultor.com/social-img/orbita/V01C_linkedin.png,https://www.tuconsultor.com/orbita/,,
1792,13/07/2027,19:00,linkedin,"Lo que no está en el portal, no existe.

La versión buena del procedimiento está en el portátil de alguien. En Orbita hay una versión: la vigente, con su historial. Tu equipo, tu consultor y tu auditor miran la misma pantalla.

Pide una demo de Orbita · PM Tool.
👉 https://www.tuconsultor.com/orbita/?utm_source=linkedin&utm_medium=social&utm_campaign=orbita-ventajas&utm_content=v01c

#OrbitaPMTool #SistemasDeGestión #TuConsultor #PortalÚnico #ISO9001",https://www.tuconsultor.com/social-img/orbita/V01C_linkedin.png,https://www.tuconsultor.com/orbita/,,
1793,13/07/2027,19:00,instagram,"🧭 Lo que no está en el portal, no existe.

Y eso es exactamente lo que quieres: una sola versión, la vigente.

Pide una demo: enlace en bio.
Enlace en bio.

❤️ Gestión con corazón desde 2006.

#OrbitaPMTool #SistemasDeGestión #TuConsultor #PortalÚnico #ISO9001 #GestiónConCorazón #Orbita",https://www.tuconsultor.com/social-img/orbita/V01C_instagram.png,https://www.tuconsultor.com/orbita/,,
1794,14/07/2027,08:45,linkedin_alejandro,"Tu sistema de gestión no depende de una persona.

He visto sistemas de calidad desaparecer con una baja o un cambio de puesto. Con Orbita eso no pasa: el sistema está en el portal, no en una persona. Es la diferencia entre tener un sistema y tener a alguien que se lo sabe.

Te lo enseño en 20 minutos con un proyecto real.
👉 https://www.tuconsultor.com/orbita/?utm_source=linkedin_alejandro&utm_medium=social&utm_campaign=orbita-ventajas&utm_content=v02a

#OrbitaPMTool #SistemasDeGestión #TuConsultor #Continuidad #Equipo",https://www.tuconsultor.com/social-img/orbita/V02A_linkedin.png,https://www.tuconsultor.com/orbita/,,
1795,14/07/2027,19:00,linkedin,"Tu sistema de gestión no depende de una persona.

El sistema ISO de muchas empresas vive en la cabeza de una persona. Cuando esa persona se va, se va el sistema. En Orbita, procesos, tareas, evidencias e historial están en el portal: quien llegue continúa donde lo dejó el anterior.

Pide una demo de Orbita · PM Tool.
👉 https://www.tuconsultor.com/orbita/?utm_source=linkedin&utm_medium=social&utm_campaign=orbita-ventajas&utm_content=v02a

#OrbitaPMTool #SistemasDeGestión #TuConsultor #Continuidad #Equipo",https://www.tuconsultor.com/social-img/orbita/V02A_linkedin.png,https://www.tuconsultor.com/orbita/,,
1796,14/07/2027,19:00,instagram,"🧩 Tu sistema de gestión no depende de una persona.

Si el responsable de calidad se va, el sistema se queda.

Pide una demo: enlace en bio.
Enlace en bio.

❤️ Gestión con corazón desde 2006.

#OrbitaPMTool #SistemasDeGestión #TuConsultor #Continuidad #Equipo #GestiónConCorazón #Orbita",https://www.tuconsultor.com/social-img/orbita/V02A_instagram.png,https://www.tuconsultor.com/orbita/,,
1797,15/07/2027,08:45,linkedin_alejandro,"Vacaciones, bajas, cambios. El sistema sigue.

Agosto es la prueba de fuego de un sistema de gestión. En Orbita, las tareas del sistema tienen dueño y sustituto, y el consultor las ve. Cuando vuelve el equipo, no hay que reconstruir nada.

Te lo enseño en 20 minutos con un proyecto real.
👉 https://www.tuconsultor.com/orbita/?utm_source=linkedin_alejandro&utm_medium=social&utm_campaign=orbita-ventajas&utm_content=v02b

#OrbitaPMTool #SistemasDeGestión #TuConsultor #Continuidad #Equipo",https://www.tuconsultor.com/social-img/orbita/V02B_linkedin.png,https://www.tuconsultor.com/orbita/,,
1798,15/07/2027,19:00,linkedin,"Vacaciones, bajas, cambios. El sistema sigue.

En Orbita cada tarea tiene responsable, plazo y evidencia. Si alguien falta, se reasigna y sigue. La auditoría no espera a que vuelva nadie de vacaciones, y tu sistema tampoco.

Pide una demo de Orbita · PM Tool.
👉 https://www.tuconsultor.com/orbita/?utm_source=linkedin&utm_medium=social&utm_campaign=orbita-ventajas&utm_content=v02b

#OrbitaPMTool #SistemasDeGestión #TuConsultor #Continuidad #Equipo",https://www.tuconsultor.com/social-img/orbita/V02B_linkedin.png,https://www.tuconsultor.com/orbita/,,
1799,15/07/2027,19:00,instagram,"🧩 Vacaciones, bajas, cambios. El sistema sigue.

Tareas con dueño, plazos y sustituto. Nada se para.

Pide una demo: enlace en bio.
Enlace en bio.

❤️ Gestión con corazón desde 2006.

#OrbitaPMTool #SistemasDeGestión #TuConsultor #Continuidad #Equipo #GestiónConCorazón #Orbita",https://www.tuconsultor.com/social-img/orbita/V02B_instagram.png,https://www.tuconsultor.com/orbita/,,
1800,16/07/2027,08:45,linkedin_alejandro,"El conocimiento del sistema es de la empresa.

Como consultor, mi trabajo es que el cliente no me necesite para saber cómo funciona su sistema. Orbita lo hace posible: todo lo que hacemos juntos queda en su portal, no en mis notas.

Te lo enseño en 20 minutos con un proyecto real.
👉 https://www.tuconsultor.com/orbita/?utm_source=linkedin_alejandro&utm_medium=social&utm_campaign=orbita-ventajas&utm_content=v02c

#OrbitaPMTool #SistemasDeGestión #TuConsultor #Continuidad #Equipo",https://www.tuconsultor.com/social-img/orbita/V02C_linkedin.png,https://www.tuconsultor.com/orbita/,,
1801,16/07/2027,19:00,linkedin,"El conocimiento del sistema es de la empresa.

Cuando el sistema está en Orbita, el conocimiento se queda en la empresa: qué se hizo, por qué, con qué evidencia. Cambie quien cambie, el hilo no se rompe.

Pide una demo de Orbita · PM Tool.
👉 https://www.tuconsultor.com/orbita/?utm_source=linkedin&utm_medium=social&utm_campaign=orbita-ventajas&utm_content=v02c

#OrbitaPMTool #SistemasDeGestión #TuConsultor #Continuidad #Equipo",https://www.tuconsultor.com/social-img/orbita/V02C_linkedin.png,https://www.tuconsultor.com/orbita/,,
1802,16/07/2027,19:00,instagram,"🧩 El conocimiento del sistema es de la empresa.

No del consultor. No del responsable. De la organización.

Pide una demo: enlace en bio.
Enlace en bio.

❤️ Gestión con corazón desde 2006.

#OrbitaPMTool #SistemasDeGestión #TuConsultor #Continuidad #Equipo #GestiónConCorazón #Orbita",https://www.tuconsultor.com/social-img/orbita/V02C_instagram.png,https://www.tuconsultor.com/orbita/,,
1803,17/07/2027,08:45,linkedin_alejandro,"Siempre atendido. No una visita al mes.

Ya no trabajo a golpe de visita mensual. Estoy dentro del portal de cada cliente, veo lo que avanza y lo que se atasca, y actúo antes de que sea un problema. Siempre atendido no es un eslogan: es el modelo.

Te lo enseño en 20 minutos con un proyecto real.
👉 https://www.tuconsultor.com/orbita/?utm_source=linkedin_alejandro&utm_medium=social&utm_campaign=orbita-ventajas&utm_content=v03a

#OrbitaPMTool #SistemasDeGestión #TuConsultor #Consultoría #Acompañamiento",https://www.tuconsultor.com/social-img/orbita/V03A_linkedin.png,https://www.tuconsultor.com/orbita/,,
1804,17/07/2027,19:00,linkedin,"Siempre atendido. No una visita al mes.

La consultoría clásica es una visita mensual y un correo cuando hay prisa. En Orbita el consultor está dentro del portal: ve las tareas, contesta las dudas y programa el trabajo semana a semana. Acompañamiento de verdad, no presencia.

Pide una demo de Orbita · PM Tool.
👉 https://www.tuconsultor.com/orbita/?utm_source=linkedin&utm_medium=social&utm_campaign=orbita-ventajas&utm_content=v03a

#OrbitaPMTool #SistemasDeGestión #TuConsultor #Consultoría #Acompañamiento",https://www.tuconsultor.com/social-img/orbita/V03A_linkedin.png,https://www.tuconsultor.com/orbita/,,
1805,17/07/2027,19:00,instagram,"🤝 Siempre atendido. No una visita al mes.

Tu consultor dentro del portal, cada semana, no solo antes de la auditoría.

Pide una demo: enlace en bio.
Enlace en bio.

❤️ Gestión con corazón desde 2006.

#OrbitaPMTool #SistemasDeGestión #TuConsultor #Consultoría #Acompañamiento #GestiónConCorazón #Orbita",https://www.tuconsultor.com/social-img/orbita/V03A_instagram.png,https://www.tuconsultor.com/orbita/,,
1806,18/07/2027,08:45,linkedin_alejandro,"Cada tarea del sistema tiene a alguien detrás.

Lo que más agradecen mis clientes de Orbita no es la tecnología: es saber quién de mi equipo se ocupa de cada cosa y cuándo. Eso es estar atendido.

Te lo enseño en 20 minutos con un proyecto real.
👉 https://www.tuconsultor.com/orbita/?utm_source=linkedin_alejandro&utm_medium=social&utm_campaign=orbita-ventajas&utm_content=v03b

#OrbitaPMTool #SistemasDeGestión #TuConsultor #Consultoría #Acompañamiento",https://www.tuconsultor.com/social-img/orbita/V03B_linkedin.png,https://www.tuconsultor.com/orbita/,,
1807,18/07/2027,19:00,linkedin,"Cada tarea del sistema tiene a alguien detrás.

En Orbita cada proyecto tiene su consultor y cada tarea su sesión programada. El cliente ve quién viene, cuándo y a qué. Sin perseguir a nadie por correo.

Pide una demo de Orbita · PM Tool.
👉 https://www.tuconsultor.com/orbita/?utm_source=linkedin&utm_medium=social&utm_campaign=orbita-ventajas&utm_content=v03b

#OrbitaPMTool #SistemasDeGestión #TuConsultor #Consultoría #Acompañamiento",https://www.tuconsultor.com/social-img/orbita/V03B_linkedin.png,https://www.tuconsultor.com/orbita/,,
1808,18/07/2027,19:00,instagram,"🤝 Cada tarea del sistema tiene a alguien detrás.

Consultor asignado, agenda compartida y seguimiento en el portal.

Pide una demo: enlace en bio.
Enlace en bio.

❤️ Gestión con corazón desde 2006.

#OrbitaPMTool #SistemasDeGestión #TuConsultor #Consultoría #Acompañamiento #GestiónConCorazón #Orbita",https://www.tuconsultor.com/social-img/orbita/V03B_instagram.png,https://www.tuconsultor.com/orbita/,,
1809,19/07/2027,08:45,linkedin_alejandro,"Relación, Implicación o Compromiso.

Hay clientes que quieren que les acompañe y clientes que quieren que me ocupe. Por eso Orbita tiene tres modelos: Relación, Implicación y Compromiso. Elige el tuyo y el portal se adapta.

Te lo enseño en 20 minutos con un proyecto real.
👉 https://www.tuconsultor.com/orbita/?utm_source=linkedin_alejandro&utm_medium=social&utm_campaign=orbita-ventajas&utm_content=v03c

#OrbitaPMTool #SistemasDeGestión #TuConsultor #Consultoría #Acompañamiento",https://www.tuconsultor.com/social-img/orbita/V03C_linkedin.png,https://www.tuconsultor.com/orbita/,,
1810,19/07/2027,19:00,linkedin,"Relación, Implicación o Compromiso.

No todas las empresas necesitan lo mismo. En Orbita trabajamos con tres modelos: Relación (te acompañamos), Implicación (lo hacemos contigo) y Compromiso (lo llevamos por ti). El portal es el mismo; cambia cuánto hacemos nosotros.

Pide una demo de Orbita · PM Tool.
👉 https://www.tuconsultor.com/orbita/?utm_source=linkedin&utm_medium=social&utm_campaign=orbita-ventajas&utm_content=v03c

#OrbitaPMTool #SistemasDeGestión #TuConsultor #Consultoría #Acompañamiento",https://www.tuconsultor.com/social-img/orbita/V03C_linkedin.png,https://www.tuconsultor.com/orbita/,,
1811,19/07/2027,19:00,instagram,"🤝 Relación, Implicación o Compromiso.

Tres modelos de acompañamiento. Tú eliges cuánto nos metemos.

Pide una demo: enlace en bio.
Enlace en bio.

❤️ Gestión con corazón desde 2006.

#OrbitaPMTool #SistemasDeGestión #TuConsultor #Consultoría #Acompañamiento #GestiónConCorazón #Orbita",https://www.tuconsultor.com/social-img/orbita/V03C_instagram.png,https://www.tuconsultor.com/orbita/,,
1812,20/07/2027,08:45,linkedin_alejandro,"Diez años de sistema en un solo hilo.

Lo primero que pide un auditor es el hilo: qué pasó el año pasado y qué hicisteis. En Orbita el hilo está entero, con fecha y evidencia. Es el legado del sistema, y es de la empresa.

Te lo enseño en 20 minutos con un proyecto real.
👉 https://www.tuconsultor.com/orbita/?utm_source=linkedin_alejandro&utm_medium=social&utm_campaign=orbita-ventajas&utm_content=v04a

#OrbitaPMTool #SistemasDeGestión #TuConsultor #Legado #Conocimiento",https://www.tuconsultor.com/social-img/orbita/V04A_linkedin.png,https://www.tuconsultor.com/orbita/,,
1813,20/07/2027,19:00,linkedin,"Diez años de sistema en un solo hilo.

Un sistema de gestión es su historia: qué falló, qué se decidió, qué se cambió. En Orbita ese legado está ordenado por proyecto y por proceso, con fecha, autor y evidencia. Nada se pierde entre versiones de carpeta.

Pide una demo de Orbita · PM Tool.
👉 https://www.tuconsultor.com/orbita/?utm_source=linkedin&utm_medium=social&utm_campaign=orbita-ventajas&utm_content=v04a

#OrbitaPMTool #SistemasDeGestión #TuConsultor #Legado #Conocimiento",https://www.tuconsultor.com/social-img/orbita/V04A_linkedin.png,https://www.tuconsultor.com/orbita/,,
1814,20/07/2027,19:00,instagram,"📚 Diez años de sistema en un solo hilo.

Auditorías, no conformidades, cambios y decisiones. Con fecha y evidencia.

Pide una demo: enlace en bio.
Enlace en bio.

❤️ Gestión con corazón desde 2006.

#OrbitaPMTool #SistemasDeGestión #TuConsultor #Legado #Conocimiento #GestiónConCorazón #Orbita",https://www.tuconsultor.com/social-img/orbita/V04A_instagram.png,https://www.tuconsultor.com/orbita/,,
1815,21/07/2027,08:45,linkedin_alejandro,"La no conformidad de 2024 y lo que hiciste con ella.

Una no conformidad bien cerrada es la mejor prueba de que el sistema funciona. Con Orbita queda el ciclo completo: hallazgo, causa, acción y eficacia. Eso es gestionar el legado.

Te lo enseño en 20 minutos con un proyecto real.
👉 https://www.tuconsultor.com/orbita/?utm_source=linkedin_alejandro&utm_medium=social&utm_campaign=orbita-ventajas&utm_content=v04b

#OrbitaPMTool #SistemasDeGestión #TuConsultor #Legado #Conocimiento",https://www.tuconsultor.com/social-img/orbita/V04B_linkedin.png,https://www.tuconsultor.com/orbita/,,
1816,21/07/2027,19:00,linkedin,"La no conformidad de 2024 y lo que hiciste con ella.

En Orbita cada hallazgo lleva su análisis, su acción y su verificación de eficacia. Cuando el auditor pregunte por la no conformidad de hace dos años, la respuesta está en el portal, no en la memoria de nadie.

Pide una demo de Orbita · PM Tool.
👉 https://www.tuconsultor.com/orbita/?utm_source=linkedin&utm_medium=social&utm_campaign=orbita-ventajas&utm_content=v04b

#OrbitaPMTool #SistemasDeGestión #TuConsultor #Legado #Conocimiento",https://www.tuconsultor.com/social-img/orbita/V04B_linkedin.png,https://www.tuconsultor.com/orbita/,,
1817,21/07/2027,19:00,instagram,"📚 La no conformidad de 2024 y lo que hiciste con ella.

En el portal, a dos clics. No en un correo de hace dos años.

Pide una demo: enlace en bio.
Enlace en bio.

❤️ Gestión con corazón desde 2006.

#OrbitaPMTool #SistemasDeGestión #TuConsultor #Legado #Conocimiento #GestiónConCorazón #Orbita",https://www.tuconsultor.com/social-img/orbita/V04B_instagram.png,https://www.tuconsultor.com/orbita/,,
1818,22/07/2027,08:45,linkedin_alejandro,"Cambiar de consultor sin empezar de cero.

Sé que suena raro viniendo de un consultor: con Orbita puedes cambiar de consultor sin perder nada. El sistema, con todo su historial, es de la empresa. Así debería ser siempre.

Te lo enseño en 20 minutos con un proyecto real.
👉 https://www.tuconsultor.com/orbita/?utm_source=linkedin_alejandro&utm_medium=social&utm_campaign=orbita-ventajas&utm_content=v04c

#OrbitaPMTool #SistemasDeGestión #TuConsultor #Legado #Conocimiento",https://www.tuconsultor.com/social-img/orbita/V04C_linkedin.png,https://www.tuconsultor.com/orbita/,,
1819,22/07/2027,19:00,linkedin,"Cambiar de consultor sin empezar de cero.

Con Orbita el sistema es tuyo: si cambia el consultor, el nuevo entra en el portal y continúa. Sin rehacer procedimientos, sin reconstruir el historial.

Pide una demo de Orbita · PM Tool.
👉 https://www.tuconsultor.com/orbita/?utm_source=linkedin&utm_medium=social&utm_campaign=orbita-ventajas&utm_content=v04c

#OrbitaPMTool #SistemasDeGestión #TuConsultor #Legado #Conocimiento",https://www.tuconsultor.com/social-img/orbita/V04C_linkedin.png,https://www.tuconsultor.com/orbita/,,
1820,22/07/2027,19:00,instagram,"📚 Cambiar de consultor sin empezar de cero.

El sistema, sus decisiones y sus evidencias siguen en tu portal.

Pide una demo: enlace en bio.
Enlace en bio.

❤️ Gestión con corazón desde 2006.

#OrbitaPMTool #SistemasDeGestión #TuConsultor #Legado #Conocimiento #GestiónConCorazón #Orbita",https://www.tuconsultor.com/social-img/orbita/V04C_instagram.png,https://www.tuconsultor.com/orbita/,,
1821,23/07/2027,08:45,linkedin_alejandro,"Tus procedimientos no viajan por WhatsApp.

Como consultor de ISO 27001 y ENS no podía ofrecer a mis clientes un portal que no cumpliera lo que yo exijo en las auditorías. Orbita tiene accesos por rol, registro de accesos y datos en la UE.

Te lo enseño en 20 minutos con un proyecto real.
👉 https://www.tuconsultor.com/orbita/?utm_source=linkedin_alejandro&utm_medium=social&utm_campaign=orbita-ventajas&utm_content=v05a

#OrbitaPMTool #SistemasDeGestión #TuConsultor #ISO27001 #Seguridad",https://www.tuconsultor.com/social-img/orbita/V05A_linkedin.png,https://www.tuconsultor.com/orbita/,,
1822,23/07/2027,19:00,linkedin,"Tus procedimientos no viajan por WhatsApp.

Un sistema de gestión maneja información sensible: auditorías, no conformidades, datos de personas. En Orbita cada usuario ve lo suyo, cada acceso queda registrado y los datos se alojan en la Unión Europea.

Pide una demo de Orbita · PM Tool.
👉 https://www.tuconsultor.com/orbita/?utm_source=linkedin&utm_medium=social&utm_campaign=orbita-ventajas&utm_content=v05a

#OrbitaPMTool #SistemasDeGestión #TuConsultor #ISO27001 #Seguridad",https://www.tuconsultor.com/social-img/orbita/V05A_linkedin.png,https://www.tuconsultor.com/orbita/,,
1823,23/07/2027,19:00,instagram,"🔐 Tus procedimientos no viajan por WhatsApp.

Accesos por rol, trazabilidad y datos en la Unión Europea.

Pide una demo: enlace en bio.
Enlace en bio.

❤️ Gestión con corazón desde 2006.

#OrbitaPMTool #SistemasDeGestión #TuConsultor #ISO27001 #Seguridad #GestiónConCorazón #Orbita",https://www.tuconsultor.com/social-img/orbita/V05A_instagram.png,https://www.tuconsultor.com/orbita/,,
1824,24/07/2027,08:45,linkedin_alejandro,"Quién vio qué y cuándo.

La trazabilidad no es un lujo: es un requisito. En Orbita sabemos quién entró, qué vio y qué cambió. Es la misma exigencia que aplico en cada implantación de 27001.

Te lo enseño en 20 minutos con un proyecto real.
👉 https://www.tuconsultor.com/orbita/?utm_source=linkedin_alejandro&utm_medium=social&utm_campaign=orbita-ventajas&utm_content=v05b

#OrbitaPMTool #SistemasDeGestión #TuConsultor #ISO27001 #Seguridad",https://www.tuconsultor.com/social-img/orbita/V05B_linkedin.png,https://www.tuconsultor.com/orbita/,,
1825,24/07/2027,19:00,linkedin,"Quién vio qué y cuándo.

Orbita registra entradas, accesos y cambios en el sistema. Es lo que piden la ISO 27001 y el ENS, y lo que necesitas para saber que la documentación del sistema está bajo control.

Pide una demo de Orbita · PM Tool.
👉 https://www.tuconsultor.com/orbita/?utm_source=linkedin&utm_medium=social&utm_campaign=orbita-ventajas&utm_content=v05b

#OrbitaPMTool #SistemasDeGestión #TuConsultor #ISO27001 #Seguridad",https://www.tuconsultor.com/social-img/orbita/V05B_linkedin.png,https://www.tuconsultor.com/orbita/,,
1826,24/07/2027,19:00,instagram,"🔐 Quién vio qué y cuándo.

Registro de accesos y cambios. Lo que pide la ISO 27001 y el ENS.

Pide una demo: enlace en bio.
Enlace en bio.

❤️ Gestión con corazón desde 2006.

#OrbitaPMTool #SistemasDeGestión #TuConsultor #ISO27001 #Seguridad #GestiónConCorazón #Orbita",https://www.tuconsultor.com/social-img/orbita/V05B_instagram.png,https://www.tuconsultor.com/orbita/,,
1827,25/07/2027,08:45,linkedin_alejandro,"Copias, cifrado y accesos que no dependen de nadie.

Cada vez que veo un sistema de gestión en una carpeta compartida sin control de accesos, pienso en el día que alguien lo borre sin querer. Con Orbita ese día no llega.

Te lo enseño en 20 minutos con un proyecto real.
👉 https://www.tuconsultor.com/orbita/?utm_source=linkedin_alejandro&utm_medium=social&utm_campaign=orbita-ventajas&utm_content=v05c

#OrbitaPMTool #SistemasDeGestión #TuConsultor #ISO27001 #Seguridad",https://www.tuconsultor.com/social-img/orbita/V05C_linkedin.png,https://www.tuconsultor.com/orbita/,,
1828,25/07/2027,19:00,linkedin,"Copias, cifrado y accesos que no dependen de nadie.

La carpeta compartida no tiene copias de seguridad verificadas ni control de accesos real. Orbita corre sobre infraestructura profesional en la UE, con copias, cifrado en tránsito y en reposo y accesos por rol.

Pide una demo de Orbita · PM Tool.
👉 https://www.tuconsultor.com/orbita/?utm_source=linkedin&utm_medium=social&utm_campaign=orbita-ventajas&utm_content=v05c

#OrbitaPMTool #SistemasDeGestión #TuConsultor #ISO27001 #Seguridad",https://www.tuconsultor.com/social-img/orbita/V05C_linkedin.png,https://www.tuconsultor.com/orbita/,,
1829,25/07/2027,19:00,instagram,"🔐 Copias, cifrado y accesos que no dependen de nadie.

Infraestructura profesional, no una carpeta compartida.

Pide una demo: enlace en bio.
Enlace en bio.

❤️ Gestión con corazón desde 2006.

#OrbitaPMTool #SistemasDeGestión #TuConsultor #ISO27001 #Seguridad #GestiónConCorazón #Orbita",https://www.tuconsultor.com/social-img/orbita/V05C_instagram.png,https://www.tuconsultor.com/orbita/,,
1830,26/07/2027,08:45,linkedin_alejandro,"Preguntas al sistema. Respuestas al momento.

Mis clientes me hacían las mismas preguntas una y otra vez. Ahora se las hacen al portal y la respuesta sale de su propia documentación. Yo me quedo para lo que aporta valor.

Te lo enseño en 20 minutos con un proyecto real.
👉 https://www.tuconsultor.com/orbita/?utm_source=linkedin_alejandro&utm_medium=social&utm_campaign=orbita-ventajas&utm_content=v06a

#OrbitaPMTool #SistemasDeGestión #TuConsultor #IA #Consultoría",https://www.tuconsultor.com/social-img/orbita/V06A_linkedin.png,https://www.tuconsultor.com/orbita/,,
1831,26/07/2027,19:00,linkedin,"Preguntas al sistema. Respuestas al momento.

«¿Qué dice nuestro procedimiento de compras?» «¿Qué me toca antes de la auditoría?» En Orbita las respuestas salen de tu propia documentación, al instante, sin esperar al consultor ni buscar en carpetas.

Pide una demo de Orbita · PM Tool.
👉 https://www.tuconsultor.com/orbita/?utm_source=linkedin&utm_medium=social&utm_campaign=orbita-ventajas&utm_content=v06a

#OrbitaPMTool #SistemasDeGestión #TuConsultor #IA #Consultoría",https://www.tuconsultor.com/social-img/orbita/V06A_linkedin.png,https://www.tuconsultor.com/orbita/,,
1832,26/07/2027,19:00,instagram,"⚡ Preguntas al sistema. Respuestas al momento.

La documentación de tu ISO responde: qué dice el procedimiento, qué toca ahora.

Pide una demo: enlace en bio.
Enlace en bio.

❤️ Gestión con corazón desde 2006.

#OrbitaPMTool #SistemasDeGestión #TuConsultor #IA #Consultoría #GestiónConCorazón #Orbita",https://www.tuconsultor.com/social-img/orbita/V06A_instagram.png,https://www.tuconsultor.com/orbita/,,
1833,27/07/2027,08:45,linkedin_alejandro,"Sin esperar al correo del consultor.

Odiaba ser el cuello de botella de mis clientes. Con Orbita las dudas del día a día se resuelven al momento y con referencia al procedimiento. Yo entro cuando hace falta criterio, no para buscar un párrafo.

Te lo enseño en 20 minutos con un proyecto real.
👉 https://www.tuconsultor.com/orbita/?utm_source=linkedin_alejandro&utm_medium=social&utm_campaign=orbita-ventajas&utm_content=v06b

#OrbitaPMTool #SistemasDeGestión #TuConsultor #IA #Consultoría",https://www.tuconsultor.com/social-img/orbita/V06B_linkedin.png,https://www.tuconsultor.com/orbita/,,
1834,27/07/2027,19:00,linkedin,"Sin esperar al correo del consultor.

Una duda del sistema no puede esperar tres días a que el consultor conteste el correo. En Orbita la respuesta es inmediata y cita el procedimiento: si hace falta más, el consultor entra en el mismo hilo.

Pide una demo de Orbita · PM Tool.
👉 https://www.tuconsultor.com/orbita/?utm_source=linkedin&utm_medium=social&utm_campaign=orbita-ventajas&utm_content=v06b

#OrbitaPMTool #SistemasDeGestión #TuConsultor #IA #Consultoría",https://www.tuconsultor.com/social-img/orbita/V06B_linkedin.png,https://www.tuconsultor.com/orbita/,,
1835,27/07/2027,19:00,instagram,"⚡ Sin esperar al correo del consultor.

Dudas resueltas en el portal, con la referencia al procedimiento.

Pide una demo: enlace en bio.
Enlace en bio.

❤️ Gestión con corazón desde 2006.

#OrbitaPMTool #SistemasDeGestión #TuConsultor #IA #Consultoría #GestiónConCorazón #Orbita",https://www.tuconsultor.com/social-img/orbita/V06B_instagram.png,https://www.tuconsultor.com/orbita/,,
1836,28/07/2027,08:45,linkedin_alejandro,"La auditoría empieza cuando tú quieras.

Preparar una auditoría era una semana de nervios. Con Orbita mis clientes se hacen las preguntas del auditor antes, con sus propios datos, y llegan tranquilos.

Te lo enseño en 20 minutos con un proyecto real.
👉 https://www.tuconsultor.com/orbita/?utm_source=linkedin_alejandro&utm_medium=social&utm_campaign=orbita-ventajas&utm_content=v06c

#OrbitaPMTool #SistemasDeGestión #TuConsultor #IA #Consultoría",https://www.tuconsultor.com/social-img/orbita/V06C_linkedin.png,https://www.tuconsultor.com/orbita/,,
1837,28/07/2027,19:00,linkedin,"La auditoría empieza cuando tú quieras.

Antes de la auditoría, pregunta al portal lo que preguntaría el auditor. Orbita responde con tu documentación y te dice dónde hay hueco. Llegas sabiendo qué van a encontrar.

Pide una demo de Orbita · PM Tool.
👉 https://www.tuconsultor.com/orbita/?utm_source=linkedin&utm_medium=social&utm_campaign=orbita-ventajas&utm_content=v06c

#OrbitaPMTool #SistemasDeGestión #TuConsultor #IA #Consultoría",https://www.tuconsultor.com/social-img/orbita/V06C_linkedin.png,https://www.tuconsultor.com/orbita/,,
1838,28/07/2027,19:00,instagram,"⚡ La auditoría empieza cuando tú quieras.

Simula preguntas del auditor y comprueba las respuestas con tu documentación.

Pide una demo: enlace en bio.
Enlace en bio.

❤️ Gestión con corazón desde 2006.

#OrbitaPMTool #SistemasDeGestión #TuConsultor #IA #Consultoría #GestiónConCorazón #Orbita",https://www.tuconsultor.com/social-img/orbita/V06C_instagram.png,https://www.tuconsultor.com/orbita/,,
1839,29/07/2027,08:45,linkedin_alejandro,"Tus indicadores, en tiempo real.

Ver es la mitad del control. En Orbita cada cliente tiene su dashboard: indicadores, tareas y auditorías en vivo. Y yo veo lo mismo, así que no hace falta preguntar.

Te lo enseño en 20 minutos con un proyecto real.
👉 https://www.tuconsultor.com/orbita/?utm_source=linkedin_alejandro&utm_medium=social&utm_campaign=orbita-ventajas&utm_content=v07a

#OrbitaPMTool #SistemasDeGestión #TuConsultor #Dashboard #Dirección",https://www.tuconsultor.com/social-img/orbita/V07A_linkedin.png,https://www.tuconsultor.com/orbita/,,
1840,29/07/2027,19:00,linkedin,"Tus indicadores, en tiempo real.

Un sistema de gestión sin indicadores a la vista es un archivo. En Orbita el dashboard muestra objetivos, no conformidades abiertas, tareas pendientes y próximas auditorías, actualizado según se trabaja.

Pide una demo de Orbita · PM Tool.
👉 https://www.tuconsultor.com/orbita/?utm_source=linkedin&utm_medium=social&utm_campaign=orbita-ventajas&utm_content=v07a

#OrbitaPMTool #SistemasDeGestión #TuConsultor #Dashboard #Dirección",https://www.tuconsultor.com/social-img/orbita/V07A_linkedin.png,https://www.tuconsultor.com/orbita/,,
1841,29/07/2027,19:00,instagram,"📊 Tus indicadores, en tiempo real.

Objetivos, no conformidades, tareas y auditorías en una pantalla.

Pide una demo: enlace en bio.
Enlace en bio.

❤️ Gestión con corazón desde 2006.

#OrbitaPMTool #SistemasDeGestión #TuConsultor #Dashboard #Dirección #GestiónConCorazón #Orbita",https://www.tuconsultor.com/social-img/orbita/V07A_instagram.png,https://www.tuconsultor.com/orbita/,,
1842,30/07/2027,08:45,linkedin_alejandro,"El comité de dirección sin preparar el Excel.

La revisión por la dirección es el momento más útil del sistema y el peor preparado. Con Orbita los datos ya están; dedicamos la reunión a decidir. Eso cambia la conversación con la dirección.

Te lo enseño en 20 minutos con un proyecto real.
👉 https://www.tuconsultor.com/orbita/?utm_source=linkedin_alejandro&utm_medium=social&utm_campaign=orbita-ventajas&utm_content=v07b

#OrbitaPMTool #SistemasDeGestión #TuConsultor #Dashboard #Dirección",https://www.tuconsultor.com/social-img/orbita/V07B_linkedin.png,https://www.tuconsultor.com/orbita/,,
1843,30/07/2027,19:00,linkedin,"El comité de dirección sin preparar el Excel.

La revisión por la dirección no debería empezar con dos semanas de recopilar datos. En Orbita los indicadores del sistema están siempre al día: la reunión es para decidir, no para reunir.

Pide una demo de Orbita · PM Tool.
👉 https://www.tuconsultor.com/orbita/?utm_source=linkedin&utm_medium=social&utm_campaign=orbita-ventajas&utm_content=v07b

#OrbitaPMTool #SistemasDeGestión #TuConsultor #Dashboard #Dirección",https://www.tuconsultor.com/social-img/orbita/V07B_linkedin.png,https://www.tuconsultor.com/orbita/,,
1844,30/07/2027,19:00,instagram,"📊 El comité de dirección sin preparar el Excel.

Los datos de la revisión por la dirección ya están en el portal.

Pide una demo: enlace en bio.
Enlace en bio.

❤️ Gestión con corazón desde 2006.

#OrbitaPMTool #SistemasDeGestión #TuConsultor #Dashboard #Dirección #GestiónConCorazón #Orbita",https://www.tuconsultor.com/social-img/orbita/V07B_instagram.png,https://www.tuconsultor.com/orbita/,,
1845,31/07/2027,08:45,linkedin_alejandro,"Un semáforo por proceso. Sin sorpresas.

Un dashboard no es para mirar números: es para no llevarse sorpresas. En Orbita el semáforo por proceso avisa antes de que el problema llegue a la auditoría.

Te lo enseño en 20 minutos con un proyecto real.
👉 https://www.tuconsultor.com/orbita/?utm_source=linkedin_alejandro&utm_medium=social&utm_campaign=orbita-ventajas&utm_content=v07c

#OrbitaPMTool #SistemasDeGestión #TuConsultor #Dashboard #Dirección",https://www.tuconsultor.com/social-img/orbita/V07C_linkedin.png,https://www.tuconsultor.com/orbita/,,
1846,31/07/2027,19:00,linkedin,"Un semáforo por proceso. Sin sorpresas.

En Orbita cada proceso y cada proyecto tienen su estado: al día, en riesgo o retrasado. La dirección ve el sistema completo de un vistazo y decide con datos, no con sensaciones.

Pide una demo de Orbita · PM Tool.
👉 https://www.tuconsultor.com/orbita/?utm_source=linkedin&utm_medium=social&utm_campaign=orbita-ventajas&utm_content=v07c

#OrbitaPMTool #SistemasDeGestión #TuConsultor #Dashboard #Dirección",https://www.tuconsultor.com/social-img/orbita/V07C_linkedin.png,https://www.tuconsultor.com/orbita/,,
1847,31/07/2027,19:00,instagram,"📊 Un semáforo por proceso. Sin sorpresas.

Qué va bien, qué se retrasa y qué necesita decisión. A un vistazo.

Pide una demo: enlace en bio.
Enlace en bio.

❤️ Gestión con corazón desde 2006.

#OrbitaPMTool #SistemasDeGestión #TuConsultor #Dashboard #Dirección #GestiónConCorazón #Orbita",https://www.tuconsultor.com/social-img/orbita/V07C_instagram.png,https://www.tuconsultor.com/orbita/,,
1848,15/09/2026,09:15,linkedin_alejandro,"Desde TuConsultor organizamos los Premios Vanguardistas y os cuento por qué merece la pena presentarse.

El Hospital Universitario de El Escorial fue premiado en la I y en la III edición. En sanidad pública se presentan muchos de los proyectos que mejor resisten los tres criterios: replicabilidad, innovación y resultados. La convocatoria de este año cierra el 30 de octubre.

👉 Presenta tu candidatura: https://es.surveymonkey.com/r/VANGUARDISTAS_IV_EDICION

#PremiosVanguardistas #TuConsultor",https://www.tuconsultor.com/premios/creatividades/pv-alejandro-2026-09-15-caso.png,https://es.surveymonkey.com/r/VANGUARDISTAS_IV_EDICION,,
1849,17/09/2026,09:15,linkedin_alejandro,"Llevo veinte años viendo proyectos que nadie cuenta fuera de su organización. Por eso existen estos premios.

Uno de nuestros hitos: nos adelantamos a la transformación digital. Antes de la pandemia ya teníamos totalmente digitalizada la relación con nuestros clientes y con nuestro equipo. Esa forma de ir por delante es lo que buscamos premiar en otras organizaciones. IV edición, abierta hasta el 30 de octubre.

👉 Presenta tu candidatura: https://es.surveymonkey.com/r/VANGUARDISTAS_IV_EDICION

#PremiosVanguardistas #TuConsultor #XXAniversario",https://www.tuconsultor.com/premios/creatividades/pv-alejandro-2026-09-17-aniversario.png,https://es.surveymonkey.com/r/VANGUARDISTAS_IV_EDICION,,
1850,22/09/2026,09:15,linkedin_alejandro,"Cada semana comparto algo de los Premios Vanguardistas. Hoy, esto:

Tercer criterio: resultados. Aprendizajes y avance. Es el criterio donde más se nota si el proyecto se cerró o se quedó a medias, y también donde una candidatura honesta gana puntos: contar un objetivo que no se alcanzó, y por qué, dice más que una lista de logros.

👉 Presenta tu candidatura: https://es.surveymonkey.com/r/VANGUARDISTAS_IV_EDICION

#PremiosVanguardistas #TuConsultor",https://www.tuconsultor.com/premios/creatividades/pv-alejandro-2026-09-22-evaluacion.png,https://es.surveymonkey.com/r/VANGUARDISTAS_IV_EDICION,,
1851,24/09/2026,09:15,linkedin_alejandro,"Si tienes un proyecto que cambió algo en tu organización en 2025 o 2026, esto va contigo.

«Con resultados» no significa una gráfica que suba. Significa poder contar el antes y el después, aunque el después incluya lo que salió mal. Eso también se valora: el aprendizaje forma parte del proyecto. Plazo abierto hasta el 30 de octubre para proyectos de 2025 y 2026.

👉 Presenta tu candidatura: https://es.surveymonkey.com/r/VANGUARDISTAS_IV_EDICION

#PremiosVanguardistas #TuConsultor",https://www.tuconsultor.com/premios/creatividades/pv-alejandro-2026-09-24-convocatoria.png,https://es.surveymonkey.com/r/VANGUARDISTAS_IV_EDICION,,
1852,29/09/2026,09:15,linkedin_alejandro,"Desde TuConsultor organizamos los Premios Vanguardistas y os cuento por qué merece la pena presentarse.

Tercer hito: desarrollamos modelos culturales desplegados en propuestas de valor y en modelos de competencias. Cultura que no se queda en un póster. Si en vuestra organización habéis hecho algo parecido y podéis medir el cambio, el ámbito de gestión cultural y del talento os espera.

👉 Presenta tu candidatura: https://es.surveymonkey.com/r/VANGUARDISTAS_IV_EDICION

#PremiosVanguardistas #TuConsultor #XXAniversario",https://www.tuconsultor.com/premios/creatividades/pv-alejandro-2026-09-29-aniversario.png,https://es.surveymonkey.com/r/VANGUARDISTAS_IV_EDICION,,
1853,01/10/2026,09:15,linkedin_alejandro,"Llevo veinte años viendo proyectos que nadie cuenta fuera de su organización. Por eso existen estos premios.

Tercer ámbito: gestión cultural y del talento. Modelos culturales, de competencias y de propuesta de valor a las personas. Es el ámbito donde los resultados cuestan más de enseñar y, por eso mismo, donde una buena candidatura destaca: si medisteis el cambio, contadlo.

👉 Presenta tu candidatura: https://es.surveymonkey.com/r/VANGUARDISTAS_IV_EDICION

#PremiosVanguardistas #TuConsultor",https://www.tuconsultor.com/premios/creatividades/pv-alejandro-2026-10-01-ambito.png,https://es.surveymonkey.com/r/VANGUARDISTAS_IV_EDICION,,
1854,06/10/2026,09:15,linkedin_alejandro,"Cada semana comparto algo de los Premios Vanguardistas. Hoy, esto:

Quedan menos de cuatro semanas. Si estáis dudando si vuestro proyecto encaja, el criterio más útil es este: ¿lo recomendaríais a otra organización parecida a la vuestra? Si la respuesta es sí, encaja. Proyectos de 2025 y 2026, hasta el 30 de octubre.

👉 Presenta tu candidatura: https://es.surveymonkey.com/r/VANGUARDISTAS_IV_EDICION

#PremiosVanguardistas #TuConsultor",https://www.tuconsultor.com/premios/creatividades/pv-alejandro-2026-10-06-convocatoria.png,https://es.surveymonkey.com/r/VANGUARDISTAS_IV_EDICION,,
1855,08/10/2026,09:15,linkedin_alejandro,"Si tienes un proyecto que cambió algo en tu organización en 2025 o 2026, esto va contigo.

Última pregunta: para quién. ¿Recomendaríais este proyecto a otra organización? ¿A cuáles y por qué? Parece la pregunta menor y es de las que más dicen: obliga a definir en qué contexto funciona lo que hicisteis. Responder las cinco lleva unos siete minutos.

👉 Presenta tu candidatura: https://es.surveymonkey.com/r/VANGUARDISTAS_IV_EDICION

#PremiosVanguardistas #TuConsultor",https://www.tuconsultor.com/premios/creatividades/pv-alejandro-2026-10-08-consejo.png,https://es.surveymonkey.com/r/VANGUARDISTAS_IV_EDICION,,
1856,13/10/2026,09:15,linkedin_alejandro,"Desde TuConsultor organizamos los Premios Vanguardistas y os cuento por qué merece la pena presentarse.

Volvemos a estrategia e innovación porque es el ámbito con las candidaturas más variadas: desde una revisión del modelo de negocio hasta un cambio en cómo se prepara un comité de dirección. Si dudáis entre dos ámbitos, elegid aquel en el que esté el cambio, no la herramienta.

👉 Presenta tu candidatura: https://es.surveymonkey.com/r/VANGUARDISTAS_IV_EDICION

#PremiosVanguardistas #TuConsultor",https://www.tuconsultor.com/premios/creatividades/pv-alejandro-2026-10-13-ambito.png,https://es.surveymonkey.com/r/VANGUARDISTAS_IV_EDICION,,
1857,15/10/2026,09:15,linkedin_alejandro,"Llevo veinte años viendo proyectos que nadie cuenta fuera de su organización. Por eso existen estos premios.

La Asociación Nuevo Horizonte fue premiada en la II edición. En las tres ediciones celebradas se han entregado 17 premios y 15 menciones a organizaciones de tamaños y sectores muy distintos. Quedan dos semanas para presentar candidatura a la cuarta.

👉 Presenta tu candidatura: https://es.surveymonkey.com/r/VANGUARDISTAS_IV_EDICION

#PremiosVanguardistas #TuConsultor",https://www.tuconsultor.com/premios/creatividades/pv-alejandro-2026-10-15-caso.png,https://es.surveymonkey.com/r/VANGUARDISTAS_IV_EDICION,,
1858,20/10/2026,09:15,linkedin_alejandro,"Cada semana comparto algo de los Premios Vanguardistas. Hoy, esto:

Quedan 10 días. Si tenéis el proyecto en la cabeza y no en el formulario, este es el momento: son cinco preguntas —eslogan, para qué, cómo, qué y para quién— y unos siete minutos. El plazo cierra el 30 de octubre a las 23:59, hora de Madrid. A partir de ahí no se admiten candidaturas.

👉 Presenta tu candidatura: https://es.surveymonkey.com/r/VANGUARDISTAS_IV_EDICION

#PremiosVanguardistas #TuConsultor",https://www.tuconsultor.com/premios/creatividades/pv-alejandro-2026-10-20-cuentaatras.png,https://es.surveymonkey.com/r/VANGUARDISTAS_IV_EDICION,,
1859,22/10/2026,09:15,linkedin_alejandro,"Si tienes un proyecto que cambió algo en tu organización en 2025 o 2026, esto va contigo.

Quedan 8 días. Puede presentarse cualquier organización que haya desarrollado un proyecto innovador en 2025 o 2026. PYME, gran empresa y administración pública compiten cada una en su categoría, así que no os midáis contra quien no os toca. Plazo hasta el 30 de octubre.

👉 Presenta tu candidatura: https://es.surveymonkey.com/r/VANGUARDISTAS_IV_EDICION

#PremiosVanguardistas #TuConsultor",https://www.tuconsultor.com/premios/creatividades/pv-alejandro-2026-10-22-cuentaatras.png,https://es.surveymonkey.com/r/VANGUARDISTAS_IV_EDICION,,
1860,27/10/2026,09:15,linkedin_alejandro,"Desde TuConsultor organizamos los Premios Vanguardistas y os cuento por qué merece la pena presentarse.

Quedan 3 días. Si estáis esperando a tener el proyecto perfecto para contarlo, no lo esperéis. Lo que se valora es el avance, con sus tropiezos incluidos: el formulario pregunta expresamente qué salió mal y qué aprendisteis. Plazo hasta el 30 de octubre a las 23:59.

👉 Presenta tu candidatura: https://es.surveymonkey.com/r/VANGUARDISTAS_IV_EDICION

#PremiosVanguardistas #TuConsultor",https://www.tuconsultor.com/premios/creatividades/pv-alejandro-2026-10-27-cuentaatras.png,https://es.surveymonkey.com/r/VANGUARDISTAS_IV_EDICION,,
1861,29/10/2026,09:15,linkedin_alejandro,"Llevo veinte años viendo proyectos que nadie cuenta fuera de su organización. Por eso existen estos premios.

Queda 1 día. Mañana viernes, a las 23:59, se cierra el plazo de la IV edición de los Premios Vanguardistas. Cinco preguntas, unos siete minutos, y vuestro proyecto entra en la evaluación del jurado. Recordad que el informe de evaluación llega a todas las candidaturas, resulten premiadas o no.

👉 Presenta tu candidatura: https://es.surveymonkey.com/r/VANGUARDISTAS_IV_EDICION

#PremiosVanguardistas #TuConsultor",https://www.tuconsultor.com/premios/creatividades/pv-alejandro-2026-10-29-cuentaatras.png,https://es.surveymonkey.com/r/VANGUARDISTAS_IV_EDICION,,
