fecha;hora;red;serie;tema;texto;imagen;enlace
2026-08-01;12:30;instagram;NORMAS;iso-9001;"💙 ¿Qué es ISO 9001 y para qué sirve de verdad?

Implantamos y mantenemos tu sistema de gestión de calidad ISO 9001 con documentación a medida, sin burocracia innecesaria, para gestionar bien y certificar sin fricción.

📌 Artículo completo: enlace en bio.
❤️ Gestión con corazón desde 2006.

#Calidad #ISO9001 #Excelencia #TuConsultor #SistemasDeGestión #GestiónConCorazón";https://www.tuconsultor.com/social-img/iso-9001.png;https://www.tuconsultor.com/blog/post.html?p=2026-08-01-iso-9001
2026-08-02;12:30;instagram;EFQM;efqm-modelo-2025;"💙 El Modelo EFQM 2025, explicado sin humo.

El Modelo EFQM 2025: La brújula de la transformación organizacional. El Modelo EFQM 2025 no es un premio, es un marco para transformar la organización con criterio.

📌 Artículo completo: enlace en bio.
❤️ Gestión con corazón desde 2006.

#EFQM #ModeloEFQM #Excelencia #TuConsultor #GestiónConCorazón";https://www.tuconsultor.com/social-img/efqm-modelo-2025.png;https://www.tuconsultor.com/blog/post.html?p=2026-08-02-efqm-modelo-2025
2026-08-03;12:30;instagram;NORMAS;efqm;"💙 Modelo EFQM: Excelencia empresarial con el Modelo EFQM 2025. Y esto es lo que gana tu organización.

Te acompañamos en la autoevaluación, el sello y la transformación con el Modelo EFQM 2025, incluida formación específica para tu equipo directivo.

📌 Artículo completo: enlace en bio.
❤️ Gestión con corazón desde 2006.

#Calidad #ISO9001 #Excelencia #TuConsultor #SistemasDeGestión #GestiónConCorazón";https://www.tuconsultor.com/social-img/efqm.png;https://www.tuconsultor.com/blog/post.html?p=2026-08-03-efqm
2026-08-04;12:30;instagram;EFQM;efqm-direccion;"💙 Dimensión Dirección: lo que aporta de verdad.

Dimensión Dirección. Trabajar con el Modelo EFQM te da una foto honesta de tu gestión y una hoja de ruta priorizada — el sello es la consecuencia.

📌 Artículo completo: enlace en bio.
❤️ Gestión con corazón desde 2006.

#EFQM #ModeloEFQM #Excelencia #TuConsultor #GestiónConCorazón";https://www.tuconsultor.com/social-img/efqm-direccion.png;https://www.tuconsultor.com/blog/post.html?p=2026-08-04-efqm-direccion
2026-08-05;12:30;instagram;NORMAS;madrid-excelente;"💙 El error más común al implantar Madrid Excelente (y cómo evitarlo).

Copiar documentación de otra empresa y esperar que cuele. El sistema debe nacer de TU actividad real, o se convierte en burocracia muerta.

📌 Artículo completo: enlace en bio.
❤️ Gestión con corazón desde 2006.

#Calidad #ISO9001 #Excelencia #TuConsultor #SistemasDeGestión #GestiónConCorazón";https://www.tuconsultor.com/social-img/madrid-excelente.png;https://www.tuconsultor.com/blog/post.html?p=2026-08-05-madrid-excelente
2026-08-06;12:30;instagram;EFQM;efqm-ejecucion;"💙 Dimensión Ejecución: el fallo que vemos una y otra vez.

Dimensión Ejecución: el error habitual es tratarlo como un trámite documental. EFQM se trabaja desde la dirección, con datos y con las personas.

📌 Artículo completo: enlace en bio.
❤️ Gestión con corazón desde 2006.

#EFQM #ModeloEFQM #Excelencia #TuConsultor #GestiónConCorazón";https://www.tuconsultor.com/social-img/efqm-ejecucion.png;https://www.tuconsultor.com/blog/post.html?p=2026-08-06-efqm-ejecucion
2026-08-07;12:30;instagram;NORMAS;iso-9004;"💙 ¿Es ISO 9004 para tu organización? Señales de que sí.

Si tus clientes (o la Administración) empiezan a pedírtelo, si has crecido y ""todo está en la cabeza de dos personas"", o si quieres diferenciarte en licitaciones: sí, es para ti.

📌 Artículo completo: enlace en bio.
❤️ Gestión con corazón desde 2006.

#Calidad #ISO9001 #Excelencia #TuConsultor #SistemasDeGestión #GestiónConCorazón";https://www.tuconsultor.com/social-img/iso-9004.png;https://www.tuconsultor.com/blog/post.html?p=2026-08-07-iso-9004
2026-08-08;12:30;instagram;EFQM;efqm-resultados;"💙 ¿Te toca ya trabajar con el Modelo EFQM?

Dimensión Resultados. Si tu organización ya certifica ISO y quiere dar el salto de ""cumplir"" a ""sobresalir"", el Modelo EFQM es el siguiente paso natural.

📌 Artículo completo: enlace en bio.
❤️ Gestión con corazón desde 2006.

#EFQM #ModeloEFQM #Excelencia #TuConsultor #GestiónConCorazón";https://www.tuconsultor.com/social-img/efqm-resultados.png;https://www.tuconsultor.com/blog/post.html?p=2026-08-08-efqm-resultados
2026-08-09;12:30;instagram;NORMAS;une-93200;"💙 UNE 93200: el primer paso es más simple de lo que crees.

Una conversación de diagnóstico: entender tu punto de partida y dimensionar el proyecto con plazos realistas. Sin compromiso.

📌 Artículo completo: enlace en bio.
❤️ Gestión con corazón desde 2006.

#Calidad #ISO9001 #Excelencia #TuConsultor #SistemasDeGestión #GestiónConCorazón";https://www.tuconsultor.com/social-img/une-93200.png;https://www.tuconsultor.com/blog/post.html?p=2026-08-09-une-93200
2026-08-10;12:30;instagram;EFQM;efqm-criterio1;"💙 Propósito, visión y estrategia: por dónde empezar.

Propósito, visión y estrategia: Criterio 1 del Modelo EFQM. El primer paso es un Informe de GAP: medir la distancia entre tu gestión actual y el modelo, y decidir con datos.

📌 Artículo completo: enlace en bio.
❤️ Gestión con corazón desde 2006.

#EFQM #ModeloEFQM #Excelencia #TuConsultor #GestiónConCorazón";https://www.tuconsultor.com/social-img/efqm-criterio1.png;https://www.tuconsultor.com/blog/post.html?p=2026-08-10-efqm-criterio1
2026-08-11;12:30;instagram;NORMAS;iso-13485;"💙 ¿Qué es ISO 13485 y para qué sirve de verdad?

Sistema de gestión de calidad para fabricantes y distribuidores de productos sanitarios, alineado con los requisitos regulatorios del sector.

📌 Artículo completo: enlace en bio.
❤️ Gestión con corazón desde 2006.

#Calidad #ISO9001 #Excelencia #TuConsultor #SistemasDeGestión #GestiónConCorazón";https://www.tuconsultor.com/social-img/iso-13485.png;https://www.tuconsultor.com/blog/post.html?p=2026-08-11-iso-13485
2026-08-12;12:30;instagram;EFQM;efqm-criterio2;"💙 Cultura y liderazgo, explicado sin humo.

Cultura y liderazgo: Criterio 2 del Modelo EFQM. El Modelo EFQM 2025 no es un premio, es un marco para transformar la organización con criterio.

📌 Artículo completo: enlace en bio.
❤️ Gestión con corazón desde 2006.

#EFQM #ModeloEFQM #Excelencia #TuConsultor #GestiónConCorazón";https://www.tuconsultor.com/social-img/efqm-criterio2.png;https://www.tuconsultor.com/blog/post.html?p=2026-08-12-efqm-criterio2
2026-08-13;12:30;instagram;NORMAS;iso-17025;"💙 ISO 17025: Competencia de laboratorios. Y esto es lo que gana tu organización.

Preparamos tu laboratorio de ensayo o calibración para la acreditación ISO 17025 ante ENAC: método, trazabilidad y validación.

📌 Artículo completo: enlace en bio.
❤️ Gestión con corazón desde 2006.

#Calidad #ISO9001 #Excelencia #TuConsultor #SistemasDeGestión #GestiónConCorazón";https://www.tuconsultor.com/social-img/iso-17025.png;https://www.tuconsultor.com/blog/post.html?p=2026-08-13-iso-17025
2026-08-14;12:30;instagram;EFQM;efqm-criterio3;"💙 Implicar a los grupos de interés: lo que aporta de verdad.

Implicar a los grupos de interés. Trabajar con el Modelo EFQM te da una foto honesta de tu gestión y una hoja de ruta priorizada — el sello es la consecuencia.

📌 Artículo completo: enlace en bio.
❤️ Gestión con corazón desde 2006.

#EFQM #ModeloEFQM #Excelencia #TuConsultor #GestiónConCorazón";https://www.tuconsultor.com/social-img/efqm-criterio3.png;https://www.tuconsultor.com/blog/post.html?p=2026-08-14-efqm-criterio3
2026-08-15;12:30;instagram;NORMAS;iatf-16949;"💙 El error más común al implantar IATF 16949 (y cómo evitarlo).

Copiar documentación de otra empresa y esperar que cuele. El sistema debe nacer de TU actividad real, o se convierte en burocracia muerta.

📌 Artículo completo: enlace en bio.
❤️ Gestión con corazón desde 2006.

#Calidad #ISO9001 #Excelencia #TuConsultor #SistemasDeGestión #GestiónConCorazón";https://www.tuconsultor.com/social-img/iatf-16949.png;https://www.tuconsultor.com/blog/post.html?p=2026-08-15-iatf-16949
2026-08-16;12:30;instagram;EFQM;efqm-criterio4;"💙 Crear valor sostenible: el fallo que vemos una y otra vez.

Crear valor sostenible: el error habitual es tratarlo como un trámite documental. EFQM se trabaja desde la dirección, con datos y con las personas.

📌 Artículo completo: enlace en bio.
❤️ Gestión con corazón desde 2006.

#EFQM #ModeloEFQM #Excelencia #TuConsultor #GestiónConCorazón";https://www.tuconsultor.com/social-img/efqm-criterio4.png;https://www.tuconsultor.com/blog/post.html?p=2026-08-16-efqm-criterio4
2026-08-17;12:30;instagram;NORMAS;marcado-ce;"💙 ¿Es Marcado CE para tu organización? Señales de que sí.

Si tus clientes (o la Administración) empiezan a pedírtelo, si has crecido y ""todo está en la cabeza de dos personas"", o si quieres diferenciarte en licitaciones: sí, es para ti.

📌 Artículo completo: enlace en bio.
❤️ Gestión con corazón desde 2006.

#Calidad #ISO9001 #Excelencia #TuConsultor #SistemasDeGestión #GestiónConCorazón";https://www.tuconsultor.com/social-img/marcado-ce.png;https://www.tuconsultor.com/blog/post.html?p=2026-08-17-marcado-ce
2026-08-18;12:30;instagram;EFQM;efqm-criterio5;"💙 ¿Te toca ya trabajar con el Modelo EFQM?

Funcionamiento y transformación. Si tu organización ya certifica ISO y quiere dar el salto de ""cumplir"" a ""sobresalir"", el Modelo EFQM es el siguiente paso natural.

📌 Artículo completo: enlace en bio.
❤️ Gestión con corazón desde 2006.

#EFQM #ModeloEFQM #Excelencia #TuConsultor #GestiónConCorazón";https://www.tuconsultor.com/social-img/efqm-criterio5.png;https://www.tuconsultor.com/blog/post.html?p=2026-08-18-efqm-criterio5
2026-08-19;12:30;instagram;NORMAS;iso-14001;"💙 ISO 14001: el primer paso es más simple de lo que crees.

Una conversación de diagnóstico: entender tu punto de partida y dimensionar el proyecto con plazos realistas. Sin compromiso.

📌 Artículo completo: enlace en bio.
❤️ Gestión con corazón desde 2006.

#Sostenibilidad #ESG #MedioAmbiente #TuConsultor #SistemasDeGestión #GestiónConCorazón";https://www.tuconsultor.com/social-img/iso-14001.png;https://www.tuconsultor.com/blog/post.html?p=2026-08-19-iso-14001
2026-08-20;12:30;instagram;EFQM;efqm-criterio6;"💙 Percepción de los grupos de interés: por dónde empezar.

Percepción de los grupos de interés: Criterio 6 del Modelo EFQM. El primer paso es un Informe de GAP: medir la distancia entre tu gestión actual y el modelo, y decidir con datos.

📌 Artículo completo: enlace en bio.
❤️ Gestión con corazón desde 2006.

#EFQM #ModeloEFQM #Excelencia #TuConsultor #GestiónConCorazón";https://www.tuconsultor.com/social-img/efqm-criterio6.png;https://www.tuconsultor.com/blog/post.html?p=2026-08-20-efqm-criterio6
2026-08-21;12:30;instagram;NORMAS;emas;"💙 ¿Qué es EMAS y para qué sirve de verdad?

Damos el salto de ISO 14001 al registro EMAS: declaración ambiental verificada y máximo reconocimiento europeo en gestión ambiental.

📌 Artículo completo: enlace en bio.
❤️ Gestión con corazón desde 2006.

#Sostenibilidad #ESG #MedioAmbiente #TuConsultor #SistemasDeGestión #GestiónConCorazón";https://www.tuconsultor.com/social-img/emas.png;https://www.tuconsultor.com/blog/post.html?p=2026-08-21-emas
2026-08-22;12:30;instagram;EFQM;efqm-criterio7;"💙 Rendimiento estratégico y operativo, explicado sin humo.

Rendimiento estratégico y operativo: Criterio 7 del Modelo EFQM. El Modelo EFQM 2025 no es un premio, es un marco para transformar la organización con criterio.

📌 Artículo completo: enlace en bio.
❤️ Gestión con corazón desde 2006.

#EFQM #ModeloEFQM #Excelencia #TuConsultor #GestiónConCorazón";https://www.tuconsultor.com/social-img/efqm-criterio7.png;https://www.tuconsultor.com/blog/post.html?p=2026-08-22-efqm-criterio7
2026-08-23;12:30;instagram;NORMAS;huella-de-carbono;"💙 Huella de Carbono · ISO 14064: Mide y verifica tus emisiones. Y esto es lo que gana tu organización.

Calculamos tu huella de carbono de organización conforme a ISO 14064 y GHG Protocol, y te acompañamos en el registro del MITECO y la verificación.

📌 Artículo completo: enlace en bio.
❤️ Gestión con corazón desde 2006.

#Sostenibilidad #ESG #MedioAmbiente #TuConsultor #SistemasDeGestión #GestiónConCorazón";https://www.tuconsultor.com/social-img/huella-de-carbono.png;https://www.tuconsultor.com/blog/post.html?p=2026-08-23-huella-de-carbono
2026-08-24;12:30;instagram;EFQM;efqm-radar;"💙 La lógica RADAR: lo que aporta de verdad.

La lógica RADAR. Trabajar con el Modelo EFQM te da una foto honesta de tu gestión y una hoja de ruta priorizada — el sello es la consecuencia.

📌 Artículo completo: enlace en bio.
❤️ Gestión con corazón desde 2006.

#EFQM #ModeloEFQM #Excelencia #TuConsultor #GestiónConCorazón";https://www.tuconsultor.com/social-img/efqm-radar.png;https://www.tuconsultor.com/blog/post.html?p=2026-08-24-efqm-radar
2026-08-25;12:30;instagram;NORMAS;iso-14068;"💙 El error más común al implantar ISO 14068 (y cómo evitarlo).

Copiar documentación de otra empresa y esperar que cuele. El sistema debe nacer de TU actividad real, o se convierte en burocracia muerta.

📌 Artículo completo: enlace en bio.
❤️ Gestión con corazón desde 2006.

#Sostenibilidad #ESG #MedioAmbiente #TuConsultor #SistemasDeGestión #GestiónConCorazón";https://www.tuconsultor.com/social-img/iso-14068.png;https://www.tuconsultor.com/blog/post.html?p=2026-08-25-iso-14068
2026-08-26;12:30;instagram;EFQM;efqm-gap;"💙 Informe de GAP: el fallo que vemos una y otra vez.

Informe de GAP: el error habitual es tratarlo como un trámite documental. EFQM se trabaja desde la dirección, con datos y con las personas.

📌 Artículo completo: enlace en bio.
❤️ Gestión con corazón desde 2006.

#EFQM #ModeloEFQM #Excelencia #TuConsultor #GestiónConCorazón";https://www.tuconsultor.com/social-img/efqm-gap.png;https://www.tuconsultor.com/blog/post.html?p=2026-08-26-efqm-gap
2026-08-27;12:30;instagram;NORMAS;memoria-gri;"💙 ¿Es Memoria GRI para tu organización? Señales de que sí.

Si tus clientes (o la Administración) empiezan a pedírtelo, si has crecido y ""todo está en la cabeza de dos personas"", o si quieres diferenciarte en licitaciones: sí, es para ti.

📌 Artículo completo: enlace en bio.
❤️ Gestión con corazón desde 2006.

#Sostenibilidad #ESG #MedioAmbiente #TuConsultor #SistemasDeGestión #GestiónConCorazón";https://www.tuconsultor.com/social-img/memoria-gri.png;https://www.tuconsultor.com/blog/post.html?p=2026-08-27-memoria-gri
2026-08-28;12:30;instagram;EFQM;efqm-autoevaluacion;"💙 ¿Te toca ya trabajar con el Modelo EFQM?

Autoevaluación EFQM. Si tu organización ya certifica ISO y quiere dar el salto de ""cumplir"" a ""sobresalir"", el Modelo EFQM es el siguiente paso natural.

📌 Artículo completo: enlace en bio.
❤️ Gestión con corazón desde 2006.

#EFQM #ModeloEFQM #Excelencia #TuConsultor #GestiónConCorazón";https://www.tuconsultor.com/social-img/efqm-autoevaluacion.png;https://www.tuconsultor.com/blog/post.html?p=2026-08-28-efqm-autoevaluacion
2026-08-29;12:30;instagram;NORMAS;einf;"💙 EINF: el primer paso es más simple de lo que crees.

Una conversación de diagnóstico: entender tu punto de partida y dimensionar el proyecto con plazos realistas. Sin compromiso.

📌 Artículo completo: enlace en bio.
❤️ Gestión con corazón desde 2006.

#Sostenibilidad #ESG #MedioAmbiente #TuConsultor #SistemasDeGestión #GestiónConCorazón";https://www.tuconsultor.com/social-img/einf.png;https://www.tuconsultor.com/blog/post.html?p=2026-08-29-einf
2026-08-30;12:30;instagram;EFQM;efqm-planes;"💙 Planes de acción: por dónde empezar.

Planes de acción: Convertir la evaluación en mejora real. El primer paso es un Informe de GAP: medir la distancia entre tu gestión actual y el modelo, y decidir con datos.

📌 Artículo completo: enlace en bio.
❤️ Gestión con corazón desde 2006.

#EFQM #ModeloEFQM #Excelencia #TuConsultor #GestiónConCorazón";https://www.tuconsultor.com/social-img/efqm-planes.png;https://www.tuconsultor.com/blog/post.html?p=2026-08-30-efqm-planes
2026-08-31;12:30;instagram;NORMAS;csrd;"💙 ¿Qué es CSRD y para qué sirve de verdad?

Preparamos tu organización para la directiva CSRD y los estándares ESRS: doble materialidad, datos y gobernanza del reporte.

📌 Artículo completo: enlace en bio.
❤️ Gestión con corazón desde 2006.

#Sostenibilidad #ESG #MedioAmbiente #TuConsultor #SistemasDeGestión #GestiónConCorazón";https://www.tuconsultor.com/social-img/csrd.png;https://www.tuconsultor.com/blog/post.html?p=2026-08-31-csrd
2026-09-01;12:30;instagram;EFQM;efqm-memoria;"💙 La memoria EFQM, explicado sin humo.

La memoria EFQM: Tu gestión, contada con evidencias. El Modelo EFQM 2025 no es un premio, es un marco para transformar la organización con criterio.

📌 Artículo completo: enlace en bio.
❤️ Gestión con corazón desde 2006.

#EFQM #ModeloEFQM #Excelencia #TuConsultor #GestiónConCorazón";https://www.tuconsultor.com/social-img/efqm-memoria.png;https://www.tuconsultor.com/blog/post.html?p=2026-09-01-efqm-memoria
2026-09-02;12:30;instagram;NORMAS;esg;"💙 ESG: Estrategia ambiental, social y de gobernanza. Y esto es lo que gana tu organización.

Definimos tu estrategia ESG con objetivos medibles y la conectamos con ratings, financiación sostenible y requisitos de clientes.

📌 Artículo completo: enlace en bio.
❤️ Gestión con corazón desde 2006.

#Sostenibilidad #ESG #MedioAmbiente #TuConsultor #SistemasDeGestión #GestiónConCorazón";https://www.tuconsultor.com/social-img/esg.png;https://www.tuconsultor.com/blog/post.html?p=2026-09-02-esg
2026-09-03;12:30;instagram;EFQM;efqm-sello;"💙 Sellos EFQM 300 · 400 · 500: lo que aporta de verdad.

Sellos EFQM 300 · 400 · 500. Trabajar con el Modelo EFQM te da una foto honesta de tu gestión y una hoja de ruta priorizada — el sello es la consecuencia.

📌 Artículo completo: enlace en bio.
❤️ Gestión con corazón desde 2006.

#EFQM #ModeloEFQM #Excelencia #TuConsultor #GestiónConCorazón";https://www.tuconsultor.com/social-img/efqm-sello.png;https://www.tuconsultor.com/blog/post.html?p=2026-09-03-efqm-sello
2026-09-04;12:30;instagram;NORMAS;iso-50001;"💙 El error más común al implantar ISO 50001 (y cómo evitarlo).

Copiar documentación de otra empresa y esperar que cuele. El sistema debe nacer de TU actividad real, o se convierte en burocracia muerta.

📌 Artículo completo: enlace en bio.
❤️ Gestión con corazón desde 2006.

#Sostenibilidad #ESG #MedioAmbiente #TuConsultor #SistemasDeGestión #GestiónConCorazón";https://www.tuconsultor.com/social-img/iso-50001.png;https://www.tuconsultor.com/blog/post.html?p=2026-09-04-iso-50001
2026-09-05;12:30;instagram;EFQM;efqm-evaluacion-externa;"💙 Evaluación externa: el fallo que vemos una y otra vez.

Evaluación externa: el error habitual es tratarlo como un trámite documental. EFQM se trabaja desde la dirección, con datos y con las personas.

📌 Artículo completo: enlace en bio.
❤️ Gestión con corazón desde 2006.

#EFQM #ModeloEFQM #Excelencia #TuConsultor #GestiónConCorazón";https://www.tuconsultor.com/social-img/efqm-evaluacion-externa.png;https://www.tuconsultor.com/blog/post.html?p=2026-09-05-efqm-evaluacion-externa
2026-09-06;12:30;instagram;NORMAS;iso-14006;"💙 ¿Es ISO 14006 para tu organización? Señales de que sí.

Si tus clientes (o la Administración) empiezan a pedírtelo, si has crecido y ""todo está en la cabeza de dos personas"", o si quieres diferenciarte en licitaciones: sí, es para ti.

📌 Artículo completo: enlace en bio.
❤️ Gestión con corazón desde 2006.

#Sostenibilidad #ESG #MedioAmbiente #TuConsultor #SistemasDeGestión #GestiónConCorazón";https://www.tuconsultor.com/social-img/iso-14006.png;https://www.tuconsultor.com/blog/post.html?p=2026-09-06-iso-14006
2026-09-07;12:30;instagram;EFQM;efqm-vs-iso;"💙 ¿Te toca ya trabajar con el Modelo EFQM?

EFQM e ISO 9001. Si tu organización ya certifica ISO y quiere dar el salto de ""cumplir"" a ""sobresalir"", el Modelo EFQM es el siguiente paso natural.

📌 Artículo completo: enlace en bio.
❤️ Gestión con corazón desde 2006.

#EFQM #ModeloEFQM #Excelencia #TuConsultor #GestiónConCorazón";https://www.tuconsultor.com/social-img/efqm-vs-iso.png;https://www.tuconsultor.com/blog/post.html?p=2026-09-07-efqm-vs-iso
2026-09-08;12:30;instagram;NORMAS;huella-hidrica;"💙 Huella Hídrica: el primer paso es más simple de lo que crees.

Una conversación de diagnóstico: entender tu punto de partida y dimensionar el proyecto con plazos realistas. Sin compromiso.

📌 Artículo completo: enlace en bio.
❤️ Gestión con corazón desde 2006.

#Sostenibilidad #ESG #MedioAmbiente #TuConsultor #SistemasDeGestión #GestiónConCorazón";https://www.tuconsultor.com/social-img/huella-hidrica.png;https://www.tuconsultor.com/blog/post.html?p=2026-09-08-huella-hidrica
2026-09-09;12:30;instagram;EFQM;efqm-madrid-excelente;"💙 EFQM y Madrid Excelente: por dónde empezar.

EFQM y Madrid Excelente: Dos reconocimientos que se potencian. El primer paso es un Informe de GAP: medir la distancia entre tu gestión actual y el modelo, y decidir con datos.

📌 Artículo completo: enlace en bio.
❤️ Gestión con corazón desde 2006.

#EFQM #ModeloEFQM #Excelencia #TuConsultor #GestiónConCorazón";https://www.tuconsultor.com/social-img/efqm-madrid-excelente.png;https://www.tuconsultor.com/blog/post.html?p=2026-09-09-efqm-madrid-excelente
2026-09-10;12:30;instagram;NORMAS;movilidad-sostenible;"💙 ¿Qué es Plan de Movilidad Sostenible y para qué sirve de verdad?

Diseñamos tu plan de movilidad sostenible al centro de trabajo: diagnóstico, medidas y seguimiento conforme a la normativa aplicable.

📌 Artículo completo: enlace en bio.
❤️ Gestión con corazón desde 2006.

#Sostenibilidad #ESG #MedioAmbiente #TuConsultor #SistemasDeGestión #GestiónConCorazón";https://www.tuconsultor.com/social-img/movilidad-sostenible.png;https://www.tuconsultor.com/blog/post.html?p=2026-09-10-movilidad-sostenible
2026-09-11;12:30;instagram;EFQM;efqm-beneficios;"💙 Por qué EFQM, explicado sin humo.

Por qué EFQM: Beneficios más allá del sello. El Modelo EFQM 2025 no es un premio, es un marco para transformar la organización con criterio.

📌 Artículo completo: enlace en bio.
❤️ Gestión con corazón desde 2006.

#EFQM #ModeloEFQM #Excelencia #TuConsultor #GestiónConCorazón";https://www.tuconsultor.com/social-img/efqm-beneficios.png;https://www.tuconsultor.com/blog/post.html?p=2026-09-11-efqm-beneficios
2026-09-12;12:30;instagram;NORMAS;pacto-mundial;"💙 Pacto Mundial: Informes de progreso ante Naciones Unidas. Y esto es lo que gana tu organización.

Te ayudamos a adherirte al Pacto Mundial y a elaborar tus informes de progreso anuales con evidencias sólidas.

📌 Artículo completo: enlace en bio.
❤️ Gestión con corazón desde 2006.

#Sostenibilidad #ESG #MedioAmbiente #TuConsultor #SistemasDeGestión #GestiónConCorazón";https://www.tuconsultor.com/social-img/pacto-mundial.png;https://www.tuconsultor.com/blog/post.html?p=2026-09-12-pacto-mundial
2026-09-13;12:30;instagram;EFQM;efqm-mitos;"💙 Mitos del Modelo EFQM: lo que aporta de verdad.

Mitos del Modelo EFQM. Trabajar con el Modelo EFQM te da una foto honesta de tu gestión y una hoja de ruta priorizada — el sello es la consecuencia.

📌 Artículo completo: enlace en bio.
❤️ Gestión con corazón desde 2006.

#EFQM #ModeloEFQM #Excelencia #TuConsultor #GestiónConCorazón";https://www.tuconsultor.com/social-img/efqm-mitos.png;https://www.tuconsultor.com/blog/post.html?p=2026-09-13-efqm-mitos
2026-09-14;12:30;instagram;NORMAS;economia-circular;"💙 El error más común al implantar Economía Circular (y cómo evitarlo).

Copiar documentación de otra empresa y esperar que cuele. El sistema debe nacer de TU actividad real, o se convierte en burocracia muerta.

📌 Artículo completo: enlace en bio.
❤️ Gestión con corazón desde 2006.

#Sostenibilidad #ESG #MedioAmbiente #TuConsultor #SistemasDeGestión #GestiónConCorazón";https://www.tuconsultor.com/social-img/economia-circular.png;https://www.tuconsultor.com/blog/post.html?p=2026-09-14-economia-circular
2026-09-15;12:30;instagram;EFQM;efqm-primeros-pasos;"💙 Primeros pasos con EFQM: el fallo que vemos una y otra vez.

Primeros pasos con EFQM: el error habitual es tratarlo como un trámite documental. EFQM se trabaja desde la dirección, con datos y con las personas.

📌 Artículo completo: enlace en bio.
❤️ Gestión con corazón desde 2006.

#EFQM #ModeloEFQM #Excelencia #TuConsultor #GestiónConCorazón";https://www.tuconsultor.com/social-img/efqm-primeros-pasos.png;https://www.tuconsultor.com/blog/post.html?p=2026-09-15-efqm-primeros-pasos
2026-09-16;12:30;instagram;NORMAS;iso-27001;"💙 ¿Es ISO 27001 para tu organización? Señales de que sí.

Si tus clientes (o la Administración) empiezan a pedírtelo, si has crecido y ""todo está en la cabeza de dos personas"", o si quieres diferenciarte en licitaciones: sí, es para ti.

📌 Artículo completo: enlace en bio.
❤️ Gestión con corazón desde 2006.

#Ciberseguridad #ISO27001 #ENS #TuConsultor #SistemasDeGestión #GestiónConCorazón";https://www.tuconsultor.com/social-img/iso-27001.png;https://www.tuconsultor.com/blog/post.html?p=2026-09-16-iso-27001
2026-09-17;12:30;instagram;EFQM;efqm-formacion;"💙 ¿Te toca ya trabajar con el Modelo EFQM?

Formación EFQM 2025. Si tu organización ya certifica ISO y quiere dar el salto de ""cumplir"" a ""sobresalir"", el Modelo EFQM es el siguiente paso natural.

📌 Artículo completo: enlace en bio.
❤️ Gestión con corazón desde 2006.

#EFQM #ModeloEFQM #Excelencia #TuConsultor #GestiónConCorazón";https://www.tuconsultor.com/social-img/efqm-formacion.png;https://www.tuconsultor.com/blog/post.html?p=2026-09-17-efqm-formacion
2026-09-18;12:30;instagram;NORMAS;ens;"💙 Esquema Nacional de Seguridad: el primer paso es más simple de lo que crees.

Una conversación de diagnóstico: entender tu punto de partida y dimensionar el proyecto con plazos realistas. Sin compromiso.

📌 Artículo completo: enlace en bio.
❤️ Gestión con corazón desde 2006.

#Ciberseguridad #ISO27001 #ENS #TuConsultor #SistemasDeGestión #GestiónConCorazón";https://www.tuconsultor.com/social-img/ens.png;https://www.tuconsultor.com/blog/post.html?p=2026-09-18-ens
2026-09-19;12:30;instagram;EFQM;efqm-modelo-2025;"💙 El Modelo EFQM 2025: por dónde empezar.

El Modelo EFQM 2025: La brújula de la transformación organizacional. El primer paso es un Informe de GAP: medir la distancia entre tu gestión actual y el modelo, y decidir con datos.

📌 Artículo completo: enlace en bio.
❤️ Gestión con corazón desde 2006.

#EFQM #ModeloEFQM #Excelencia #TuConsultor #GestiónConCorazón";https://www.tuconsultor.com/social-img/efqm-modelo-2025.png;https://www.tuconsultor.com/blog/post.html?p=2026-09-19-efqm-modelo-2025
2026-09-20;12:30;instagram;NORMAS;eni;"💙 ¿Qué es Esquema Nacional de Interoperabilidad y para qué sirve de verdad?

Adecuación al ENI: normas técnicas de interoperabilidad, documento electrónico y política de gestión documental.

📌 Artículo completo: enlace en bio.
❤️ Gestión con corazón desde 2006.

#Ciberseguridad #ISO27001 #ENS #TuConsultor #SistemasDeGestión #GestiónConCorazón";https://www.tuconsultor.com/social-img/eni.png;https://www.tuconsultor.com/blog/post.html?p=2026-09-20-eni
2026-09-21;12:30;instagram;EFQM;efqm-direccion;"💙 Dimensión Dirección, explicado sin humo.

Dimensión Dirección: Propósito, visión y estrategia que orientan. El Modelo EFQM 2025 no es un premio, es un marco para transformar la organización con criterio.

📌 Artículo completo: enlace en bio.
❤️ Gestión con corazón desde 2006.

#EFQM #ModeloEFQM #Excelencia #TuConsultor #GestiónConCorazón";https://www.tuconsultor.com/social-img/efqm-direccion.png;https://www.tuconsultor.com/blog/post.html?p=2026-09-21-efqm-direccion
2026-09-22;12:30;instagram;NORMAS;iso-22301;"💙 ISO 22301: Continuidad de negocio. Y esto es lo que gana tu organización.

Sistema de gestión de continuidad de negocio ISO 22301: análisis de impacto, planes de continuidad y pruebas periódicas.

📌 Artículo completo: enlace en bio.
❤️ Gestión con corazón desde 2006.

#Ciberseguridad #ISO27001 #ENS #TuConsultor #SistemasDeGestión #GestiónConCorazón";https://www.tuconsultor.com/social-img/iso-22301.png;https://www.tuconsultor.com/blog/post.html?p=2026-09-22-iso-22301
2026-09-23;12:30;instagram;EFQM;efqm-ejecucion;"💙 Dimensión Ejecución: lo que aporta de verdad.

Dimensión Ejecución. Trabajar con el Modelo EFQM te da una foto honesta de tu gestión y una hoja de ruta priorizada — el sello es la consecuencia.

📌 Artículo completo: enlace en bio.
❤️ Gestión con corazón desde 2006.

#EFQM #ModeloEFQM #Excelencia #TuConsultor #GestiónConCorazón";https://www.tuconsultor.com/social-img/efqm-ejecucion.png;https://www.tuconsultor.com/blog/post.html?p=2026-09-23-efqm-ejecucion
2026-09-24;12:30;instagram;NORMAS;plan-director-seguridad;"💙 El error más común al implantar Plan Director de Seguridad (y cómo evitarlo).

Copiar documentación de otra empresa y esperar que cuele. El sistema debe nacer de TU actividad real, o se convierte en burocracia muerta.

📌 Artículo completo: enlace en bio.
❤️ Gestión con corazón desde 2006.

#Ciberseguridad #ISO27001 #ENS #TuConsultor #SistemasDeGestión #GestiónConCorazón";https://www.tuconsultor.com/social-img/plan-director-seguridad.png;https://www.tuconsultor.com/blog/post.html?p=2026-09-24-plan-director-seguridad
2026-09-25;12:30;instagram;EFQM;efqm-resultados;"💙 Dimensión Resultados: el fallo que vemos una y otra vez.

Dimensión Resultados: el error habitual es tratarlo como un trámite documental. EFQM se trabaja desde la dirección, con datos y con las personas.

📌 Artículo completo: enlace en bio.
❤️ Gestión con corazón desde 2006.

#EFQM #ModeloEFQM #Excelencia #TuConsultor #GestiónConCorazón";https://www.tuconsultor.com/social-img/efqm-resultados.png;https://www.tuconsultor.com/blog/post.html?p=2026-09-25-efqm-resultados
2026-09-26;12:30;instagram;NORMAS;hacking-etico;"💙 ¿Es Hacking Ético para tu organización? Señales de que sí.

Si tus clientes (o la Administración) empiezan a pedírtelo, si has crecido y ""todo está en la cabeza de dos personas"", o si quieres diferenciarte en licitaciones: sí, es para ti.

📌 Artículo completo: enlace en bio.
❤️ Gestión con corazón desde 2006.

#Ciberseguridad #ISO27001 #ENS #TuConsultor #SistemasDeGestión #GestiónConCorazón";https://www.tuconsultor.com/social-img/hacking-etico.png;https://www.tuconsultor.com/blog/post.html?p=2026-09-26-hacking-etico
2026-09-27;12:30;instagram;EFQM;efqm-criterio1;"💙 ¿Te toca ya trabajar con el Modelo EFQM?

Propósito, visión y estrategia. Si tu organización ya certifica ISO y quiere dar el salto de ""cumplir"" a ""sobresalir"", el Modelo EFQM es el siguiente paso natural.

📌 Artículo completo: enlace en bio.
❤️ Gestión con corazón desde 2006.

#EFQM #ModeloEFQM #Excelencia #TuConsultor #GestiónConCorazón";https://www.tuconsultor.com/social-img/efqm-criterio1.png;https://www.tuconsultor.com/blog/post.html?p=2026-09-27-efqm-criterio1
2026-09-28;12:30;instagram;NORMAS;test-de-intrusion;"💙 Test de Intrusión: el primer paso es más simple de lo que crees.

Una conversación de diagnóstico: entender tu punto de partida y dimensionar el proyecto con plazos realistas. Sin compromiso.

📌 Artículo completo: enlace en bio.
❤️ Gestión con corazón desde 2006.

#Ciberseguridad #ISO27001 #ENS #TuConsultor #SistemasDeGestión #GestiónConCorazón";https://www.tuconsultor.com/social-img/test-de-intrusion.png;https://www.tuconsultor.com/blog/post.html?p=2026-09-28-test-de-intrusion
2026-09-29;12:30;instagram;EFQM;efqm-criterio2;"💙 Cultura y liderazgo: por dónde empezar.

Cultura y liderazgo: Criterio 2 del Modelo EFQM. El primer paso es un Informe de GAP: medir la distancia entre tu gestión actual y el modelo, y decidir con datos.

📌 Artículo completo: enlace en bio.
❤️ Gestión con corazón desde 2006.

#EFQM #ModeloEFQM #Excelencia #TuConsultor #GestiónConCorazón";https://www.tuconsultor.com/social-img/efqm-criterio2.png;https://www.tuconsultor.com/blog/post.html?p=2026-09-29-efqm-criterio2
2026-09-30;12:30;instagram;NORMAS;bia;"💙 ¿Qué es Análisis de Impacto de Negocio (BIA) y para qué sirve de verdad?

Identificamos tus procesos críticos, tiempos de recuperación objetivo y dependencias para fundamentar la continuidad de negocio.

📌 Artículo completo: enlace en bio.
❤️ Gestión con corazón desde 2006.

#Ciberseguridad #ISO27001 #ENS #TuConsultor #SistemasDeGestión #GestiónConCorazón";https://www.tuconsultor.com/social-img/bia.png;https://www.tuconsultor.com/blog/post.html?p=2026-09-30-bia
2026-10-01;12:30;instagram;EFQM;efqm-criterio3;"💙 Implicar a los grupos de interés, explicado sin humo.

Implicar a los grupos de interés: Criterio 3 del Modelo EFQM. El Modelo EFQM 2025 no es un premio, es un marco para transformar la organización con criterio.

📌 Artículo completo: enlace en bio.
❤️ Gestión con corazón desde 2006.

#EFQM #ModeloEFQM #Excelencia #TuConsultor #GestiónConCorazón";https://www.tuconsultor.com/social-img/efqm-criterio3.png;https://www.tuconsultor.com/blog/post.html?p=2026-10-01-efqm-criterio3
2026-10-02;12:30;instagram;NORMAS;pci-dss;"💙 PCI DSS: Seguridad en pagos con tarjeta. Y esto es lo que gana tu organización.

Adecuación al estándar PCI DSS para entornos que almacenan, procesan o transmiten datos de tarjetas de pago.

📌 Artículo completo: enlace en bio.
❤️ Gestión con corazón desde 2006.

#Ciberseguridad #ISO27001 #ENS #TuConsultor #SistemasDeGestión #GestiónConCorazón";https://www.tuconsultor.com/social-img/pci-dss.png;https://www.tuconsultor.com/blog/post.html?p=2026-10-02-pci-dss
2026-10-03;12:30;instagram;EFQM;efqm-criterio4;"💙 Crear valor sostenible: lo que aporta de verdad.

Crear valor sostenible. Trabajar con el Modelo EFQM te da una foto honesta de tu gestión y una hoja de ruta priorizada — el sello es la consecuencia.

📌 Artículo completo: enlace en bio.
❤️ Gestión con corazón desde 2006.

#EFQM #ModeloEFQM #Excelencia #TuConsultor #GestiónConCorazón";https://www.tuconsultor.com/social-img/efqm-criterio4.png;https://www.tuconsultor.com/blog/post.html?p=2026-10-03-efqm-criterio4
2026-10-04;12:30;instagram;NORMAS;rgpd;"💙 El error más común al implantar RGPD y LOPDGDD (y cómo evitarlo).

Copiar documentación de otra empresa y esperar que cuele. El sistema debe nacer de TU actividad real, o se convierte en burocracia muerta.

📌 Artículo completo: enlace en bio.
❤️ Gestión con corazón desde 2006.

#Ciberseguridad #ISO27001 #ENS #TuConsultor #SistemasDeGestión #GestiónConCorazón";https://www.tuconsultor.com/social-img/rgpd.png;https://www.tuconsultor.com/blog/post.html?p=2026-10-04-rgpd
2026-10-05;12:30;instagram;EFQM;efqm-criterio5;"💙 Funcionamiento y transformación: el fallo que vemos una y otra vez.

Funcionamiento y transformación: el error habitual es tratarlo como un trámite documental. EFQM se trabaja desde la dirección, con datos y con las personas.

📌 Artículo completo: enlace en bio.
❤️ Gestión con corazón desde 2006.

#EFQM #ModeloEFQM #Excelencia #TuConsultor #GestiónConCorazón";https://www.tuconsultor.com/social-img/efqm-criterio5.png;https://www.tuconsultor.com/blog/post.html?p=2026-10-05-efqm-criterio5
2026-10-06;12:30;instagram;NORMAS;iso-27701;"💙 ¿Es ISO 27701 para tu organización? Señales de que sí.

Si tus clientes (o la Administración) empiezan a pedírtelo, si has crecido y ""todo está en la cabeza de dos personas"", o si quieres diferenciarte en licitaciones: sí, es para ti.

📌 Artículo completo: enlace en bio.
❤️ Gestión con corazón desde 2006.

#Ciberseguridad #ISO27001 #ENS #TuConsultor #SistemasDeGestión #GestiónConCorazón";https://www.tuconsultor.com/social-img/iso-27701.png;https://www.tuconsultor.com/blog/post.html?p=2026-10-06-iso-27701
2026-10-07;12:30;instagram;EFQM;efqm-criterio6;"💙 ¿Te toca ya trabajar con el Modelo EFQM?

Percepción de los grupos de interés. Si tu organización ya certifica ISO y quiere dar el salto de ""cumplir"" a ""sobresalir"", el Modelo EFQM es el siguiente paso natural.

📌 Artículo completo: enlace en bio.
❤️ Gestión con corazón desde 2006.

#EFQM #ModeloEFQM #Excelencia #TuConsultor #GestiónConCorazón";https://www.tuconsultor.com/social-img/efqm-criterio6.png;https://www.tuconsultor.com/blog/post.html?p=2026-10-07-efqm-criterio6
2026-10-08;12:30;instagram;NORMAS;nis2;"💙 NIS2: el primer paso es más simple de lo que crees.

Una conversación de diagnóstico: entender tu punto de partida y dimensionar el proyecto con plazos realistas. Sin compromiso.

📌 Artículo completo: enlace en bio.
❤️ Gestión con corazón desde 2006.

#Ciberseguridad #ISO27001 #ENS #TuConsultor #SistemasDeGestión #GestiónConCorazón";https://www.tuconsultor.com/social-img/nis2.png;https://www.tuconsultor.com/blog/post.html?p=2026-10-08-nis2
2026-10-09;12:30;instagram;EFQM;efqm-criterio7;"💙 Rendimiento estratégico y operativo: por dónde empezar.

Rendimiento estratégico y operativo: Criterio 7 del Modelo EFQM. El primer paso es un Informe de GAP: medir la distancia entre tu gestión actual y el modelo, y decidir con datos.

📌 Artículo completo: enlace en bio.
❤️ Gestión con corazón desde 2006.

#EFQM #ModeloEFQM #Excelencia #TuConsultor #GestiónConCorazón";https://www.tuconsultor.com/social-img/efqm-criterio7.png;https://www.tuconsultor.com/blog/post.html?p=2026-10-09-efqm-criterio7
2026-10-10;12:30;instagram;NORMAS;une-19601;"💙 ¿Qué es UNE 19601 y para qué sirve de verdad?

Sistema de gestión de compliance penal UNE 19601: mapa de riesgos, controles y cultura de cumplimiento que puede atenuar o eximir la responsabilidad penal.

📌 Artículo completo: enlace en bio.
❤️ Gestión con corazón desde 2006.

#Compliance #Cumplimiento #TuConsultor #SistemasDeGestión #GestiónConCorazón";https://www.tuconsultor.com/social-img/une-19601.png;https://www.tuconsultor.com/blog/post.html?p=2026-10-10-une-19601
2026-10-11;12:30;instagram;EFQM;efqm-radar;"💙 La lógica RADAR, explicado sin humo.

La lógica RADAR: Resultados, enfoques, despliegue, evaluación y revisión. El Modelo EFQM 2025 no es un premio, es un marco para transformar la organización con criterio.

📌 Artículo completo: enlace en bio.
❤️ Gestión con corazón desde 2006.

#EFQM #ModeloEFQM #Excelencia #TuConsultor #GestiónConCorazón";https://www.tuconsultor.com/social-img/efqm-radar.png;https://www.tuconsultor.com/blog/post.html?p=2026-10-11-efqm-radar
2026-10-12;12:30;instagram;NORMAS;iso-37001;"💙 ISO 37001: Antisoborno. Y esto es lo que gana tu organización.

Sistema de gestión antisoborno ISO 37001 para prevenir, detectar y responder al soborno en tu organización y tu cadena de valor.

📌 Artículo completo: enlace en bio.
❤️ Gestión con corazón desde 2006.

#Compliance #Cumplimiento #TuConsultor #SistemasDeGestión #GestiónConCorazón";https://www.tuconsultor.com/social-img/iso-37001.png;https://www.tuconsultor.com/blog/post.html?p=2026-10-12-iso-37001
2026-10-13;12:30;instagram;EFQM;efqm-gap;"💙 Informe de GAP: lo que aporta de verdad.

Informe de GAP. Trabajar con el Modelo EFQM te da una foto honesta de tu gestión y una hoja de ruta priorizada — el sello es la consecuencia.

📌 Artículo completo: enlace en bio.
❤️ Gestión con corazón desde 2006.

#EFQM #ModeloEFQM #Excelencia #TuConsultor #GestiónConCorazón";https://www.tuconsultor.com/social-img/efqm-gap.png;https://www.tuconsultor.com/blog/post.html?p=2026-10-13-efqm-gap
2026-10-14;12:30;instagram;NORMAS;iso-37301;"💙 El error más común al implantar ISO 37301 (y cómo evitarlo).

Copiar documentación de otra empresa y esperar que cuele. El sistema debe nacer de TU actividad real, o se convierte en burocracia muerta.

📌 Artículo completo: enlace en bio.
❤️ Gestión con corazón desde 2006.

#Compliance #Cumplimiento #TuConsultor #SistemasDeGestión #GestiónConCorazón";https://www.tuconsultor.com/social-img/iso-37301.png;https://www.tuconsultor.com/blog/post.html?p=2026-10-14-iso-37301
2026-10-15;12:30;instagram;EFQM;efqm-autoevaluacion;"💙 Autoevaluación EFQM: el fallo que vemos una y otra vez.

Autoevaluación EFQM: el error habitual es tratarlo como un trámite documental. EFQM se trabaja desde la dirección, con datos y con las personas.

📌 Artículo completo: enlace en bio.
❤️ Gestión con corazón desde 2006.

#EFQM #ModeloEFQM #Excelencia #TuConsultor #GestiónConCorazón";https://www.tuconsultor.com/social-img/efqm-autoevaluacion.png;https://www.tuconsultor.com/blog/post.html?p=2026-10-15-efqm-autoevaluacion
2026-10-16;12:30;instagram;NORMAS;une-19602;"💙 ¿Es UNE 19602 para tu organización? Señales de que sí.

Si tus clientes (o la Administración) empiezan a pedírtelo, si has crecido y ""todo está en la cabeza de dos personas"", o si quieres diferenciarte en licitaciones: sí, es para ti.

📌 Artículo completo: enlace en bio.
❤️ Gestión con corazón desde 2006.

#Compliance #Cumplimiento #TuConsultor #SistemasDeGestión #GestiónConCorazón";https://www.tuconsultor.com/social-img/une-19602.png;https://www.tuconsultor.com/blog/post.html?p=2026-10-16-une-19602
2026-10-17;12:30;instagram;EFQM;efqm-planes;"💙 ¿Te toca ya trabajar con el Modelo EFQM?

Planes de acción. Si tu organización ya certifica ISO y quiere dar el salto de ""cumplir"" a ""sobresalir"", el Modelo EFQM es el siguiente paso natural.

📌 Artículo completo: enlace en bio.
❤️ Gestión con corazón desde 2006.

#EFQM #ModeloEFQM #Excelencia #TuConsultor #GestiónConCorazón";https://www.tuconsultor.com/social-img/efqm-planes.png;https://www.tuconsultor.com/blog/post.html?p=2026-10-17-efqm-planes
2026-10-18;12:30;instagram;NORMAS;canal-de-denuncias;"💙 Canal de Denuncias: el primer paso es más simple de lo que crees.

Una conversación de diagnóstico: entender tu punto de partida y dimensionar el proyecto con plazos realistas. Sin compromiso.

📌 Artículo completo: enlace en bio.
❤️ Gestión con corazón desde 2006.

#Compliance #Cumplimiento #TuConsultor #SistemasDeGestión #GestiónConCorazón";https://www.tuconsultor.com/social-img/canal-de-denuncias.png;https://www.tuconsultor.com/blog/post.html?p=2026-10-18-canal-de-denuncias
2026-10-19;12:30;instagram;EFQM;efqm-memoria;"💙 La memoria EFQM: por dónde empezar.

La memoria EFQM: Tu gestión, contada con evidencias. El primer paso es un Informe de GAP: medir la distancia entre tu gestión actual y el modelo, y decidir con datos.

📌 Artículo completo: enlace en bio.
❤️ Gestión con corazón desde 2006.

#EFQM #ModeloEFQM #Excelencia #TuConsultor #GestiónConCorazón";https://www.tuconsultor.com/social-img/efqm-memoria.png;https://www.tuconsultor.com/blog/post.html?p=2026-10-19-efqm-memoria
2026-10-20;12:30;instagram;NORMAS;prevencion-blanqueo;"💙 ¿Qué es Prevención de Blanqueo de Capitales y para qué sirve de verdad?

Manual, análisis de riesgo, formación y examen de experto externo para sujetos obligados por la normativa de PBC/FT.

📌 Artículo completo: enlace en bio.
❤️ Gestión con corazón desde 2006.

#Compliance #Cumplimiento #TuConsultor #SistemasDeGestión #GestiónConCorazón";https://www.tuconsultor.com/social-img/prevencion-blanqueo.png;https://www.tuconsultor.com/blog/post.html?p=2026-10-20-prevencion-blanqueo
2026-10-21;12:30;instagram;EFQM;efqm-sello;"💙 Sellos EFQM 300 · 400 · 500, explicado sin humo.

Sellos EFQM 300 · 400 · 500: El reconocimiento europeo a la excelencia. El Modelo EFQM 2025 no es un premio, es un marco para transformar la organización con criterio.

📌 Artículo completo: enlace en bio.
❤️ Gestión con corazón desde 2006.

#EFQM #ModeloEFQM #Excelencia #TuConsultor #GestiónConCorazón";https://www.tuconsultor.com/social-img/efqm-sello.png;https://www.tuconsultor.com/blog/post.html?p=2026-10-21-efqm-sello
2026-10-22;12:30;instagram;NORMAS;informes-soc;"💙 Informes SOC: Confianza para tus clientes (SOC 1/2). Y esto es lo que gana tu organización.

Te preparamos para informes SOC 1 y SOC 2: descripción del sistema, controles y evidencias listas para el auditor.

📌 Artículo completo: enlace en bio.
❤️ Gestión con corazón desde 2006.

#Compliance #Cumplimiento #TuConsultor #SistemasDeGestión #GestiónConCorazón";https://www.tuconsultor.com/social-img/informes-soc.png;https://www.tuconsultor.com/blog/post.html?p=2026-10-22-informes-soc
2026-10-23;12:30;instagram;EFQM;efqm-evaluacion-externa;"💙 Evaluación externa: lo que aporta de verdad.

Evaluación externa. Trabajar con el Modelo EFQM te da una foto honesta de tu gestión y una hoja de ruta priorizada — el sello es la consecuencia.

📌 Artículo completo: enlace en bio.
❤️ Gestión con corazón desde 2006.

#EFQM #ModeloEFQM #Excelencia #TuConsultor #GestiónConCorazón";https://www.tuconsultor.com/social-img/efqm-evaluacion-externa.png;https://www.tuconsultor.com/blog/post.html?p=2026-10-23-efqm-evaluacion-externa
2026-10-24;12:30;instagram;NORMAS;gobierno-corporativo;"💙 El error más común al implantar Gobierno Corporativo (y cómo evitarlo).

Copiar documentación de otra empresa y esperar que cuele. El sistema debe nacer de TU actividad real, o se convierte en burocracia muerta.

📌 Artículo completo: enlace en bio.
❤️ Gestión con corazón desde 2006.

#Compliance #Cumplimiento #TuConsultor #SistemasDeGestión #GestiónConCorazón";https://www.tuconsultor.com/social-img/gobierno-corporativo.png;https://www.tuconsultor.com/blog/post.html?p=2026-10-24-gobierno-corporativo
2026-10-25;12:30;instagram;EFQM;efqm-vs-iso;"💙 EFQM e ISO 9001: el fallo que vemos una y otra vez.

EFQM e ISO 9001: el error habitual es tratarlo como un trámite documental. EFQM se trabaja desde la dirección, con datos y con las personas.

📌 Artículo completo: enlace en bio.
❤️ Gestión con corazón desde 2006.

#EFQM #ModeloEFQM #Excelencia #TuConsultor #GestiónConCorazón";https://www.tuconsultor.com/social-img/efqm-vs-iso.png;https://www.tuconsultor.com/blog/post.html?p=2026-10-25-efqm-vs-iso
2026-10-26;12:30;instagram;NORMAS;proteccion-datos-compliance;"💙 ¿Es Compliance de Protección de Datos para tu organización? Señales de que sí.

Si tus clientes (o la Administración) empiezan a pedírtelo, si has crecido y ""todo está en la cabeza de dos personas"", o si quieres diferenciarte en licitaciones: sí, es para ti.

📌 Artículo completo: enlace en bio.
❤️ Gestión con corazón desde 2006.

#Compliance #Cumplimiento #TuConsultor #SistemasDeGestión #GestiónConCorazón";https://www.tuconsultor.com/social-img/proteccion-datos-compliance.png;https://www.tuconsultor.com/blog/post.html?p=2026-10-26-proteccion-datos-compliance
2026-10-27;12:30;instagram;EFQM;efqm-madrid-excelente;"💙 ¿Te toca ya trabajar con el Modelo EFQM?

EFQM y Madrid Excelente. Si tu organización ya certifica ISO y quiere dar el salto de ""cumplir"" a ""sobresalir"", el Modelo EFQM es el siguiente paso natural.

📌 Artículo completo: enlace en bio.
❤️ Gestión con corazón desde 2006.

#EFQM #ModeloEFQM #Excelencia #TuConsultor #GestiónConCorazón";https://www.tuconsultor.com/social-img/efqm-madrid-excelente.png;https://www.tuconsultor.com/blog/post.html?p=2026-10-27-efqm-madrid-excelente
2026-10-28;12:30;instagram;NORMAS;iso-45001;"💙 ISO 45001: el primer paso es más simple de lo que crees.

Una conversación de diagnóstico: entender tu punto de partida y dimensionar el proyecto con plazos realistas. Sin compromiso.

📌 Artículo completo: enlace en bio.
❤️ Gestión con corazón desde 2006.

#PersonasYCultura #SeguridadLaboral #Igualdad #TuConsultor #SistemasDeGestión #GestiónConCorazón";https://www.tuconsultor.com/social-img/iso-45001.png;https://www.tuconsultor.com/blog/post.html?p=2026-10-28-iso-45001
2026-10-29;12:30;instagram;EFQM;efqm-beneficios;"💙 Por qué EFQM: por dónde empezar.

Por qué EFQM: Beneficios más allá del sello. El primer paso es un Informe de GAP: medir la distancia entre tu gestión actual y el modelo, y decidir con datos.

📌 Artículo completo: enlace en bio.
❤️ Gestión con corazón desde 2006.

#EFQM #ModeloEFQM #Excelencia #TuConsultor #GestiónConCorazón";https://www.tuconsultor.com/social-img/efqm-beneficios.png;https://www.tuconsultor.com/blog/post.html?p=2026-10-29-efqm-beneficios
2026-10-30;12:30;instagram;NORMAS;empresa-saludable;"💙 ¿Qué es Empresa Saludable y para qué sirve de verdad?

Modelo de empresa saludable: entorno físico y psicosocial, hábitos y comunidad, con indicadores y reconocimiento certificable.

📌 Artículo completo: enlace en bio.
❤️ Gestión con corazón desde 2006.

#PersonasYCultura #SeguridadLaboral #Igualdad #TuConsultor #SistemasDeGestión #GestiónConCorazón";https://www.tuconsultor.com/social-img/empresa-saludable.png;https://www.tuconsultor.com/blog/post.html?p=2026-10-30-empresa-saludable
2026-10-31;12:30;instagram;EFQM;efqm-mitos;"💙 Mitos del Modelo EFQM, explicado sin humo.

Mitos del Modelo EFQM: Lo que no es (y lo que sí). El Modelo EFQM 2025 no es un premio, es un marco para transformar la organización con criterio.

📌 Artículo completo: enlace en bio.
❤️ Gestión con corazón desde 2006.

#EFQM #ModeloEFQM #Excelencia #TuConsultor #GestiónConCorazón";https://www.tuconsultor.com/social-img/efqm-mitos.png;https://www.tuconsultor.com/blog/post.html?p=2026-10-31-efqm-mitos
2026-11-01;12:30;instagram;NORMAS;efr;"💙 EFR: Empresa familiarmente responsable. Y esto es lo que gana tu organización.

Certificación EFR de conciliación e igualdad: diagnóstico, catálogo de medidas y gestión del modelo.

📌 Artículo completo: enlace en bio.
❤️ Gestión con corazón desde 2006.

#PersonasYCultura #SeguridadLaboral #Igualdad #TuConsultor #SistemasDeGestión #GestiónConCorazón";https://www.tuconsultor.com/social-img/efr.png;https://www.tuconsultor.com/blog/post.html?p=2026-11-01-efr
2026-11-02;12:30;instagram;EFQM;efqm-primeros-pasos;"💙 Primeros pasos con EFQM: lo que aporta de verdad.

Primeros pasos con EFQM. Trabajar con el Modelo EFQM te da una foto honesta de tu gestión y una hoja de ruta priorizada — el sello es la consecuencia.

📌 Artículo completo: enlace en bio.
❤️ Gestión con corazón desde 2006.

#EFQM #ModeloEFQM #Excelencia #TuConsultor #GestiónConCorazón";https://www.tuconsultor.com/social-img/efqm-primeros-pasos.png;https://www.tuconsultor.com/blog/post.html?p=2026-11-02-efqm-primeros-pasos
2026-11-03;12:30;instagram;NORMAS;plan-de-igualdad;"💙 El error más común al implantar Plan de Igualdad (y cómo evitarlo).

Copiar documentación de otra empresa y esperar que cuele. El sistema debe nacer de TU actividad real, o se convierte en burocracia muerta.

📌 Artículo completo: enlace en bio.
❤️ Gestión con corazón desde 2006.

#PersonasYCultura #SeguridadLaboral #Igualdad #TuConsultor #SistemasDeGestión #GestiónConCorazón";https://www.tuconsultor.com/social-img/plan-de-igualdad.png;https://www.tuconsultor.com/blog/post.html?p=2026-11-03-plan-de-igualdad
2026-11-04;12:30;instagram;EFQM;efqm-formacion;"💙 Formación EFQM 2025: el fallo que vemos una y otra vez.

Formación EFQM 2025: el error habitual es tratarlo como un trámite documental. EFQM se trabaja desde la dirección, con datos y con las personas.

📌 Artículo completo: enlace en bio.
❤️ Gestión con corazón desde 2006.

#EFQM #ModeloEFQM #Excelencia #TuConsultor #GestiónConCorazón";https://www.tuconsultor.com/social-img/efqm-formacion.png;https://www.tuconsultor.com/blog/post.html?p=2026-11-04-efqm-formacion
2026-11-05;12:30;instagram;NORMAS;protocolo-acoso;"💙 ¿Es Protocolo de Acoso para tu organización? Señales de que sí.

Si tus clientes (o la Administración) empiezan a pedírtelo, si has crecido y ""todo está en la cabeza de dos personas"", o si quieres diferenciarte en licitaciones: sí, es para ti.

📌 Artículo completo: enlace en bio.
❤️ Gestión con corazón desde 2006.

#PersonasYCultura #SeguridadLaboral #Igualdad #TuConsultor #SistemasDeGestión #GestiónConCorazón";https://www.tuconsultor.com/social-img/protocolo-acoso.png;https://www.tuconsultor.com/blog/post.html?p=2026-11-05-protocolo-acoso
2026-11-06;12:30;instagram;EFQM;efqm-modelo-2025;"💙 ¿Te toca ya trabajar con el Modelo EFQM?

El Modelo EFQM 2025. Si tu organización ya certifica ISO y quiere dar el salto de ""cumplir"" a ""sobresalir"", el Modelo EFQM es el siguiente paso natural.

📌 Artículo completo: enlace en bio.
❤️ Gestión con corazón desde 2006.

#EFQM #ModeloEFQM #Excelencia #TuConsultor #GestiónConCorazón";https://www.tuconsultor.com/social-img/efqm-modelo-2025.png;https://www.tuconsultor.com/blog/post.html?p=2026-11-06-efqm-modelo-2025
2026-11-07;12:30;instagram;NORMAS;desconexion-digital;"💙 Desconexión Digital: el primer paso es más simple de lo que crees.

Una conversación de diagnóstico: entender tu punto de partida y dimensionar el proyecto con plazos realistas. Sin compromiso.

📌 Artículo completo: enlace en bio.
❤️ Gestión con corazón desde 2006.

#PersonasYCultura #SeguridadLaboral #Igualdad #TuConsultor #SistemasDeGestión #GestiónConCorazón";https://www.tuconsultor.com/social-img/desconexion-digital.png;https://www.tuconsultor.com/blog/post.html?p=2026-11-07-desconexion-digital
2026-11-08;12:30;instagram;EFQM;efqm-direccion;"💙 Dimensión Dirección: por dónde empezar.

Dimensión Dirección: Propósito, visión y estrategia que orientan. El primer paso es un Informe de GAP: medir la distancia entre tu gestión actual y el modelo, y decidir con datos.

📌 Artículo completo: enlace en bio.
❤️ Gestión con corazón desde 2006.

#EFQM #ModeloEFQM #Excelencia #TuConsultor #GestiónConCorazón";https://www.tuconsultor.com/social-img/efqm-direccion.png;https://www.tuconsultor.com/blog/post.html?p=2026-11-08-efqm-direccion
2026-11-09;12:30;instagram;NORMAS;iso-21001;"💙 ¿Qué es ISO 21001 y para qué sirve de verdad?

Sistema de gestión ISO 21001 para centros educativos y de formación: necesidades del alumnado en el centro del sistema.

📌 Artículo completo: enlace en bio.
❤️ Gestión con corazón desde 2006.

#PersonasYCultura #SeguridadLaboral #Igualdad #TuConsultor #SistemasDeGestión #GestiónConCorazón";https://www.tuconsultor.com/social-img/iso-21001.png;https://www.tuconsultor.com/blog/post.html?p=2026-11-09-iso-21001
2026-11-10;12:30;instagram;EFQM;efqm-ejecucion;"💙 Dimensión Ejecución, explicado sin humo.

Dimensión Ejecución: De la estrategia al funcionamiento diario. El Modelo EFQM 2025 no es un premio, es un marco para transformar la organización con criterio.

📌 Artículo completo: enlace en bio.
❤️ Gestión con corazón desde 2006.

#EFQM #ModeloEFQM #Excelencia #TuConsultor #GestiónConCorazón";https://www.tuconsultor.com/social-img/efqm-ejecucion.png;https://www.tuconsultor.com/blog/post.html?p=2026-11-10-efqm-ejecucion
2026-11-11;12:30;instagram;NORMAS;une-158101;"💙 UNE 158101: Calidad en servicios de mayores. Y esto es lo que gana tu organización.

Certificación UNE 158101 para centros residenciales: calidad del servicio y dignidad en la atención a personas mayores.

📌 Artículo completo: enlace en bio.
❤️ Gestión con corazón desde 2006.

#PersonasYCultura #SeguridadLaboral #Igualdad #TuConsultor #SistemasDeGestión #GestiónConCorazón";https://www.tuconsultor.com/social-img/une-158101.png;https://www.tuconsultor.com/blog/post.html?p=2026-11-11-une-158101
2026-11-12;12:30;instagram;EFQM;efqm-resultados;"💙 Dimensión Resultados: lo que aporta de verdad.

Dimensión Resultados. Trabajar con el Modelo EFQM te da una foto honesta de tu gestión y una hoja de ruta priorizada — el sello es la consecuencia.

📌 Artículo completo: enlace en bio.
❤️ Gestión con corazón desde 2006.

#EFQM #ModeloEFQM #Excelencia #TuConsultor #GestiónConCorazón";https://www.tuconsultor.com/social-img/efqm-resultados.png;https://www.tuconsultor.com/blog/post.html?p=2026-11-12-efqm-resultados
2026-11-13;12:30;instagram;NORMAS;sge-21;"💙 El error más común al implantar SGE 21 (y cómo evitarlo).

Copiar documentación de otra empresa y esperar que cuele. El sistema debe nacer de TU actividad real, o se convierte en burocracia muerta.

📌 Artículo completo: enlace en bio.
❤️ Gestión con corazón desde 2006.

#RSC #ResponsabilidadSocial #TuConsultor #SistemasDeGestión #GestiónConCorazón";https://www.tuconsultor.com/social-img/sge-21.png;https://www.tuconsultor.com/blog/post.html?p=2026-11-13-sge-21
2026-11-14;12:30;instagram;EFQM;efqm-criterio1;"💙 Propósito, visión y estrategia: el fallo que vemos una y otra vez.

Propósito, visión y estrategia: el error habitual es tratarlo como un trámite documental. EFQM se trabaja desde la dirección, con datos y con las personas.

📌 Artículo completo: enlace en bio.
❤️ Gestión con corazón desde 2006.

#EFQM #ModeloEFQM #Excelencia #TuConsultor #GestiónConCorazón";https://www.tuconsultor.com/social-img/efqm-criterio1.png;https://www.tuconsultor.com/blog/post.html?p=2026-11-14-efqm-criterio1
2026-11-15;12:30;instagram;NORMAS;sa-8000;"💙 ¿Es SA 8000 para tu organización? Señales de que sí.

Si tus clientes (o la Administración) empiezan a pedírtelo, si has crecido y ""todo está en la cabeza de dos personas"", o si quieres diferenciarte en licitaciones: sí, es para ti.

📌 Artículo completo: enlace en bio.
❤️ Gestión con corazón desde 2006.

#RSC #ResponsabilidadSocial #TuConsultor #SistemasDeGestión #GestiónConCorazón";https://www.tuconsultor.com/social-img/sa-8000.png;https://www.tuconsultor.com/blog/post.html?p=2026-11-15-sa-8000
2026-11-16;12:30;instagram;EFQM;efqm-criterio2;"💙 ¿Te toca ya trabajar con el Modelo EFQM?

Cultura y liderazgo. Si tu organización ya certifica ISO y quiere dar el salto de ""cumplir"" a ""sobresalir"", el Modelo EFQM es el siguiente paso natural.

📌 Artículo completo: enlace en bio.
❤️ Gestión con corazón desde 2006.

#EFQM #ModeloEFQM #Excelencia #TuConsultor #GestiónConCorazón";https://www.tuconsultor.com/social-img/efqm-criterio2.png;https://www.tuconsultor.com/blog/post.html?p=2026-11-16-efqm-criterio2
2026-11-17;12:30;instagram;NORMAS;iqnet-sr10;"💙 IQNet SR10: el primer paso es más simple de lo que crees.

Una conversación de diagnóstico: entender tu punto de partida y dimensionar el proyecto con plazos realistas. Sin compromiso.

📌 Artículo completo: enlace en bio.
❤️ Gestión con corazón desde 2006.

#RSC #ResponsabilidadSocial #TuConsultor #SistemasDeGestión #GestiónConCorazón";https://www.tuconsultor.com/social-img/iqnet-sr10.png;https://www.tuconsultor.com/blog/post.html?p=2026-11-17-iqnet-sr10
2026-11-18;12:30;instagram;EFQM;efqm-criterio3;"💙 Implicar a los grupos de interés: por dónde empezar.

Implicar a los grupos de interés: Criterio 3 del Modelo EFQM. El primer paso es un Informe de GAP: medir la distancia entre tu gestión actual y el modelo, y decidir con datos.

📌 Artículo completo: enlace en bio.
❤️ Gestión con corazón desde 2006.

#EFQM #ModeloEFQM #Excelencia #TuConsultor #GestiónConCorazón";https://www.tuconsultor.com/social-img/efqm-criterio3.png;https://www.tuconsultor.com/blog/post.html?p=2026-11-18-efqm-criterio3
2026-11-19;12:30;instagram;NORMAS;smeta;"💙 ¿Qué es SMETA y para qué sirve de verdad?

Te preparamos para la auditoría social SMETA (Sedex): condiciones laborales, seguridad, medio ambiente y ética empresarial.

📌 Artículo completo: enlace en bio.
❤️ Gestión con corazón desde 2006.

#RSC #ResponsabilidadSocial #TuConsultor #SistemasDeGestión #GestiónConCorazón";https://www.tuconsultor.com/social-img/smeta.png;https://www.tuconsultor.com/blog/post.html?p=2026-11-19-smeta
2026-11-20;12:30;instagram;EFQM;efqm-criterio4;"💙 Crear valor sostenible, explicado sin humo.

Crear valor sostenible: Criterio 4 del Modelo EFQM. El Modelo EFQM 2025 no es un premio, es un marco para transformar la organización con criterio.

📌 Artículo completo: enlace en bio.
❤️ Gestión con corazón desde 2006.

#EFQM #ModeloEFQM #Excelencia #TuConsultor #GestiónConCorazón";https://www.tuconsultor.com/social-img/efqm-criterio4.png;https://www.tuconsultor.com/blog/post.html?p=2026-11-20-efqm-criterio4
2026-11-21;12:30;instagram;NORMAS;b-corp;"💙 B Corp: Empresas con propósito. Y esto es lo que gana tu organización.

Te acompañamos en la evaluación de impacto B (BIA) y en el camino hacia la certificación B Corp.

📌 Artículo completo: enlace en bio.
❤️ Gestión con corazón desde 2006.

#RSC #ResponsabilidadSocial #TuConsultor #SistemasDeGestión #GestiónConCorazón";https://www.tuconsultor.com/social-img/b-corp.png;https://www.tuconsultor.com/blog/post.html?p=2026-11-21-b-corp
2026-11-22;12:30;instagram;EFQM;efqm-criterio5;"💙 Funcionamiento y transformación: lo que aporta de verdad.

Funcionamiento y transformación. Trabajar con el Modelo EFQM te da una foto honesta de tu gestión y una hoja de ruta priorizada — el sello es la consecuencia.

📌 Artículo completo: enlace en bio.
❤️ Gestión con corazón desde 2006.

#EFQM #ModeloEFQM #Excelencia #TuConsultor #GestiónConCorazón";https://www.tuconsultor.com/social-img/efqm-criterio5.png;https://www.tuconsultor.com/blog/post.html?p=2026-11-22-efqm-criterio5
2026-11-23;12:30;instagram;NORMAS;une-166002;"💙 El error más común al implantar UNE 166002 (y cómo evitarlo).

Copiar documentación de otra empresa y esperar que cuele. El sistema debe nacer de TU actividad real, o se convierte en burocracia muerta.

📌 Artículo completo: enlace en bio.
❤️ Gestión con corazón desde 2006.

#Innovación #IDi #InteligenciaArtificial #TuConsultor #SistemasDeGestión #GestiónConCorazón";https://www.tuconsultor.com/social-img/une-166002.png;https://www.tuconsultor.com/blog/post.html?p=2026-11-23-une-166002
2026-11-24;12:30;instagram;EFQM;efqm-criterio6;"💙 Percepción de los grupos de interés: el fallo que vemos una y otra vez.

Percepción de los grupos de interés: el error habitual es tratarlo como un trámite documental. EFQM se trabaja desde la dirección, con datos y con las personas.

📌 Artículo completo: enlace en bio.
❤️ Gestión con corazón desde 2006.

#EFQM #ModeloEFQM #Excelencia #TuConsultor #GestiónConCorazón";https://www.tuconsultor.com/social-img/efqm-criterio6.png;https://www.tuconsultor.com/blog/post.html?p=2026-11-24-efqm-criterio6
2026-11-25;12:30;instagram;NORMAS;certificacion-proyectos-idi;"💙 ¿Es Certificación de Proyectos I+D+i para tu organización? Señales de que sí.

Si tus clientes (o la Administración) empiezan a pedírtelo, si has crecido y ""todo está en la cabeza de dos personas"", o si quieres diferenciarte en licitaciones: sí, es para ti.

📌 Artículo completo: enlace en bio.
❤️ Gestión con corazón desde 2006.

#Innovación #IDi #InteligenciaArtificial #TuConsultor #SistemasDeGestión #GestiónConCorazón";https://www.tuconsultor.com/social-img/certificacion-proyectos-idi.png;https://www.tuconsultor.com/blog/post.html?p=2026-11-25-certificacion-proyectos-idi
2026-11-26;12:30;instagram;EFQM;efqm-criterio7;"💙 ¿Te toca ya trabajar con el Modelo EFQM?

Rendimiento estratégico y operativo. Si tu organización ya certifica ISO y quiere dar el salto de ""cumplir"" a ""sobresalir"", el Modelo EFQM es el siguiente paso natural.

📌 Artículo completo: enlace en bio.
❤️ Gestión con corazón desde 2006.

#EFQM #ModeloEFQM #Excelencia #TuConsultor #GestiónConCorazón";https://www.tuconsultor.com/social-img/efqm-criterio7.png;https://www.tuconsultor.com/blog/post.html?p=2026-11-26-efqm-criterio7
2026-11-27;12:30;instagram;NORMAS;deducciones-fiscales-idi;"💙 Deducciones Fiscales I+D+i: el primer paso es más simple de lo que crees.

Una conversación de diagnóstico: entender tu punto de partida y dimensionar el proyecto con plazos realistas. Sin compromiso.

📌 Artículo completo: enlace en bio.
❤️ Gestión con corazón desde 2006.

#Innovación #IDi #InteligenciaArtificial #TuConsultor #SistemasDeGestión #GestiónConCorazón";https://www.tuconsultor.com/social-img/deducciones-fiscales-idi.png;https://www.tuconsultor.com/blog/post.html?p=2026-11-27-deducciones-fiscales-idi
2026-11-28;12:30;instagram;EFQM;efqm-radar;"💙 La lógica RADAR: por dónde empezar.

La lógica RADAR: Resultados, enfoques, despliegue, evaluación y revisión. El primer paso es un Informe de GAP: medir la distancia entre tu gestión actual y el modelo, y decidir con datos.

📌 Artículo completo: enlace en bio.
❤️ Gestión con corazón desde 2006.

#EFQM #ModeloEFQM #Excelencia #TuConsultor #GestiónConCorazón";https://www.tuconsultor.com/social-img/efqm-radar.png;https://www.tuconsultor.com/blog/post.html?p=2026-11-28-efqm-radar
2026-11-29;12:30;instagram;NORMAS;iso-56001;"💙 ¿Qué es ISO 56001 y para qué sirve de verdad?

El nuevo estándar internacional certificable de gestión de la innovación: de la idea al valor con un sistema ISO 56001.

📌 Artículo completo: enlace en bio.
❤️ Gestión con corazón desde 2006.

#Innovación #IDi #InteligenciaArtificial #TuConsultor #SistemasDeGestión #GestiónConCorazón";https://www.tuconsultor.com/social-img/iso-56001.png;https://www.tuconsultor.com/blog/post.html?p=2026-11-29-iso-56001
2026-11-30;12:30;instagram;EFQM;efqm-gap;"💙 Informe de GAP, explicado sin humo.

Informe de GAP: Mide la distancia entre tu gestión y la excelencia. El Modelo EFQM 2025 no es un premio, es un marco para transformar la organización con criterio.

📌 Artículo completo: enlace en bio.
❤️ Gestión con corazón desde 2006.

#EFQM #ModeloEFQM #Excelencia #TuConsultor #GestiónConCorazón";https://www.tuconsultor.com/social-img/efqm-gap.png;https://www.tuconsultor.com/blog/post.html?p=2026-11-30-efqm-gap
2026-12-01;12:30;instagram;NORMAS;iso-42001;"💙 ISO 42001: Gestión de la inteligencia artificial. Y esto es lo que gana tu organización.

Gobernanza de la IA con ISO 42001: uso responsable, gestión de riesgos y preparación para el Reglamento Europeo de IA.

📌 Artículo completo: enlace en bio.
❤️ Gestión con corazón desde 2006.

#Innovación #IDi #InteligenciaArtificial #TuConsultor #SistemasDeGestión #GestiónConCorazón";https://www.tuconsultor.com/social-img/iso-42001.png;https://www.tuconsultor.com/blog/post.html?p=2026-12-01-iso-42001
2026-12-02;12:30;instagram;EFQM;efqm-autoevaluacion;"💙 Autoevaluación EFQM: lo que aporta de verdad.

Autoevaluación EFQM. Trabajar con el Modelo EFQM te da una foto honesta de tu gestión y una hoja de ruta priorizada — el sello es la consecuencia.

📌 Artículo completo: enlace en bio.
❤️ Gestión con corazón desde 2006.

#EFQM #ModeloEFQM #Excelencia #TuConsultor #GestiónConCorazón";https://www.tuconsultor.com/social-img/efqm-autoevaluacion.png;https://www.tuconsultor.com/blog/post.html?p=2026-12-02-efqm-autoevaluacion
2026-12-03;12:30;instagram;NORMAS;pyme-innovadora;"💙 El error más común al implantar Sello PYME Innovadora (y cómo evitarlo).

Copiar documentación de otra empresa y esperar que cuele. El sistema debe nacer de TU actividad real, o se convierte en burocracia muerta.

📌 Artículo completo: enlace en bio.
❤️ Gestión con corazón desde 2006.

#Innovación #IDi #InteligenciaArtificial #TuConsultor #SistemasDeGestión #GestiónConCorazón";https://www.tuconsultor.com/social-img/pyme-innovadora.png;https://www.tuconsultor.com/blog/post.html?p=2026-12-03-pyme-innovadora
2026-12-04;12:30;instagram;EFQM;efqm-planes;"💙 Planes de acción: el fallo que vemos una y otra vez.

Planes de acción: el error habitual es tratarlo como un trámite documental. EFQM se trabaja desde la dirección, con datos y con las personas.

📌 Artículo completo: enlace en bio.
❤️ Gestión con corazón desde 2006.

#EFQM #ModeloEFQM #Excelencia #TuConsultor #GestiónConCorazón";https://www.tuconsultor.com/social-img/efqm-planes.png;https://www.tuconsultor.com/blog/post.html?p=2026-12-04-efqm-planes
2026-12-05;12:30;instagram;NORMAS;transformacion-digital-ia;"💙 ¿Es Transformación Digital con IA para tu organización? Señales de que sí.

Si tus clientes (o la Administración) empiezan a pedírtelo, si has crecido y ""todo está en la cabeza de dos personas"", o si quieres diferenciarte en licitaciones: sí, es para ti.

📌 Artículo completo: enlace en bio.
❤️ Gestión con corazón desde 2006.

#Innovación #IDi #InteligenciaArtificial #TuConsultor #SistemasDeGestión #GestiónConCorazón";https://www.tuconsultor.com/social-img/transformacion-digital-ia.png;https://www.tuconsultor.com/blog/post.html?p=2026-12-05-transformacion-digital-ia
2026-12-06;12:30;instagram;EFQM;efqm-memoria;"💙 ¿Te toca ya trabajar con el Modelo EFQM?

La memoria EFQM. Si tu organización ya certifica ISO y quiere dar el salto de ""cumplir"" a ""sobresalir"", el Modelo EFQM es el siguiente paso natural.

📌 Artículo completo: enlace en bio.
❤️ Gestión con corazón desde 2006.

#EFQM #ModeloEFQM #Excelencia #TuConsultor #GestiónConCorazón";https://www.tuconsultor.com/social-img/efqm-memoria.png;https://www.tuconsultor.com/blog/post.html?p=2026-12-06-efqm-memoria
2026-12-07;12:30;instagram;NORMAS;blockchain-tokenizacion;"💙 Blockchain, Web3 y Tokenización: el primer paso es más simple de lo que crees.

Una conversación de diagnóstico: entender tu punto de partida y dimensionar el proyecto con plazos realistas. Sin compromiso.

📌 Artículo completo: enlace en bio.
❤️ Gestión con corazón desde 2006.

#Innovación #IDi #InteligenciaArtificial #TuConsultor #SistemasDeGestión #GestiónConCorazón";https://www.tuconsultor.com/social-img/blockchain-tokenizacion.png;https://www.tuconsultor.com/blog/post.html?p=2026-12-07-blockchain-tokenizacion
2026-12-08;12:30;instagram;EFQM;efqm-sello;"💙 Sellos EFQM 300 · 400 · 500: por dónde empezar.

Sellos EFQM 300 · 400 · 500: El reconocimiento europeo a la excelencia. El primer paso es un Informe de GAP: medir la distancia entre tu gestión actual y el modelo, y decidir con datos.

📌 Artículo completo: enlace en bio.
❤️ Gestión con corazón desde 2006.

#EFQM #ModeloEFQM #Excelencia #TuConsultor #GestiónConCorazón";https://www.tuconsultor.com/social-img/efqm-sello.png;https://www.tuconsultor.com/blog/post.html?p=2026-12-08-efqm-sello
2026-12-09;12:30;instagram;NORMAS;appcc;"💙 ¿Qué es APPCC y para qué sirve de verdad?

Diseñamos e implantamos tu sistema APPCC: prerrequisitos, análisis de peligros y registros listos para inspección sanitaria.

📌 Artículo completo: enlace en bio.
❤️ Gestión con corazón desde 2006.

#SeguridadAlimentaria #IFS #BRCGS #TuConsultor #SistemasDeGestión #GestiónConCorazón";https://www.tuconsultor.com/social-img/appcc.png;https://www.tuconsultor.com/blog/post.html?p=2026-12-09-appcc
2026-12-10;12:30;instagram;EFQM;efqm-evaluacion-externa;"💙 Evaluación externa, explicado sin humo.

Evaluación externa: Qué mirará el equipo evaluador. El Modelo EFQM 2025 no es un premio, es un marco para transformar la organización con criterio.

📌 Artículo completo: enlace en bio.
❤️ Gestión con corazón desde 2006.

#EFQM #ModeloEFQM #Excelencia #TuConsultor #GestiónConCorazón";https://www.tuconsultor.com/social-img/efqm-evaluacion-externa.png;https://www.tuconsultor.com/blog/post.html?p=2026-12-10-efqm-evaluacion-externa
2026-12-11;12:30;instagram;NORMAS;iso-22000;"💙 ISO 22000: Gestión de la seguridad alimentaria. Y esto es lo que gana tu organización.

Sistema de gestión de seguridad alimentaria ISO 22000 para toda la cadena, integrable con tu ISO 9001.

📌 Artículo completo: enlace en bio.
❤️ Gestión con corazón desde 2006.

#SeguridadAlimentaria #IFS #BRCGS #TuConsultor #SistemasDeGestión #GestiónConCorazón";https://www.tuconsultor.com/social-img/iso-22000.png;https://www.tuconsultor.com/blog/post.html?p=2026-12-11-iso-22000
2026-12-12;12:30;instagram;EFQM;efqm-vs-iso;"💙 EFQM e ISO 9001: lo que aporta de verdad.

EFQM e ISO 9001. Trabajar con el Modelo EFQM te da una foto honesta de tu gestión y una hoja de ruta priorizada — el sello es la consecuencia.

📌 Artículo completo: enlace en bio.
❤️ Gestión con corazón desde 2006.

#EFQM #ModeloEFQM #Excelencia #TuConsultor #GestiónConCorazón";https://www.tuconsultor.com/social-img/efqm-vs-iso.png;https://www.tuconsultor.com/blog/post.html?p=2026-12-12-efqm-vs-iso
2026-12-13;12:30;instagram;NORMAS;brcgs;"💙 El error más común al implantar BRCGS (y cómo evitarlo).

Copiar documentación de otra empresa y esperar que cuele. El sistema debe nacer de TU actividad real, o se convierte en burocracia muerta.

📌 Artículo completo: enlace en bio.
❤️ Gestión con corazón desde 2006.

#SeguridadAlimentaria #IFS #BRCGS #TuConsultor #SistemasDeGestión #GestiónConCorazón";https://www.tuconsultor.com/social-img/brcgs.png;https://www.tuconsultor.com/blog/post.html?p=2026-12-13-brcgs
2026-12-14;12:30;instagram;EFQM;efqm-madrid-excelente;"💙 EFQM y Madrid Excelente: el fallo que vemos una y otra vez.

EFQM y Madrid Excelente: el error habitual es tratarlo como un trámite documental. EFQM se trabaja desde la dirección, con datos y con las personas.

📌 Artículo completo: enlace en bio.
❤️ Gestión con corazón desde 2006.

#EFQM #ModeloEFQM #Excelencia #TuConsultor #GestiónConCorazón";https://www.tuconsultor.com/social-img/efqm-madrid-excelente.png;https://www.tuconsultor.com/blog/post.html?p=2026-12-14-efqm-madrid-excelente
2026-12-15;12:30;instagram;NORMAS;ifs;"💙 ¿Es IFS para tu organización? Señales de que sí.

Si tus clientes (o la Administración) empiezan a pedírtelo, si has crecido y ""todo está en la cabeza de dos personas"", o si quieres diferenciarte en licitaciones: sí, es para ti.

📌 Artículo completo: enlace en bio.
❤️ Gestión con corazón desde 2006.

#SeguridadAlimentaria #IFS #BRCGS #TuConsultor #SistemasDeGestión #GestiónConCorazón";https://www.tuconsultor.com/social-img/ifs.png;https://www.tuconsultor.com/blog/post.html?p=2026-12-15-ifs
2026-12-16;12:30;instagram;EFQM;efqm-beneficios;"💙 ¿Te toca ya trabajar con el Modelo EFQM?

Por qué EFQM. Si tu organización ya certifica ISO y quiere dar el salto de ""cumplir"" a ""sobresalir"", el Modelo EFQM es el siguiente paso natural.

📌 Artículo completo: enlace en bio.
❤️ Gestión con corazón desde 2006.

#EFQM #ModeloEFQM #Excelencia #TuConsultor #GestiónConCorazón";https://www.tuconsultor.com/social-img/efqm-beneficios.png;https://www.tuconsultor.com/blog/post.html?p=2026-12-16-efqm-beneficios
2026-12-17;12:30;instagram;NORMAS;globalgap;"💙 GlobalG.A.P.: el primer paso es más simple de lo que crees.

Una conversación de diagnóstico: entender tu punto de partida y dimensionar el proyecto con plazos realistas. Sin compromiso.

📌 Artículo completo: enlace en bio.
❤️ Gestión con corazón desde 2006.

#SeguridadAlimentaria #IFS #BRCGS #TuConsultor #SistemasDeGestión #GestiónConCorazón";https://www.tuconsultor.com/social-img/globalgap.png;https://www.tuconsultor.com/blog/post.html?p=2026-12-17-globalgap
2026-12-18;12:30;instagram;EFQM;efqm-mitos;"💙 Mitos del Modelo EFQM: por dónde empezar.

Mitos del Modelo EFQM: Lo que no es (y lo que sí). El primer paso es un Informe de GAP: medir la distancia entre tu gestión actual y el modelo, y decidir con datos.

📌 Artículo completo: enlace en bio.
❤️ Gestión con corazón desde 2006.

#EFQM #ModeloEFQM #Excelencia #TuConsultor #GestiónConCorazón";https://www.tuconsultor.com/social-img/efqm-mitos.png;https://www.tuconsultor.com/blog/post.html?p=2026-12-18-efqm-mitos
2026-12-19;12:30;instagram;NORMAS;planificacion-estrategica;"💙 ¿Qué es Planificación Estratégica y para qué sirve de verdad?

Facilitamos tu proceso de planificación estratégica: análisis, propósito, objetivos y plan de acción con responsables y plazos.

📌 Artículo completo: enlace en bio.
❤️ Gestión con corazón desde 2006.

#Estrategia #Liderazgo #Dirección #TuConsultor #SistemasDeGestión #GestiónConCorazón";https://www.tuconsultor.com/social-img/planificacion-estrategica.png;https://www.tuconsultor.com/blog/post.html?p=2026-12-19-planificacion-estrategica
2026-12-20;12:30;instagram;EFQM;efqm-primeros-pasos;"💙 Primeros pasos con EFQM, explicado sin humo.

Primeros pasos con EFQM: Por dónde empezar sin agobiarse. El Modelo EFQM 2025 no es un premio, es un marco para transformar la organización con criterio.

📌 Artículo completo: enlace en bio.
❤️ Gestión con corazón desde 2006.

#EFQM #ModeloEFQM #Excelencia #TuConsultor #GestiónConCorazón";https://www.tuconsultor.com/social-img/efqm-primeros-pasos.png;https://www.tuconsultor.com/blog/post.html?p=2026-12-20-efqm-primeros-pasos
2026-12-21;12:30;instagram;NORMAS;cuadro-de-mando;"💙 Cuadro de Mando Integral: La estrategia, medida. Y esto es lo que gana tu organización.

Diseñamos tu cuadro de mando integral: mapa estratégico, indicadores y rituales de seguimiento que mantienen viva la estrategia.

📌 Artículo completo: enlace en bio.
❤️ Gestión con corazón desde 2006.

#Estrategia #Liderazgo #Dirección #TuConsultor #SistemasDeGestión #GestiónConCorazón";https://www.tuconsultor.com/social-img/cuadro-de-mando.png;https://www.tuconsultor.com/blog/post.html?p=2026-12-21-cuadro-de-mando
2026-12-22;12:30;instagram;EFQM;efqm-formacion;"💙 Formación EFQM 2025: lo que aporta de verdad.

Formación EFQM 2025. Trabajar con el Modelo EFQM te da una foto honesta de tu gestión y una hoja de ruta priorizada — el sello es la consecuencia.

📌 Artículo completo: enlace en bio.
❤️ Gestión con corazón desde 2006.

#EFQM #ModeloEFQM #Excelencia #TuConsultor #GestiónConCorazón";https://www.tuconsultor.com/social-img/efqm-formacion.png;https://www.tuconsultor.com/blog/post.html?p=2026-12-22-efqm-formacion
2026-12-23;12:30;instagram;NORMAS;reestructuracion;"💙 El error más común al implantar Reestructuración (y cómo evitarlo).

Copiar documentación de otra empresa y esperar que cuele. El sistema debe nacer de TU actividad real, o se convierte en burocracia muerta.

📌 Artículo completo: enlace en bio.
❤️ Gestión con corazón desde 2006.

#Estrategia #Liderazgo #Dirección #TuConsultor #SistemasDeGestión #GestiónConCorazón";https://www.tuconsultor.com/social-img/reestructuracion.png;https://www.tuconsultor.com/blog/post.html?p=2026-12-23-reestructuracion
2026-12-24;12:30;instagram;EFQM;efqm-modelo-2025;"💙 El Modelo EFQM 2025: el fallo que vemos una y otra vez.

El Modelo EFQM 2025: el error habitual es tratarlo como un trámite documental. EFQM se trabaja desde la dirección, con datos y con las personas.

📌 Artículo completo: enlace en bio.
❤️ Gestión con corazón desde 2006.

#EFQM #ModeloEFQM #Excelencia #TuConsultor #GestiónConCorazón";https://www.tuconsultor.com/social-img/efqm-modelo-2025.png;https://www.tuconsultor.com/blog/post.html?p=2026-12-24-efqm-modelo-2025
2026-12-25;12:30;instagram;NORMAS;consultoria-de-negocio;"💙 ¿Es Consultoría de Negocio para tu organización? Señales de que sí.

Si tus clientes (o la Administración) empiezan a pedírtelo, si has crecido y ""todo está en la cabeza de dos personas"", o si quieres diferenciarte en licitaciones: sí, es para ti.

📌 Artículo completo: enlace en bio.
❤️ Gestión con corazón desde 2006.

#Estrategia #Liderazgo #Dirección #TuConsultor #SistemasDeGestión #GestiónConCorazón";https://www.tuconsultor.com/social-img/consultoria-de-negocio.png;https://www.tuconsultor.com/blog/post.html?p=2026-12-25-consultoria-de-negocio
2026-12-26;12:30;instagram;EFQM;efqm-direccion;"💙 ¿Te toca ya trabajar con el Modelo EFQM?

Dimensión Dirección. Si tu organización ya certifica ISO y quiere dar el salto de ""cumplir"" a ""sobresalir"", el Modelo EFQM es el siguiente paso natural.

📌 Artículo completo: enlace en bio.
❤️ Gestión con corazón desde 2006.

#EFQM #ModeloEFQM #Excelencia #TuConsultor #GestiónConCorazón";https://www.tuconsultor.com/social-img/efqm-direccion.png;https://www.tuconsultor.com/blog/post.html?p=2026-12-26-efqm-direccion
2026-12-27;12:30;instagram;NORMAS;clasificacion-empresarial;"💙 Clasificación Empresarial: el primer paso es más simple de lo que crees.

Una conversación de diagnóstico: entender tu punto de partida y dimensionar el proyecto con plazos realistas. Sin compromiso.

📌 Artículo completo: enlace en bio.
❤️ Gestión con corazón desde 2006.

#Estrategia #Liderazgo #Dirección #TuConsultor #SistemasDeGestión #GestiónConCorazón";https://www.tuconsultor.com/social-img/clasificacion-empresarial.png;https://www.tuconsultor.com/blog/post.html?p=2026-12-27-clasificacion-empresarial
2026-12-28;12:30;instagram;EFQM;efqm-ejecucion;"💙 Dimensión Ejecución: por dónde empezar.

Dimensión Ejecución: De la estrategia al funcionamiento diario. El primer paso es un Informe de GAP: medir la distancia entre tu gestión actual y el modelo, y decidir con datos.

📌 Artículo completo: enlace en bio.
❤️ Gestión con corazón desde 2006.

#EFQM #ModeloEFQM #Excelencia #TuConsultor #GestiónConCorazón";https://www.tuconsultor.com/social-img/efqm-ejecucion.png;https://www.tuconsultor.com/blog/post.html?p=2026-12-28-efqm-ejecucion
2026-12-29;12:30;instagram;NORMAS;liderazgo;"💙 ¿Qué es Liderazgo y para qué sirve de verdad?

Programas y acompañamiento para desarrollar el liderazgo de tus equipos directivos: criterio, gestión del propósito y toma de decisiones.

📌 Artículo completo: enlace en bio.
❤️ Gestión con corazón desde 2006.

#Estrategia #Liderazgo #Dirección #TuConsultor #SistemasDeGestión #GestiónConCorazón";https://www.tuconsultor.com/social-img/liderazgo.png;https://www.tuconsultor.com/blog/post.html?p=2026-12-29-liderazgo
2026-12-30;12:30;instagram;EFQM;efqm-resultados;"💙 Dimensión Resultados, explicado sin humo.

Dimensión Resultados: Lo que consigues y cómo lo demuestras. El Modelo EFQM 2025 no es un premio, es un marco para transformar la organización con criterio.

📌 Artículo completo: enlace en bio.
❤️ Gestión con corazón desde 2006.

#EFQM #ModeloEFQM #Excelencia #TuConsultor #GestiónConCorazón";https://www.tuconsultor.com/social-img/efqm-resultados.png;https://www.tuconsultor.com/blog/post.html?p=2026-12-30-efqm-resultados
2026-12-31;12:30;instagram;NORMAS;cultura-empresarial;"💙 Cultura Empresarial: La cultura que sostiene la estrategia. Y esto es lo que gana tu organización.

Diagnóstico y transformación de la cultura empresarial para alinearla con el propósito y la estrategia de la organización.

📌 Artículo completo: enlace en bio.
❤️ Gestión con corazón desde 2006.

#Estrategia #Liderazgo #Dirección #TuConsultor #SistemasDeGestión #GestiónConCorazón";https://www.tuconsultor.com/social-img/cultura-empresarial.png;https://www.tuconsultor.com/blog/post.html?p=2026-12-31-cultura-empresarial
2027-01-01;12:30;instagram;EFQM;efqm-criterio1;"💙 Propósito, visión y estrategia: lo que aporta de verdad.

Propósito, visión y estrategia. Trabajar con el Modelo EFQM te da una foto honesta de tu gestión y una hoja de ruta priorizada — el sello es la consecuencia.

📌 Artículo completo: enlace en bio.
❤️ Gestión con corazón desde 2006.

#EFQM #ModeloEFQM #Excelencia #TuConsultor #GestiónConCorazón";https://www.tuconsultor.com/social-img/efqm-criterio1.png;https://www.tuconsultor.com/blog/post.html?p=2027-01-01-efqm-criterio1
2027-01-02;12:30;instagram;NORMAS;iso-9001;"💙 El error más común al implantar ISO 9001 (y cómo evitarlo).

Copiar documentación de otra empresa y esperar que cuele. El sistema debe nacer de TU actividad real, o se convierte en burocracia muerta.

📌 Artículo completo: enlace en bio.
❤️ Gestión con corazón desde 2006.

#Calidad #ISO9001 #Excelencia #TuConsultor #SistemasDeGestión #GestiónConCorazón";https://www.tuconsultor.com/social-img/iso-9001.png;https://www.tuconsultor.com/blog/post.html?p=2027-01-02-iso-9001
2027-01-03;12:30;instagram;EFQM;efqm-criterio2;"💙 Cultura y liderazgo: el fallo que vemos una y otra vez.

Cultura y liderazgo: el error habitual es tratarlo como un trámite documental. EFQM se trabaja desde la dirección, con datos y con las personas.

📌 Artículo completo: enlace en bio.
❤️ Gestión con corazón desde 2006.

#EFQM #ModeloEFQM #Excelencia #TuConsultor #GestiónConCorazón";https://www.tuconsultor.com/social-img/efqm-criterio2.png;https://www.tuconsultor.com/blog/post.html?p=2027-01-03-efqm-criterio2
2027-01-04;12:30;instagram;NORMAS;efqm;"💙 ¿Es Modelo EFQM para tu organización? Señales de que sí.

Si tus clientes (o la Administración) empiezan a pedírtelo, si has crecido y ""todo está en la cabeza de dos personas"", o si quieres diferenciarte en licitaciones: sí, es para ti.

📌 Artículo completo: enlace en bio.
❤️ Gestión con corazón desde 2006.

#Calidad #ISO9001 #Excelencia #TuConsultor #SistemasDeGestión #GestiónConCorazón";https://www.tuconsultor.com/social-img/efqm.png;https://www.tuconsultor.com/blog/post.html?p=2027-01-04-efqm
2027-01-05;12:30;instagram;EFQM;efqm-criterio3;"💙 ¿Te toca ya trabajar con el Modelo EFQM?

Implicar a los grupos de interés. Si tu organización ya certifica ISO y quiere dar el salto de ""cumplir"" a ""sobresalir"", el Modelo EFQM es el siguiente paso natural.

📌 Artículo completo: enlace en bio.
❤️ Gestión con corazón desde 2006.

#EFQM #ModeloEFQM #Excelencia #TuConsultor #GestiónConCorazón";https://www.tuconsultor.com/social-img/efqm-criterio3.png;https://www.tuconsultor.com/blog/post.html?p=2027-01-05-efqm-criterio3
2027-01-06;12:30;instagram;NORMAS;madrid-excelente;"💙 Madrid Excelente: el primer paso es más simple de lo que crees.

Una conversación de diagnóstico: entender tu punto de partida y dimensionar el proyecto con plazos realistas. Sin compromiso.

📌 Artículo completo: enlace en bio.
❤️ Gestión con corazón desde 2006.

#Calidad #ISO9001 #Excelencia #TuConsultor #SistemasDeGestión #GestiónConCorazón";https://www.tuconsultor.com/social-img/madrid-excelente.png;https://www.tuconsultor.com/blog/post.html?p=2027-01-06-madrid-excelente
2027-01-07;12:30;instagram;EFQM;efqm-criterio4;"💙 Crear valor sostenible: por dónde empezar.

Crear valor sostenible: Criterio 4 del Modelo EFQM. El primer paso es un Informe de GAP: medir la distancia entre tu gestión actual y el modelo, y decidir con datos.

📌 Artículo completo: enlace en bio.
❤️ Gestión con corazón desde 2006.

#EFQM #ModeloEFQM #Excelencia #TuConsultor #GestiónConCorazón";https://www.tuconsultor.com/social-img/efqm-criterio4.png;https://www.tuconsultor.com/blog/post.html?p=2027-01-07-efqm-criterio4
2027-01-08;12:30;instagram;NORMAS;iso-9004;"💙 ¿Qué es ISO 9004 y para qué sirve de verdad?

Llevamos tu ISO 9001 un paso más allá con ISO 9004: autoevaluación de madurez y mejora del sistema orientada al éxito sostenido de la organización.

📌 Artículo completo: enlace en bio.
❤️ Gestión con corazón desde 2006.

#Calidad #ISO9001 #Excelencia #TuConsultor #SistemasDeGestión #GestiónConCorazón";https://www.tuconsultor.com/social-img/iso-9004.png;https://www.tuconsultor.com/blog/post.html?p=2027-01-08-iso-9004
2027-01-09;12:30;instagram;EFQM;efqm-criterio5;"💙 Funcionamiento y transformación, explicado sin humo.

Funcionamiento y transformación: Criterio 5 del Modelo EFQM. El Modelo EFQM 2025 no es un premio, es un marco para transformar la organización con criterio.

📌 Artículo completo: enlace en bio.
❤️ Gestión con corazón desde 2006.

#EFQM #ModeloEFQM #Excelencia #TuConsultor #GestiónConCorazón";https://www.tuconsultor.com/social-img/efqm-criterio5.png;https://www.tuconsultor.com/blog/post.html?p=2027-01-09-efqm-criterio5
2027-01-10;12:30;instagram;NORMAS;une-93200;"💙 UNE 93200: Cartas de servicios. Y esto es lo que gana tu organización.

Definimos y certificamos tus cartas de servicios UNE 93200: compromisos medibles con la ciudadanía y los usuarios, con indicadores y seguimiento.

📌 Artículo completo: enlace en bio.
❤️ Gestión con corazón desde 2006.

#Calidad #ISO9001 #Excelencia #TuConsultor #SistemasDeGestión #GestiónConCorazón";https://www.tuconsultor.com/social-img/une-93200.png;https://www.tuconsultor.com/blog/post.html?p=2027-01-10-une-93200
2027-01-11;12:30;instagram;EFQM;efqm-criterio6;"💙 Percepción de los grupos de interés: lo que aporta de verdad.

Percepción de los grupos de interés. Trabajar con el Modelo EFQM te da una foto honesta de tu gestión y una hoja de ruta priorizada — el sello es la consecuencia.

📌 Artículo completo: enlace en bio.
❤️ Gestión con corazón desde 2006.

#EFQM #ModeloEFQM #Excelencia #TuConsultor #GestiónConCorazón";https://www.tuconsultor.com/social-img/efqm-criterio6.png;https://www.tuconsultor.com/blog/post.html?p=2027-01-11-efqm-criterio6
2027-01-12;12:30;instagram;NORMAS;iso-13485;"💙 El error más común al implantar ISO 13485 (y cómo evitarlo).

Copiar documentación de otra empresa y esperar que cuele. El sistema debe nacer de TU actividad real, o se convierte en burocracia muerta.

📌 Artículo completo: enlace en bio.
❤️ Gestión con corazón desde 2006.

#Calidad #ISO9001 #Excelencia #TuConsultor #SistemasDeGestión #GestiónConCorazón";https://www.tuconsultor.com/social-img/iso-13485.png;https://www.tuconsultor.com/blog/post.html?p=2027-01-12-iso-13485
2027-01-13;12:30;instagram;EFQM;efqm-criterio7;"💙 Rendimiento estratégico y operativo: el fallo que vemos una y otra vez.

Rendimiento estratégico y operativo: el error habitual es tratarlo como un trámite documental. EFQM se trabaja desde la dirección, con datos y con las personas.

📌 Artículo completo: enlace en bio.
❤️ Gestión con corazón desde 2006.

#EFQM #ModeloEFQM #Excelencia #TuConsultor #GestiónConCorazón";https://www.tuconsultor.com/social-img/efqm-criterio7.png;https://www.tuconsultor.com/blog/post.html?p=2027-01-13-efqm-criterio7
2027-01-14;12:30;instagram;NORMAS;iso-17025;"💙 ¿Es ISO 17025 para tu organización? Señales de que sí.

Si tus clientes (o la Administración) empiezan a pedírtelo, si has crecido y ""todo está en la cabeza de dos personas"", o si quieres diferenciarte en licitaciones: sí, es para ti.

📌 Artículo completo: enlace en bio.
❤️ Gestión con corazón desde 2006.

#Calidad #ISO9001 #Excelencia #TuConsultor #SistemasDeGestión #GestiónConCorazón";https://www.tuconsultor.com/social-img/iso-17025.png;https://www.tuconsultor.com/blog/post.html?p=2027-01-14-iso-17025
2027-01-15;12:30;instagram;EFQM;efqm-radar;"💙 ¿Te toca ya trabajar con el Modelo EFQM?

La lógica RADAR. Si tu organización ya certifica ISO y quiere dar el salto de ""cumplir"" a ""sobresalir"", el Modelo EFQM es el siguiente paso natural.

📌 Artículo completo: enlace en bio.
❤️ Gestión con corazón desde 2006.

#EFQM #ModeloEFQM #Excelencia #TuConsultor #GestiónConCorazón";https://www.tuconsultor.com/social-img/efqm-radar.png;https://www.tuconsultor.com/blog/post.html?p=2027-01-15-efqm-radar
2027-01-16;12:30;instagram;NORMAS;iatf-16949;"💙 IATF 16949: el primer paso es más simple de lo que crees.

Una conversación de diagnóstico: entender tu punto de partida y dimensionar el proyecto con plazos realistas. Sin compromiso.

📌 Artículo completo: enlace en bio.
❤️ Gestión con corazón desde 2006.

#Calidad #ISO9001 #Excelencia #TuConsultor #SistemasDeGestión #GestiónConCorazón";https://www.tuconsultor.com/social-img/iatf-16949.png;https://www.tuconsultor.com/blog/post.html?p=2027-01-16-iatf-16949
2027-01-17;12:30;instagram;EFQM;efqm-gap;"💙 Informe de GAP: por dónde empezar.

Informe de GAP: Mide la distancia entre tu gestión y la excelencia. El primer paso es un Informe de GAP: medir la distancia entre tu gestión actual y el modelo, y decidir con datos.

📌 Artículo completo: enlace en bio.
❤️ Gestión con corazón desde 2006.

#EFQM #ModeloEFQM #Excelencia #TuConsultor #GestiónConCorazón";https://www.tuconsultor.com/social-img/efqm-gap.png;https://www.tuconsultor.com/blog/post.html?p=2027-01-17-efqm-gap
2027-01-18;12:30;instagram;NORMAS;marcado-ce;"💙 ¿Qué es Marcado CE y para qué sirve de verdad?

Te ayudamos a evaluar la conformidad de tus productos, preparar el expediente técnico y obtener el marcado CE para comercializar en la UE.

📌 Artículo completo: enlace en bio.
❤️ Gestión con corazón desde 2006.

#Calidad #ISO9001 #Excelencia #TuConsultor #SistemasDeGestión #GestiónConCorazón";https://www.tuconsultor.com/social-img/marcado-ce.png;https://www.tuconsultor.com/blog/post.html?p=2027-01-18-marcado-ce
2027-01-19;12:30;instagram;EFQM;efqm-autoevaluacion;"💙 Autoevaluación EFQM, explicado sin humo.

Autoevaluación EFQM: El espejo honesto de tu organización. El Modelo EFQM 2025 no es un premio, es un marco para transformar la organización con criterio.

📌 Artículo completo: enlace en bio.
❤️ Gestión con corazón desde 2006.

#EFQM #ModeloEFQM #Excelencia #TuConsultor #GestiónConCorazón";https://www.tuconsultor.com/social-img/efqm-autoevaluacion.png;https://www.tuconsultor.com/blog/post.html?p=2027-01-19-efqm-autoevaluacion
2027-01-20;12:30;instagram;NORMAS;iso-14001;"💙 ISO 14001: Sistema de gestión ambiental. Y esto es lo que gana tu organización.

Implantamos tu sistema de gestión ambiental ISO 14001: aspectos, requisitos legales y mejora continua, integrado con el resto de tu gestión.

📌 Artículo completo: enlace en bio.
❤️ Gestión con corazón desde 2006.

#Sostenibilidad #ESG #MedioAmbiente #TuConsultor #SistemasDeGestión #GestiónConCorazón";https://www.tuconsultor.com/social-img/iso-14001.png;https://www.tuconsultor.com/blog/post.html?p=2027-01-20-iso-14001
2027-01-21;12:30;instagram;EFQM;efqm-planes;"💙 Planes de acción: lo que aporta de verdad.

Planes de acción. Trabajar con el Modelo EFQM te da una foto honesta de tu gestión y una hoja de ruta priorizada — el sello es la consecuencia.

📌 Artículo completo: enlace en bio.
❤️ Gestión con corazón desde 2006.

#EFQM #ModeloEFQM #Excelencia #TuConsultor #GestiónConCorazón";https://www.tuconsultor.com/social-img/efqm-planes.png;https://www.tuconsultor.com/blog/post.html?p=2027-01-21-efqm-planes
2027-01-22;12:30;instagram;NORMAS;emas;"💙 El error más común al implantar EMAS (y cómo evitarlo).

Copiar documentación de otra empresa y esperar que cuele. El sistema debe nacer de TU actividad real, o se convierte en burocracia muerta.

📌 Artículo completo: enlace en bio.
❤️ Gestión con corazón desde 2006.

#Sostenibilidad #ESG #MedioAmbiente #TuConsultor #SistemasDeGestión #GestiónConCorazón";https://www.tuconsultor.com/social-img/emas.png;https://www.tuconsultor.com/blog/post.html?p=2027-01-22-emas
2027-01-23;12:30;instagram;EFQM;efqm-memoria;"💙 La memoria EFQM: el fallo que vemos una y otra vez.

La memoria EFQM: el error habitual es tratarlo como un trámite documental. EFQM se trabaja desde la dirección, con datos y con las personas.

📌 Artículo completo: enlace en bio.
❤️ Gestión con corazón desde 2006.

#EFQM #ModeloEFQM #Excelencia #TuConsultor #GestiónConCorazón";https://www.tuconsultor.com/social-img/efqm-memoria.png;https://www.tuconsultor.com/blog/post.html?p=2027-01-23-efqm-memoria
2027-01-24;12:30;instagram;NORMAS;huella-de-carbono;"💙 ¿Es Huella de Carbono · ISO 14064 para tu organización? Señales de que sí.

Si tus clientes (o la Administración) empiezan a pedírtelo, si has crecido y ""todo está en la cabeza de dos personas"", o si quieres diferenciarte en licitaciones: sí, es para ti.

📌 Artículo completo: enlace en bio.
❤️ Gestión con corazón desde 2006.

#Sostenibilidad #ESG #MedioAmbiente #TuConsultor #SistemasDeGestión #GestiónConCorazón";https://www.tuconsultor.com/social-img/huella-de-carbono.png;https://www.tuconsultor.com/blog/post.html?p=2027-01-24-huella-de-carbono
2027-01-25;12:30;instagram;EFQM;efqm-sello;"💙 ¿Te toca ya trabajar con el Modelo EFQM?

Sellos EFQM 300 · 400 · 500. Si tu organización ya certifica ISO y quiere dar el salto de ""cumplir"" a ""sobresalir"", el Modelo EFQM es el siguiente paso natural.

📌 Artículo completo: enlace en bio.
❤️ Gestión con corazón desde 2006.

#EFQM #ModeloEFQM #Excelencia #TuConsultor #GestiónConCorazón";https://www.tuconsultor.com/social-img/efqm-sello.png;https://www.tuconsultor.com/blog/post.html?p=2027-01-25-efqm-sello
2027-01-26;12:30;instagram;NORMAS;iso-14068;"💙 ISO 14068: el primer paso es más simple de lo que crees.

Una conversación de diagnóstico: entender tu punto de partida y dimensionar el proyecto con plazos realistas. Sin compromiso.

📌 Artículo completo: enlace en bio.
❤️ Gestión con corazón desde 2006.

#Sostenibilidad #ESG #MedioAmbiente #TuConsultor #SistemasDeGestión #GestiónConCorazón";https://www.tuconsultor.com/social-img/iso-14068.png;https://www.tuconsultor.com/blog/post.html?p=2027-01-26-iso-14068
2027-01-27;12:30;instagram;EFQM;efqm-evaluacion-externa;"💙 Evaluación externa: por dónde empezar.

Evaluación externa: Qué mirará el equipo evaluador. El primer paso es un Informe de GAP: medir la distancia entre tu gestión actual y el modelo, y decidir con datos.

📌 Artículo completo: enlace en bio.
❤️ Gestión con corazón desde 2006.

#EFQM #ModeloEFQM #Excelencia #TuConsultor #GestiónConCorazón";https://www.tuconsultor.com/social-img/efqm-evaluacion-externa.png;https://www.tuconsultor.com/blog/post.html?p=2027-01-27-efqm-evaluacion-externa
2027-01-28;12:30;instagram;NORMAS;memoria-gri;"💙 ¿Qué es Memoria GRI y para qué sirve de verdad?

Elaboramos tu memoria de sostenibilidad conforme a los estándares GRI: materialidad, indicadores y verificación externa.

📌 Artículo completo: enlace en bio.
❤️ Gestión con corazón desde 2006.

#Sostenibilidad #ESG #MedioAmbiente #TuConsultor #SistemasDeGestión #GestiónConCorazón";https://www.tuconsultor.com/social-img/memoria-gri.png;https://www.tuconsultor.com/blog/post.html?p=2027-01-28-memoria-gri
2027-01-29;12:30;instagram;EFQM;efqm-vs-iso;"💙 EFQM e ISO 9001, explicado sin humo.

EFQM e ISO 9001: Aliados, no alternativas. El Modelo EFQM 2025 no es un premio, es un marco para transformar la organización con criterio.

📌 Artículo completo: enlace en bio.
❤️ Gestión con corazón desde 2006.

#EFQM #ModeloEFQM #Excelencia #TuConsultor #GestiónConCorazón";https://www.tuconsultor.com/social-img/efqm-vs-iso.png;https://www.tuconsultor.com/blog/post.html?p=2027-01-29-efqm-vs-iso
2027-01-30;12:30;instagram;NORMAS;einf;"💙 EINF: Estado de información no financiera. Y esto es lo que gana tu organización.

Redactamos y verificamos tu Estado de Información No Financiera conforme a la Ley 11/2018, listo para el informe de gestión.

📌 Artículo completo: enlace en bio.
❤️ Gestión con corazón desde 2006.

#Sostenibilidad #ESG #MedioAmbiente #TuConsultor #SistemasDeGestión #GestiónConCorazón";https://www.tuconsultor.com/social-img/einf.png;https://www.tuconsultor.com/blog/post.html?p=2027-01-30-einf
2027-01-31;12:30;instagram;EFQM;efqm-madrid-excelente;"💙 EFQM y Madrid Excelente: lo que aporta de verdad.

EFQM y Madrid Excelente. Trabajar con el Modelo EFQM te da una foto honesta de tu gestión y una hoja de ruta priorizada — el sello es la consecuencia.

📌 Artículo completo: enlace en bio.
❤️ Gestión con corazón desde 2006.

#EFQM #ModeloEFQM #Excelencia #TuConsultor #GestiónConCorazón";https://www.tuconsultor.com/social-img/efqm-madrid-excelente.png;https://www.tuconsultor.com/blog/post.html?p=2027-01-31-efqm-madrid-excelente
2027-02-01;12:30;instagram;NORMAS;csrd;"💙 El error más común al implantar CSRD (y cómo evitarlo).

Copiar documentación de otra empresa y esperar que cuele. El sistema debe nacer de TU actividad real, o se convierte en burocracia muerta.

📌 Artículo completo: enlace en bio.
❤️ Gestión con corazón desde 2006.

#Sostenibilidad #ESG #MedioAmbiente #TuConsultor #SistemasDeGestión #GestiónConCorazón";https://www.tuconsultor.com/social-img/csrd.png;https://www.tuconsultor.com/blog/post.html?p=2027-02-01-csrd
2027-02-02;12:30;instagram;EFQM;efqm-beneficios;"💙 Por qué EFQM: el fallo que vemos una y otra vez.

Por qué EFQM: el error habitual es tratarlo como un trámite documental. EFQM se trabaja desde la dirección, con datos y con las personas.

📌 Artículo completo: enlace en bio.
❤️ Gestión con corazón desde 2006.

#EFQM #ModeloEFQM #Excelencia #TuConsultor #GestiónConCorazón";https://www.tuconsultor.com/social-img/efqm-beneficios.png;https://www.tuconsultor.com/blog/post.html?p=2027-02-02-efqm-beneficios
2027-02-03;12:30;instagram;NORMAS;esg;"💙 ¿Es ESG para tu organización? Señales de que sí.

Si tus clientes (o la Administración) empiezan a pedírtelo, si has crecido y ""todo está en la cabeza de dos personas"", o si quieres diferenciarte en licitaciones: sí, es para ti.

📌 Artículo completo: enlace en bio.
❤️ Gestión con corazón desde 2006.

#Sostenibilidad #ESG #MedioAmbiente #TuConsultor #SistemasDeGestión #GestiónConCorazón";https://www.tuconsultor.com/social-img/esg.png;https://www.tuconsultor.com/blog/post.html?p=2027-02-03-esg
2027-02-04;12:30;instagram;EFQM;efqm-mitos;"💙 ¿Te toca ya trabajar con el Modelo EFQM?

Mitos del Modelo EFQM. Si tu organización ya certifica ISO y quiere dar el salto de ""cumplir"" a ""sobresalir"", el Modelo EFQM es el siguiente paso natural.

📌 Artículo completo: enlace en bio.
❤️ Gestión con corazón desde 2006.

#EFQM #ModeloEFQM #Excelencia #TuConsultor #GestiónConCorazón";https://www.tuconsultor.com/social-img/efqm-mitos.png;https://www.tuconsultor.com/blog/post.html?p=2027-02-04-efqm-mitos
2027-02-05;12:30;instagram;NORMAS;iso-50001;"💙 ISO 50001: el primer paso es más simple de lo que crees.

Una conversación de diagnóstico: entender tu punto de partida y dimensionar el proyecto con plazos realistas. Sin compromiso.

📌 Artículo completo: enlace en bio.
❤️ Gestión con corazón desde 2006.

#Sostenibilidad #ESG #MedioAmbiente #TuConsultor #SistemasDeGestión #GestiónConCorazón";https://www.tuconsultor.com/social-img/iso-50001.png;https://www.tuconsultor.com/blog/post.html?p=2027-02-05-iso-50001
2027-02-06;12:30;instagram;EFQM;efqm-primeros-pasos;"💙 Primeros pasos con EFQM: por dónde empezar.

Primeros pasos con EFQM: Por dónde empezar sin agobiarse. El primer paso es un Informe de GAP: medir la distancia entre tu gestión actual y el modelo, y decidir con datos.

📌 Artículo completo: enlace en bio.
❤️ Gestión con corazón desde 2006.

#EFQM #ModeloEFQM #Excelencia #TuConsultor #GestiónConCorazón";https://www.tuconsultor.com/social-img/efqm-primeros-pasos.png;https://www.tuconsultor.com/blog/post.html?p=2027-02-06-efqm-primeros-pasos
2027-02-07;12:30;instagram;NORMAS;iso-14006;"💙 ¿Qué es ISO 14006 y para qué sirve de verdad?

Incorporamos el ecodiseño a tu desarrollo de producto con ISO 14006: menor impacto ambiental en todo el ciclo de vida.

📌 Artículo completo: enlace en bio.
❤️ Gestión con corazón desde 2006.

#Sostenibilidad #ESG #MedioAmbiente #TuConsultor #SistemasDeGestión #GestiónConCorazón";https://www.tuconsultor.com/social-img/iso-14006.png;https://www.tuconsultor.com/blog/post.html?p=2027-02-07-iso-14006
2027-02-08;12:30;instagram;EFQM;efqm-formacion;"💙 Formación EFQM 2025, explicado sin humo.

Formación EFQM 2025: Aprende el modelo con consultores en activo. El Modelo EFQM 2025 no es un premio, es un marco para transformar la organización con criterio.

📌 Artículo completo: enlace en bio.
❤️ Gestión con corazón desde 2006.

#EFQM #ModeloEFQM #Excelencia #TuConsultor #GestiónConCorazón";https://www.tuconsultor.com/social-img/efqm-formacion.png;https://www.tuconsultor.com/blog/post.html?p=2027-02-08-efqm-formacion
2027-02-09;12:30;instagram;NORMAS;huella-hidrica;"💙 Huella Hídrica: Gestión del agua conforme a ISO 14046. Y esto es lo que gana tu organización.

Calculamos tu huella hídrica conforme a ISO 14046 y definimos un plan de reducción y uso eficiente del agua.

📌 Artículo completo: enlace en bio.
❤️ Gestión con corazón desde 2006.

#Sostenibilidad #ESG #MedioAmbiente #TuConsultor #SistemasDeGestión #GestiónConCorazón";https://www.tuconsultor.com/social-img/huella-hidrica.png;https://www.tuconsultor.com/blog/post.html?p=2027-02-09-huella-hidrica
2027-02-10;12:30;instagram;EFQM;efqm-modelo-2025;"💙 El Modelo EFQM 2025: lo que aporta de verdad.

El Modelo EFQM 2025. Trabajar con el Modelo EFQM te da una foto honesta de tu gestión y una hoja de ruta priorizada — el sello es la consecuencia.

📌 Artículo completo: enlace en bio.
❤️ Gestión con corazón desde 2006.

#EFQM #ModeloEFQM #Excelencia #TuConsultor #GestiónConCorazón";https://www.tuconsultor.com/social-img/efqm-modelo-2025.png;https://www.tuconsultor.com/blog/post.html?p=2027-02-10-efqm-modelo-2025
2027-02-11;12:30;instagram;NORMAS;movilidad-sostenible;"💙 El error más común al implantar Plan de Movilidad Sostenible (y cómo evitarlo).

Copiar documentación de otra empresa y esperar que cuele. El sistema debe nacer de TU actividad real, o se convierte en burocracia muerta.

📌 Artículo completo: enlace en bio.
❤️ Gestión con corazón desde 2006.

#Sostenibilidad #ESG #MedioAmbiente #TuConsultor #SistemasDeGestión #GestiónConCorazón";https://www.tuconsultor.com/social-img/movilidad-sostenible.png;https://www.tuconsultor.com/blog/post.html?p=2027-02-11-movilidad-sostenible
2027-02-12;12:30;instagram;EFQM;efqm-direccion;"💙 Dimensión Dirección: el fallo que vemos una y otra vez.

Dimensión Dirección: el error habitual es tratarlo como un trámite documental. EFQM se trabaja desde la dirección, con datos y con las personas.

📌 Artículo completo: enlace en bio.
❤️ Gestión con corazón desde 2006.

#EFQM #ModeloEFQM #Excelencia #TuConsultor #GestiónConCorazón";https://www.tuconsultor.com/social-img/efqm-direccion.png;https://www.tuconsultor.com/blog/post.html?p=2027-02-12-efqm-direccion
2027-02-13;12:30;instagram;NORMAS;pacto-mundial;"💙 ¿Es Pacto Mundial para tu organización? Señales de que sí.

Si tus clientes (o la Administración) empiezan a pedírtelo, si has crecido y ""todo está en la cabeza de dos personas"", o si quieres diferenciarte en licitaciones: sí, es para ti.

📌 Artículo completo: enlace en bio.
❤️ Gestión con corazón desde 2006.

#Sostenibilidad #ESG #MedioAmbiente #TuConsultor #SistemasDeGestión #GestiónConCorazón";https://www.tuconsultor.com/social-img/pacto-mundial.png;https://www.tuconsultor.com/blog/post.html?p=2027-02-13-pacto-mundial
2027-02-14;12:30;instagram;EFQM;efqm-ejecucion;"💙 ¿Te toca ya trabajar con el Modelo EFQM?

Dimensión Ejecución. Si tu organización ya certifica ISO y quiere dar el salto de ""cumplir"" a ""sobresalir"", el Modelo EFQM es el siguiente paso natural.

📌 Artículo completo: enlace en bio.
❤️ Gestión con corazón desde 2006.

#EFQM #ModeloEFQM #Excelencia #TuConsultor #GestiónConCorazón";https://www.tuconsultor.com/social-img/efqm-ejecucion.png;https://www.tuconsultor.com/blog/post.html?p=2027-02-14-efqm-ejecucion
2027-02-15;12:30;instagram;NORMAS;economia-circular;"💙 Economía Circular: el primer paso es más simple de lo que crees.

Una conversación de diagnóstico: entender tu punto de partida y dimensionar el proyecto con plazos realistas. Sin compromiso.

📌 Artículo completo: enlace en bio.
❤️ Gestión con corazón desde 2006.

#Sostenibilidad #ESG #MedioAmbiente #TuConsultor #SistemasDeGestión #GestiónConCorazón";https://www.tuconsultor.com/social-img/economia-circular.png;https://www.tuconsultor.com/blog/post.html?p=2027-02-15-economia-circular
2027-02-16;12:30;instagram;EFQM;efqm-resultados;"💙 Dimensión Resultados: por dónde empezar.

Dimensión Resultados: Lo que consigues y cómo lo demuestras. El primer paso es un Informe de GAP: medir la distancia entre tu gestión actual y el modelo, y decidir con datos.

📌 Artículo completo: enlace en bio.
❤️ Gestión con corazón desde 2006.

#EFQM #ModeloEFQM #Excelencia #TuConsultor #GestiónConCorazón";https://www.tuconsultor.com/social-img/efqm-resultados.png;https://www.tuconsultor.com/blog/post.html?p=2027-02-16-efqm-resultados
2027-02-17;12:30;instagram;NORMAS;iso-27001;"💙 ¿Qué es ISO 27001 y para qué sirve de verdad?

Implantamos tu SGSI ISO 27001 con análisis de riesgos, controles del Anexo A y acompañamiento completo hasta la certificación.

📌 Artículo completo: enlace en bio.
❤️ Gestión con corazón desde 2006.

#Ciberseguridad #ISO27001 #ENS #TuConsultor #SistemasDeGestión #GestiónConCorazón";https://www.tuconsultor.com/social-img/iso-27001.png;https://www.tuconsultor.com/blog/post.html?p=2027-02-17-iso-27001
2027-02-18;12:30;instagram;EFQM;efqm-criterio1;"💙 Propósito, visión y estrategia, explicado sin humo.

Propósito, visión y estrategia: Criterio 1 del Modelo EFQM. El Modelo EFQM 2025 no es un premio, es un marco para transformar la organización con criterio.

📌 Artículo completo: enlace en bio.
❤️ Gestión con corazón desde 2006.

#EFQM #ModeloEFQM #Excelencia #TuConsultor #GestiónConCorazón";https://www.tuconsultor.com/social-img/efqm-criterio1.png;https://www.tuconsultor.com/blog/post.html?p=2027-02-18-efqm-criterio1
2027-02-19;12:30;instagram;NORMAS;ens;"💙 Esquema Nacional de Seguridad: Requisito para trabajar con la Administración. Y esto es lo que gana tu organización.

Adecuamos tu organización al ENS (RD 311/2022) y te acompañamos hasta la certificación: categorización, declaración de aplicabilidad y auditoría.

📌 Artículo completo: enlace en bio.
❤️ Gestión con corazón desde 2006.

#Ciberseguridad #ISO27001 #ENS #TuConsultor #SistemasDeGestión #GestiónConCorazón";https://www.tuconsultor.com/social-img/ens.png;https://www.tuconsultor.com/blog/post.html?p=2027-02-19-ens
2027-02-20;12:30;instagram;EFQM;efqm-criterio2;"💙 Cultura y liderazgo: lo que aporta de verdad.

Cultura y liderazgo. Trabajar con el Modelo EFQM te da una foto honesta de tu gestión y una hoja de ruta priorizada — el sello es la consecuencia.

📌 Artículo completo: enlace en bio.
❤️ Gestión con corazón desde 2006.

#EFQM #ModeloEFQM #Excelencia #TuConsultor #GestiónConCorazón";https://www.tuconsultor.com/social-img/efqm-criterio2.png;https://www.tuconsultor.com/blog/post.html?p=2027-02-20-efqm-criterio2
2027-02-21;12:30;instagram;NORMAS;eni;"💙 El error más común al implantar Esquema Nacional de Interoperabilidad (y cómo evitarlo).

Copiar documentación de otra empresa y esperar que cuele. El sistema debe nacer de TU actividad real, o se convierte en burocracia muerta.

📌 Artículo completo: enlace en bio.
❤️ Gestión con corazón desde 2006.

#Ciberseguridad #ISO27001 #ENS #TuConsultor #SistemasDeGestión #GestiónConCorazón";https://www.tuconsultor.com/social-img/eni.png;https://www.tuconsultor.com/blog/post.html?p=2027-02-21-eni
2027-02-22;12:30;instagram;EFQM;efqm-criterio3;"💙 Implicar a los grupos de interés: el fallo que vemos una y otra vez.

Implicar a los grupos de interés: el error habitual es tratarlo como un trámite documental. EFQM se trabaja desde la dirección, con datos y con las personas.

📌 Artículo completo: enlace en bio.
❤️ Gestión con corazón desde 2006.

#EFQM #ModeloEFQM #Excelencia #TuConsultor #GestiónConCorazón";https://www.tuconsultor.com/social-img/efqm-criterio3.png;https://www.tuconsultor.com/blog/post.html?p=2027-02-22-efqm-criterio3
2027-02-23;12:30;instagram;NORMAS;iso-22301;"💙 ¿Es ISO 22301 para tu organización? Señales de que sí.

Si tus clientes (o la Administración) empiezan a pedírtelo, si has crecido y ""todo está en la cabeza de dos personas"", o si quieres diferenciarte en licitaciones: sí, es para ti.

📌 Artículo completo: enlace en bio.
❤️ Gestión con corazón desde 2006.

#Ciberseguridad #ISO27001 #ENS #TuConsultor #SistemasDeGestión #GestiónConCorazón";https://www.tuconsultor.com/social-img/iso-22301.png;https://www.tuconsultor.com/blog/post.html?p=2027-02-23-iso-22301
2027-02-24;12:30;instagram;EFQM;efqm-criterio4;"💙 ¿Te toca ya trabajar con el Modelo EFQM?

Crear valor sostenible. Si tu organización ya certifica ISO y quiere dar el salto de ""cumplir"" a ""sobresalir"", el Modelo EFQM es el siguiente paso natural.

📌 Artículo completo: enlace en bio.
❤️ Gestión con corazón desde 2006.

#EFQM #ModeloEFQM #Excelencia #TuConsultor #GestiónConCorazón";https://www.tuconsultor.com/social-img/efqm-criterio4.png;https://www.tuconsultor.com/blog/post.html?p=2027-02-24-efqm-criterio4
2027-02-25;12:30;instagram;NORMAS;plan-director-seguridad;"💙 Plan Director de Seguridad: el primer paso es más simple de lo que crees.

Una conversación de diagnóstico: entender tu punto de partida y dimensionar el proyecto con plazos realistas. Sin compromiso.

📌 Artículo completo: enlace en bio.
❤️ Gestión con corazón desde 2006.

#Ciberseguridad #ISO27001 #ENS #TuConsultor #SistemasDeGestión #GestiónConCorazón";https://www.tuconsultor.com/social-img/plan-director-seguridad.png;https://www.tuconsultor.com/blog/post.html?p=2027-02-25-plan-director-seguridad
2027-02-26;12:30;instagram;EFQM;efqm-criterio5;"💙 Funcionamiento y transformación: por dónde empezar.

Funcionamiento y transformación: Criterio 5 del Modelo EFQM. El primer paso es un Informe de GAP: medir la distancia entre tu gestión actual y el modelo, y decidir con datos.

📌 Artículo completo: enlace en bio.
❤️ Gestión con corazón desde 2006.

#EFQM #ModeloEFQM #Excelencia #TuConsultor #GestiónConCorazón";https://www.tuconsultor.com/social-img/efqm-criterio5.png;https://www.tuconsultor.com/blog/post.html?p=2027-02-26-efqm-criterio5
2027-02-27;12:30;instagram;NORMAS;hacking-etico;"💙 ¿Qué es Hacking Ético y para qué sirve de verdad?

Auditorías de hacking ético sobre tus sistemas y aplicaciones, con informe ejecutivo y plan de remediación priorizado.

📌 Artículo completo: enlace en bio.
❤️ Gestión con corazón desde 2006.

#Ciberseguridad #ISO27001 #ENS #TuConsultor #SistemasDeGestión #GestiónConCorazón";https://www.tuconsultor.com/social-img/hacking-etico.png;https://www.tuconsultor.com/blog/post.html?p=2027-02-27-hacking-etico
2027-02-28;12:30;instagram;EFQM;efqm-criterio6;"💙 Percepción de los grupos de interés, explicado sin humo.

Percepción de los grupos de interés: Criterio 6 del Modelo EFQM. El Modelo EFQM 2025 no es un premio, es un marco para transformar la organización con criterio.

📌 Artículo completo: enlace en bio.
❤️ Gestión con corazón desde 2006.

#EFQM #ModeloEFQM #Excelencia #TuConsultor #GestiónConCorazón";https://www.tuconsultor.com/social-img/efqm-criterio6.png;https://www.tuconsultor.com/blog/post.html?p=2027-02-28-efqm-criterio6
2027-03-01;12:30;instagram;NORMAS;test-de-intrusion;"💙 Test de Intrusión: Pentesting interno y externo. Y esto es lo que gana tu organización.

Tests de intrusión controlados sobre infraestructura, web y wifi para verificar la efectividad real de tus defensas.

📌 Artículo completo: enlace en bio.
❤️ Gestión con corazón desde 2006.

#Ciberseguridad #ISO27001 #ENS #TuConsultor #SistemasDeGestión #GestiónConCorazón";https://www.tuconsultor.com/social-img/test-de-intrusion.png;https://www.tuconsultor.com/blog/post.html?p=2027-03-01-test-de-intrusion
2027-03-02;12:30;instagram;EFQM;efqm-criterio7;"💙 Rendimiento estratégico y operativo: lo que aporta de verdad.

Rendimiento estratégico y operativo. Trabajar con el Modelo EFQM te da una foto honesta de tu gestión y una hoja de ruta priorizada — el sello es la consecuencia.

📌 Artículo completo: enlace en bio.
❤️ Gestión con corazón desde 2006.

#EFQM #ModeloEFQM #Excelencia #TuConsultor #GestiónConCorazón";https://www.tuconsultor.com/social-img/efqm-criterio7.png;https://www.tuconsultor.com/blog/post.html?p=2027-03-02-efqm-criterio7
2027-03-03;12:30;instagram;NORMAS;bia;"💙 El error más común al implantar Análisis de Impacto de Negocio (BIA) (y cómo evitarlo).

Copiar documentación de otra empresa y esperar que cuele. El sistema debe nacer de TU actividad real, o se convierte en burocracia muerta.

📌 Artículo completo: enlace en bio.
❤️ Gestión con corazón desde 2006.

#Ciberseguridad #ISO27001 #ENS #TuConsultor #SistemasDeGestión #GestiónConCorazón";https://www.tuconsultor.com/social-img/bia.png;https://www.tuconsultor.com/blog/post.html?p=2027-03-03-bia
2027-03-04;12:30;instagram;EFQM;efqm-radar;"💙 La lógica RADAR: el fallo que vemos una y otra vez.

La lógica RADAR: el error habitual es tratarlo como un trámite documental. EFQM se trabaja desde la dirección, con datos y con las personas.

📌 Artículo completo: enlace en bio.
❤️ Gestión con corazón desde 2006.

#EFQM #ModeloEFQM #Excelencia #TuConsultor #GestiónConCorazón";https://www.tuconsultor.com/social-img/efqm-radar.png;https://www.tuconsultor.com/blog/post.html?p=2027-03-04-efqm-radar
2027-03-05;12:30;instagram;NORMAS;pci-dss;"💙 ¿Es PCI DSS para tu organización? Señales de que sí.

Si tus clientes (o la Administración) empiezan a pedírtelo, si has crecido y ""todo está en la cabeza de dos personas"", o si quieres diferenciarte en licitaciones: sí, es para ti.

📌 Artículo completo: enlace en bio.
❤️ Gestión con corazón desde 2006.

#Ciberseguridad #ISO27001 #ENS #TuConsultor #SistemasDeGestión #GestiónConCorazón";https://www.tuconsultor.com/social-img/pci-dss.png;https://www.tuconsultor.com/blog/post.html?p=2027-03-05-pci-dss
2027-03-06;12:30;instagram;EFQM;efqm-gap;"💙 ¿Te toca ya trabajar con el Modelo EFQM?

Informe de GAP. Si tu organización ya certifica ISO y quiere dar el salto de ""cumplir"" a ""sobresalir"", el Modelo EFQM es el siguiente paso natural.

📌 Artículo completo: enlace en bio.
❤️ Gestión con corazón desde 2006.

#EFQM #ModeloEFQM #Excelencia #TuConsultor #GestiónConCorazón";https://www.tuconsultor.com/social-img/efqm-gap.png;https://www.tuconsultor.com/blog/post.html?p=2027-03-06-efqm-gap
2027-03-07;12:30;instagram;NORMAS;rgpd;"💙 RGPD y LOPDGDD: el primer paso es más simple de lo que crees.

Una conversación de diagnóstico: entender tu punto de partida y dimensionar el proyecto con plazos realistas. Sin compromiso.

📌 Artículo completo: enlace en bio.
❤️ Gestión con corazón desde 2006.

#Ciberseguridad #ISO27001 #ENS #TuConsultor #SistemasDeGestión #GestiónConCorazón";https://www.tuconsultor.com/social-img/rgpd.png;https://www.tuconsultor.com/blog/post.html?p=2027-03-07-rgpd
2027-03-08;12:30;instagram;EFQM;efqm-autoevaluacion;"💙 Autoevaluación EFQM: por dónde empezar.

Autoevaluación EFQM: El espejo honesto de tu organización. El primer paso es un Informe de GAP: medir la distancia entre tu gestión actual y el modelo, y decidir con datos.

📌 Artículo completo: enlace en bio.
❤️ Gestión con corazón desde 2006.

#EFQM #ModeloEFQM #Excelencia #TuConsultor #GestiónConCorazón";https://www.tuconsultor.com/social-img/efqm-autoevaluacion.png;https://www.tuconsultor.com/blog/post.html?p=2027-03-08-efqm-autoevaluacion
2027-03-09;12:30;instagram;NORMAS;iso-27701;"💙 ¿Qué es ISO 27701 y para qué sirve de verdad?

Extendemos tu ISO 27001 a la privacidad con ISO 27701: el sistema de gestión que evidencia tu cumplimiento del RGPD.

📌 Artículo completo: enlace en bio.
❤️ Gestión con corazón desde 2006.

#Ciberseguridad #ISO27001 #ENS #TuConsultor #SistemasDeGestión #GestiónConCorazón";https://www.tuconsultor.com/social-img/iso-27701.png;https://www.tuconsultor.com/blog/post.html?p=2027-03-09-iso-27701
2027-03-10;12:30;instagram;EFQM;efqm-planes;"💙 Planes de acción, explicado sin humo.

Planes de acción: Convertir la evaluación en mejora real. El Modelo EFQM 2025 no es un premio, es un marco para transformar la organización con criterio.

📌 Artículo completo: enlace en bio.
❤️ Gestión con corazón desde 2006.

#EFQM #ModeloEFQM #Excelencia #TuConsultor #GestiónConCorazón";https://www.tuconsultor.com/social-img/efqm-planes.png;https://www.tuconsultor.com/blog/post.html?p=2027-03-10-efqm-planes
2027-03-11;12:30;instagram;NORMAS;nis2;"💙 NIS2: La nueva directiva europea de ciberseguridad. Y esto es lo que gana tu organización.

Evaluamos si te aplica la directiva NIS2, analizamos brechas y te adecuamos: gobernanza, gestión de riesgos, notificación de incidentes y cadena de suministro.

📌 Artículo completo: enlace en bio.
❤️ Gestión con corazón desde 2006.

#Ciberseguridad #ISO27001 #ENS #TuConsultor #SistemasDeGestión #GestiónConCorazón";https://www.tuconsultor.com/social-img/nis2.png;https://www.tuconsultor.com/blog/post.html?p=2027-03-11-nis2
2027-03-12;12:30;instagram;EFQM;efqm-memoria;"💙 La memoria EFQM: lo que aporta de verdad.

La memoria EFQM. Trabajar con el Modelo EFQM te da una foto honesta de tu gestión y una hoja de ruta priorizada — el sello es la consecuencia.

📌 Artículo completo: enlace en bio.
❤️ Gestión con corazón desde 2006.

#EFQM #ModeloEFQM #Excelencia #TuConsultor #GestiónConCorazón";https://www.tuconsultor.com/social-img/efqm-memoria.png;https://www.tuconsultor.com/blog/post.html?p=2027-03-12-efqm-memoria
2027-03-13;12:30;instagram;NORMAS;une-19601;"💙 El error más común al implantar UNE 19601 (y cómo evitarlo).

Copiar documentación de otra empresa y esperar que cuele. El sistema debe nacer de TU actividad real, o se convierte en burocracia muerta.

📌 Artículo completo: enlace en bio.
❤️ Gestión con corazón desde 2006.

#Compliance #Cumplimiento #TuConsultor #SistemasDeGestión #GestiónConCorazón";https://www.tuconsultor.com/social-img/une-19601.png;https://www.tuconsultor.com/blog/post.html?p=2027-03-13-une-19601
2027-03-14;12:30;instagram;EFQM;efqm-sello;"💙 Sellos EFQM 300 · 400 · 500: el fallo que vemos una y otra vez.

Sellos EFQM 300 · 400 · 500: el error habitual es tratarlo como un trámite documental. EFQM se trabaja desde la dirección, con datos y con las personas.

📌 Artículo completo: enlace en bio.
❤️ Gestión con corazón desde 2006.

#EFQM #ModeloEFQM #Excelencia #TuConsultor #GestiónConCorazón";https://www.tuconsultor.com/social-img/efqm-sello.png;https://www.tuconsultor.com/blog/post.html?p=2027-03-14-efqm-sello
2027-03-15;12:30;instagram;NORMAS;iso-37001;"💙 ¿Es ISO 37001 para tu organización? Señales de que sí.

Si tus clientes (o la Administración) empiezan a pedírtelo, si has crecido y ""todo está en la cabeza de dos personas"", o si quieres diferenciarte en licitaciones: sí, es para ti.

📌 Artículo completo: enlace en bio.
❤️ Gestión con corazón desde 2006.

#Compliance #Cumplimiento #TuConsultor #SistemasDeGestión #GestiónConCorazón";https://www.tuconsultor.com/social-img/iso-37001.png;https://www.tuconsultor.com/blog/post.html?p=2027-03-15-iso-37001
2027-03-16;12:30;instagram;EFQM;efqm-evaluacion-externa;"💙 ¿Te toca ya trabajar con el Modelo EFQM?

Evaluación externa. Si tu organización ya certifica ISO y quiere dar el salto de ""cumplir"" a ""sobresalir"", el Modelo EFQM es el siguiente paso natural.

📌 Artículo completo: enlace en bio.
❤️ Gestión con corazón desde 2006.

#EFQM #ModeloEFQM #Excelencia #TuConsultor #GestiónConCorazón";https://www.tuconsultor.com/social-img/efqm-evaluacion-externa.png;https://www.tuconsultor.com/blog/post.html?p=2027-03-16-efqm-evaluacion-externa
2027-03-17;12:30;instagram;NORMAS;iso-37301;"💙 ISO 37301: el primer paso es más simple de lo que crees.

Una conversación de diagnóstico: entender tu punto de partida y dimensionar el proyecto con plazos realistas. Sin compromiso.

📌 Artículo completo: enlace en bio.
❤️ Gestión con corazón desde 2006.

#Compliance #Cumplimiento #TuConsultor #SistemasDeGestión #GestiónConCorazón";https://www.tuconsultor.com/social-img/iso-37301.png;https://www.tuconsultor.com/blog/post.html?p=2027-03-17-iso-37301
2027-03-18;12:30;instagram;EFQM;efqm-vs-iso;"💙 EFQM e ISO 9001: por dónde empezar.

EFQM e ISO 9001: Aliados, no alternativas. El primer paso es un Informe de GAP: medir la distancia entre tu gestión actual y el modelo, y decidir con datos.

📌 Artículo completo: enlace en bio.
❤️ Gestión con corazón desde 2006.

#EFQM #ModeloEFQM #Excelencia #TuConsultor #GestiónConCorazón";https://www.tuconsultor.com/social-img/efqm-vs-iso.png;https://www.tuconsultor.com/blog/post.html?p=2027-03-18-efqm-vs-iso
2027-03-19;12:30;instagram;NORMAS;une-19602;"💙 ¿Qué es UNE 19602 y para qué sirve de verdad?

Sistema de gestión de compliance tributario UNE 19602: buenas prácticas fiscales y evidencia de diligencia ante la Administración.

📌 Artículo completo: enlace en bio.
❤️ Gestión con corazón desde 2006.

#Compliance #Cumplimiento #TuConsultor #SistemasDeGestión #GestiónConCorazón";https://www.tuconsultor.com/social-img/une-19602.png;https://www.tuconsultor.com/blog/post.html?p=2027-03-19-une-19602
2027-03-20;12:30;instagram;EFQM;efqm-madrid-excelente;"💙 EFQM y Madrid Excelente, explicado sin humo.

EFQM y Madrid Excelente: Dos reconocimientos que se potencian. El Modelo EFQM 2025 no es un premio, es un marco para transformar la organización con criterio.

📌 Artículo completo: enlace en bio.
❤️ Gestión con corazón desde 2006.

#EFQM #ModeloEFQM #Excelencia #TuConsultor #GestiónConCorazón";https://www.tuconsultor.com/social-img/efqm-madrid-excelente.png;https://www.tuconsultor.com/blog/post.html?p=2027-03-20-efqm-madrid-excelente
2027-03-21;12:30;instagram;NORMAS;canal-de-denuncias;"💙 Canal de Denuncias: Sistema interno de información · Ley 2/2023. Y esto es lo que gana tu organización.

Implantamos tu sistema interno de información conforme a la Ley 2/2023: canal, procedimiento, responsable y garantías para el informante.

📌 Artículo completo: enlace en bio.
❤️ Gestión con corazón desde 2006.

#Compliance #Cumplimiento #TuConsultor #SistemasDeGestión #GestiónConCorazón";https://www.tuconsultor.com/social-img/canal-de-denuncias.png;https://www.tuconsultor.com/blog/post.html?p=2027-03-21-canal-de-denuncias
2027-03-22;12:30;instagram;EFQM;efqm-beneficios;"💙 Por qué EFQM: lo que aporta de verdad.

Por qué EFQM. Trabajar con el Modelo EFQM te da una foto honesta de tu gestión y una hoja de ruta priorizada — el sello es la consecuencia.

📌 Artículo completo: enlace en bio.
❤️ Gestión con corazón desde 2006.

#EFQM #ModeloEFQM #Excelencia #TuConsultor #GestiónConCorazón";https://www.tuconsultor.com/social-img/efqm-beneficios.png;https://www.tuconsultor.com/blog/post.html?p=2027-03-22-efqm-beneficios
2027-03-23;12:30;instagram;NORMAS;prevencion-blanqueo;"💙 El error más común al implantar Prevención de Blanqueo de Capitales (y cómo evitarlo).

Copiar documentación de otra empresa y esperar que cuele. El sistema debe nacer de TU actividad real, o se convierte en burocracia muerta.

📌 Artículo completo: enlace en bio.
❤️ Gestión con corazón desde 2006.

#Compliance #Cumplimiento #TuConsultor #SistemasDeGestión #GestiónConCorazón";https://www.tuconsultor.com/social-img/prevencion-blanqueo.png;https://www.tuconsultor.com/blog/post.html?p=2027-03-23-prevencion-blanqueo
2027-03-24;12:30;instagram;EFQM;efqm-mitos;"💙 Mitos del Modelo EFQM: el fallo que vemos una y otra vez.

Mitos del Modelo EFQM: el error habitual es tratarlo como un trámite documental. EFQM se trabaja desde la dirección, con datos y con las personas.

📌 Artículo completo: enlace en bio.
❤️ Gestión con corazón desde 2006.

#EFQM #ModeloEFQM #Excelencia #TuConsultor #GestiónConCorazón";https://www.tuconsultor.com/social-img/efqm-mitos.png;https://www.tuconsultor.com/blog/post.html?p=2027-03-24-efqm-mitos
2027-03-25;12:30;instagram;NORMAS;informes-soc;"💙 ¿Es Informes SOC para tu organización? Señales de que sí.

Si tus clientes (o la Administración) empiezan a pedírtelo, si has crecido y ""todo está en la cabeza de dos personas"", o si quieres diferenciarte en licitaciones: sí, es para ti.

📌 Artículo completo: enlace en bio.
❤️ Gestión con corazón desde 2006.

#Compliance #Cumplimiento #TuConsultor #SistemasDeGestión #GestiónConCorazón";https://www.tuconsultor.com/social-img/informes-soc.png;https://www.tuconsultor.com/blog/post.html?p=2027-03-25-informes-soc
2027-03-26;12:30;instagram;EFQM;efqm-primeros-pasos;"💙 ¿Te toca ya trabajar con el Modelo EFQM?

Primeros pasos con EFQM. Si tu organización ya certifica ISO y quiere dar el salto de ""cumplir"" a ""sobresalir"", el Modelo EFQM es el siguiente paso natural.

📌 Artículo completo: enlace en bio.
❤️ Gestión con corazón desde 2006.

#EFQM #ModeloEFQM #Excelencia #TuConsultor #GestiónConCorazón";https://www.tuconsultor.com/social-img/efqm-primeros-pasos.png;https://www.tuconsultor.com/blog/post.html?p=2027-03-26-efqm-primeros-pasos
2027-03-27;12:30;instagram;NORMAS;gobierno-corporativo;"💙 Gobierno Corporativo: el primer paso es más simple de lo que crees.

Una conversación de diagnóstico: entender tu punto de partida y dimensionar el proyecto con plazos realistas. Sin compromiso.

📌 Artículo completo: enlace en bio.
❤️ Gestión con corazón desde 2006.

#Compliance #Cumplimiento #TuConsultor #SistemasDeGestión #GestiónConCorazón";https://www.tuconsultor.com/social-img/gobierno-corporativo.png;https://www.tuconsultor.com/blog/post.html?p=2027-03-27-gobierno-corporativo
2027-03-28;12:30;instagram;EFQM;efqm-formacion;"💙 Formación EFQM 2025: por dónde empezar.

Formación EFQM 2025: Aprende el modelo con consultores en activo. El primer paso es un Informe de GAP: medir la distancia entre tu gestión actual y el modelo, y decidir con datos.

📌 Artículo completo: enlace en bio.
❤️ Gestión con corazón desde 2006.

#EFQM #ModeloEFQM #Excelencia #TuConsultor #GestiónConCorazón";https://www.tuconsultor.com/social-img/efqm-formacion.png;https://www.tuconsultor.com/blog/post.html?p=2027-03-28-efqm-formacion
2027-03-29;12:30;instagram;NORMAS;proteccion-datos-compliance;"💙 ¿Qué es Compliance de Protección de Datos y para qué sirve de verdad?

Integramos la protección de datos en tu programa de compliance: políticas, auditoría periódica y coordinación con el DPD.

📌 Artículo completo: enlace en bio.
❤️ Gestión con corazón desde 2006.

#Compliance #Cumplimiento #TuConsultor #SistemasDeGestión #GestiónConCorazón";https://www.tuconsultor.com/social-img/proteccion-datos-compliance.png;https://www.tuconsultor.com/blog/post.html?p=2027-03-29-proteccion-datos-compliance
2027-03-30;12:30;instagram;EFQM;efqm-modelo-2025;"💙 El Modelo EFQM 2025, explicado sin humo.

El Modelo EFQM 2025: La brújula de la transformación organizacional. El Modelo EFQM 2025 no es un premio, es un marco para transformar la organización con criterio.

📌 Artículo completo: enlace en bio.
❤️ Gestión con corazón desde 2006.

#EFQM #ModeloEFQM #Excelencia #TuConsultor #GestiónConCorazón";https://www.tuconsultor.com/social-img/efqm-modelo-2025.png;https://www.tuconsultor.com/blog/post.html?p=2027-03-30-efqm-modelo-2025
2027-03-31;12:30;instagram;NORMAS;iso-45001;"💙 ISO 45001: Seguridad y salud en el trabajo. Y esto es lo que gana tu organización.

Sistema de gestión de seguridad y salud ISO 45001 integrado con tu prevención: menos incidentes y obligaciones bajo control.

📌 Artículo completo: enlace en bio.
❤️ Gestión con corazón desde 2006.

#PersonasYCultura #SeguridadLaboral #Igualdad #TuConsultor #SistemasDeGestión #GestiónConCorazón";https://www.tuconsultor.com/social-img/iso-45001.png;https://www.tuconsultor.com/blog/post.html?p=2027-03-31-iso-45001
2027-04-01;12:30;instagram;EFQM;efqm-direccion;"💙 Dimensión Dirección: lo que aporta de verdad.

Dimensión Dirección. Trabajar con el Modelo EFQM te da una foto honesta de tu gestión y una hoja de ruta priorizada — el sello es la consecuencia.

📌 Artículo completo: enlace en bio.
❤️ Gestión con corazón desde 2006.

#EFQM #ModeloEFQM #Excelencia #TuConsultor #GestiónConCorazón";https://www.tuconsultor.com/social-img/efqm-direccion.png;https://www.tuconsultor.com/blog/post.html?p=2027-04-01-efqm-direccion
2027-04-02;12:30;instagram;NORMAS;empresa-saludable;"💙 El error más común al implantar Empresa Saludable (y cómo evitarlo).

Copiar documentación de otra empresa y esperar que cuele. El sistema debe nacer de TU actividad real, o se convierte en burocracia muerta.

📌 Artículo completo: enlace en bio.
❤️ Gestión con corazón desde 2006.

#PersonasYCultura #SeguridadLaboral #Igualdad #TuConsultor #SistemasDeGestión #GestiónConCorazón";https://www.tuconsultor.com/social-img/empresa-saludable.png;https://www.tuconsultor.com/blog/post.html?p=2027-04-02-empresa-saludable
2027-04-03;12:30;instagram;EFQM;efqm-ejecucion;"💙 Dimensión Ejecución: el fallo que vemos una y otra vez.

Dimensión Ejecución: el error habitual es tratarlo como un trámite documental. EFQM se trabaja desde la dirección, con datos y con las personas.

📌 Artículo completo: enlace en bio.
❤️ Gestión con corazón desde 2006.

#EFQM #ModeloEFQM #Excelencia #TuConsultor #GestiónConCorazón";https://www.tuconsultor.com/social-img/efqm-ejecucion.png;https://www.tuconsultor.com/blog/post.html?p=2027-04-03-efqm-ejecucion
2027-04-04;12:30;instagram;NORMAS;efr;"💙 ¿Es EFR para tu organización? Señales de que sí.

Si tus clientes (o la Administración) empiezan a pedírtelo, si has crecido y ""todo está en la cabeza de dos personas"", o si quieres diferenciarte en licitaciones: sí, es para ti.

📌 Artículo completo: enlace en bio.
❤️ Gestión con corazón desde 2006.

#PersonasYCultura #SeguridadLaboral #Igualdad #TuConsultor #SistemasDeGestión #GestiónConCorazón";https://www.tuconsultor.com/social-img/efr.png;https://www.tuconsultor.com/blog/post.html?p=2027-04-04-efr
2027-04-05;12:30;instagram;EFQM;efqm-resultados;"💙 ¿Te toca ya trabajar con el Modelo EFQM?

Dimensión Resultados. Si tu organización ya certifica ISO y quiere dar el salto de ""cumplir"" a ""sobresalir"", el Modelo EFQM es el siguiente paso natural.

📌 Artículo completo: enlace en bio.
❤️ Gestión con corazón desde 2006.

#EFQM #ModeloEFQM #Excelencia #TuConsultor #GestiónConCorazón";https://www.tuconsultor.com/social-img/efqm-resultados.png;https://www.tuconsultor.com/blog/post.html?p=2027-04-05-efqm-resultados
2027-04-06;12:30;instagram;NORMAS;plan-de-igualdad;"💙 Plan de Igualdad: el primer paso es más simple de lo que crees.

Una conversación de diagnóstico: entender tu punto de partida y dimensionar el proyecto con plazos realistas. Sin compromiso.

📌 Artículo completo: enlace en bio.
❤️ Gestión con corazón desde 2006.

#PersonasYCultura #SeguridadLaboral #Igualdad #TuConsultor #SistemasDeGestión #GestiónConCorazón";https://www.tuconsultor.com/social-img/plan-de-igualdad.png;https://www.tuconsultor.com/blog/post.html?p=2027-04-06-plan-de-igualdad
2027-04-07;12:30;instagram;EFQM;efqm-criterio1;"💙 Propósito, visión y estrategia: por dónde empezar.

Propósito, visión y estrategia: Criterio 1 del Modelo EFQM. El primer paso es un Informe de GAP: medir la distancia entre tu gestión actual y el modelo, y decidir con datos.

📌 Artículo completo: enlace en bio.
❤️ Gestión con corazón desde 2006.

#EFQM #ModeloEFQM #Excelencia #TuConsultor #GestiónConCorazón";https://www.tuconsultor.com/social-img/efqm-criterio1.png;https://www.tuconsultor.com/blog/post.html?p=2027-04-07-efqm-criterio1
2027-04-08;12:30;instagram;NORMAS;protocolo-acoso;"💙 ¿Qué es Protocolo de Acoso y para qué sirve de verdad?

Elaboramos e implantamos tu protocolo frente al acoso sexual y por razón de sexo, con formación y procedimiento de actuación.

📌 Artículo completo: enlace en bio.
❤️ Gestión con corazón desde 2006.

#PersonasYCultura #SeguridadLaboral #Igualdad #TuConsultor #SistemasDeGestión #GestiónConCorazón";https://www.tuconsultor.com/social-img/protocolo-acoso.png;https://www.tuconsultor.com/blog/post.html?p=2027-04-08-protocolo-acoso
2027-04-09;12:30;instagram;EFQM;efqm-criterio2;"💙 Cultura y liderazgo, explicado sin humo.

Cultura y liderazgo: Criterio 2 del Modelo EFQM. El Modelo EFQM 2025 no es un premio, es un marco para transformar la organización con criterio.

📌 Artículo completo: enlace en bio.
❤️ Gestión con corazón desde 2006.

#EFQM #ModeloEFQM #Excelencia #TuConsultor #GestiónConCorazón";https://www.tuconsultor.com/social-img/efqm-criterio2.png;https://www.tuconsultor.com/blog/post.html?p=2027-04-09-efqm-criterio2
2027-04-10;12:30;instagram;NORMAS;desconexion-digital;"💙 Desconexión Digital: Política de desconexión conforme a la ley. Y esto es lo que gana tu organización.

Política y medidas de desconexión digital adaptadas a tu organización, negociadas y comunicadas correctamente.

📌 Artículo completo: enlace en bio.
❤️ Gestión con corazón desde 2006.

#PersonasYCultura #SeguridadLaboral #Igualdad #TuConsultor #SistemasDeGestión #GestiónConCorazón";https://www.tuconsultor.com/social-img/desconexion-digital.png;https://www.tuconsultor.com/blog/post.html?p=2027-04-10-desconexion-digital
2027-04-11;12:30;instagram;EFQM;efqm-criterio3;"💙 Implicar a los grupos de interés: lo que aporta de verdad.

Implicar a los grupos de interés. Trabajar con el Modelo EFQM te da una foto honesta de tu gestión y una hoja de ruta priorizada — el sello es la consecuencia.

📌 Artículo completo: enlace en bio.
❤️ Gestión con corazón desde 2006.

#EFQM #ModeloEFQM #Excelencia #TuConsultor #GestiónConCorazón";https://www.tuconsultor.com/social-img/efqm-criterio3.png;https://www.tuconsultor.com/blog/post.html?p=2027-04-11-efqm-criterio3
2027-04-12;12:30;instagram;NORMAS;iso-21001;"💙 El error más común al implantar ISO 21001 (y cómo evitarlo).

Copiar documentación de otra empresa y esperar que cuele. El sistema debe nacer de TU actividad real, o se convierte en burocracia muerta.

📌 Artículo completo: enlace en bio.
❤️ Gestión con corazón desde 2006.

#PersonasYCultura #SeguridadLaboral #Igualdad #TuConsultor #SistemasDeGestión #GestiónConCorazón";https://www.tuconsultor.com/social-img/iso-21001.png;https://www.tuconsultor.com/blog/post.html?p=2027-04-12-iso-21001
2027-04-13;12:30;instagram;EFQM;efqm-criterio4;"💙 Crear valor sostenible: el fallo que vemos una y otra vez.

Crear valor sostenible: el error habitual es tratarlo como un trámite documental. EFQM se trabaja desde la dirección, con datos y con las personas.

📌 Artículo completo: enlace en bio.
❤️ Gestión con corazón desde 2006.

#EFQM #ModeloEFQM #Excelencia #TuConsultor #GestiónConCorazón";https://www.tuconsultor.com/social-img/efqm-criterio4.png;https://www.tuconsultor.com/blog/post.html?p=2027-04-13-efqm-criterio4
2027-04-14;12:30;instagram;NORMAS;une-158101;"💙 ¿Es UNE 158101 para tu organización? Señales de que sí.

Si tus clientes (o la Administración) empiezan a pedírtelo, si has crecido y ""todo está en la cabeza de dos personas"", o si quieres diferenciarte en licitaciones: sí, es para ti.

📌 Artículo completo: enlace en bio.
❤️ Gestión con corazón desde 2006.

#PersonasYCultura #SeguridadLaboral #Igualdad #TuConsultor #SistemasDeGestión #GestiónConCorazón";https://www.tuconsultor.com/social-img/une-158101.png;https://www.tuconsultor.com/blog/post.html?p=2027-04-14-une-158101
2027-04-15;12:30;instagram;EFQM;efqm-criterio5;"💙 ¿Te toca ya trabajar con el Modelo EFQM?

Funcionamiento y transformación. Si tu organización ya certifica ISO y quiere dar el salto de ""cumplir"" a ""sobresalir"", el Modelo EFQM es el siguiente paso natural.

📌 Artículo completo: enlace en bio.
❤️ Gestión con corazón desde 2006.

#EFQM #ModeloEFQM #Excelencia #TuConsultor #GestiónConCorazón";https://www.tuconsultor.com/social-img/efqm-criterio5.png;https://www.tuconsultor.com/blog/post.html?p=2027-04-15-efqm-criterio5
2027-04-16;12:30;instagram;NORMAS;sge-21;"💙 SGE 21: el primer paso es más simple de lo que crees.

Una conversación de diagnóstico: entender tu punto de partida y dimensionar el proyecto con plazos realistas. Sin compromiso.

📌 Artículo completo: enlace en bio.
❤️ Gestión con corazón desde 2006.

#RSC #ResponsabilidadSocial #TuConsultor #SistemasDeGestión #GestiónConCorazón";https://www.tuconsultor.com/social-img/sge-21.png;https://www.tuconsultor.com/blog/post.html?p=2027-04-16-sge-21
2027-04-17;12:30;instagram;EFQM;efqm-criterio6;"💙 Percepción de los grupos de interés: por dónde empezar.

Percepción de los grupos de interés: Criterio 6 del Modelo EFQM. El primer paso es un Informe de GAP: medir la distancia entre tu gestión actual y el modelo, y decidir con datos.

📌 Artículo completo: enlace en bio.
❤️ Gestión con corazón desde 2006.

#EFQM #ModeloEFQM #Excelencia #TuConsultor #GestiónConCorazón";https://www.tuconsultor.com/social-img/efqm-criterio6.png;https://www.tuconsultor.com/blog/post.html?p=2027-04-17-efqm-criterio6
2027-04-18;12:30;instagram;NORMAS;sa-8000;"💙 ¿Qué es SA 8000 y para qué sirve de verdad?

Certificación SA 8000 de condiciones laborales dignas: el estándar que exigen las grandes cadenas de suministro internacionales.

📌 Artículo completo: enlace en bio.
❤️ Gestión con corazón desde 2006.

#RSC #ResponsabilidadSocial #TuConsultor #SistemasDeGestión #GestiónConCorazón";https://www.tuconsultor.com/social-img/sa-8000.png;https://www.tuconsultor.com/blog/post.html?p=2027-04-18-sa-8000
2027-04-19;12:30;instagram;EFQM;efqm-criterio7;"💙 Rendimiento estratégico y operativo, explicado sin humo.

Rendimiento estratégico y operativo: Criterio 7 del Modelo EFQM. El Modelo EFQM 2025 no es un premio, es un marco para transformar la organización con criterio.

📌 Artículo completo: enlace en bio.
❤️ Gestión con corazón desde 2006.

#EFQM #ModeloEFQM #Excelencia #TuConsultor #GestiónConCorazón";https://www.tuconsultor.com/social-img/efqm-criterio7.png;https://www.tuconsultor.com/blog/post.html?p=2027-04-19-efqm-criterio7
2027-04-20;12:30;instagram;NORMAS;iqnet-sr10;"💙 IQNet SR10: Responsabilidad social certificable. Y esto es lo que gana tu organización.

Sistema de gestión de la responsabilidad social IQNet SR10, basado en la ISO 26000 y certificable internacionalmente.

📌 Artículo completo: enlace en bio.
❤️ Gestión con corazón desde 2006.

#RSC #ResponsabilidadSocial #TuConsultor #SistemasDeGestión #GestiónConCorazón";https://www.tuconsultor.com/social-img/iqnet-sr10.png;https://www.tuconsultor.com/blog/post.html?p=2027-04-20-iqnet-sr10
2027-04-21;12:30;instagram;EFQM;efqm-radar;"💙 La lógica RADAR: lo que aporta de verdad.

La lógica RADAR. Trabajar con el Modelo EFQM te da una foto honesta de tu gestión y una hoja de ruta priorizada — el sello es la consecuencia.

📌 Artículo completo: enlace en bio.
❤️ Gestión con corazón desde 2006.

#EFQM #ModeloEFQM #Excelencia #TuConsultor #GestiónConCorazón";https://www.tuconsultor.com/social-img/efqm-radar.png;https://www.tuconsultor.com/blog/post.html?p=2027-04-21-efqm-radar
2027-04-22;12:30;instagram;NORMAS;smeta;"💙 El error más común al implantar SMETA (y cómo evitarlo).

Copiar documentación de otra empresa y esperar que cuele. El sistema debe nacer de TU actividad real, o se convierte en burocracia muerta.

📌 Artículo completo: enlace en bio.
❤️ Gestión con corazón desde 2006.

#RSC #ResponsabilidadSocial #TuConsultor #SistemasDeGestión #GestiónConCorazón";https://www.tuconsultor.com/social-img/smeta.png;https://www.tuconsultor.com/blog/post.html?p=2027-04-22-smeta
2027-04-23;12:30;instagram;EFQM;efqm-gap;"💙 Informe de GAP: el fallo que vemos una y otra vez.

Informe de GAP: el error habitual es tratarlo como un trámite documental. EFQM se trabaja desde la dirección, con datos y con las personas.

📌 Artículo completo: enlace en bio.
❤️ Gestión con corazón desde 2006.

#EFQM #ModeloEFQM #Excelencia #TuConsultor #GestiónConCorazón";https://www.tuconsultor.com/social-img/efqm-gap.png;https://www.tuconsultor.com/blog/post.html?p=2027-04-23-efqm-gap
2027-04-24;12:30;instagram;NORMAS;b-corp;"💙 ¿Es B Corp para tu organización? Señales de que sí.

Si tus clientes (o la Administración) empiezan a pedírtelo, si has crecido y ""todo está en la cabeza de dos personas"", o si quieres diferenciarte en licitaciones: sí, es para ti.

📌 Artículo completo: enlace en bio.
❤️ Gestión con corazón desde 2006.

#RSC #ResponsabilidadSocial #TuConsultor #SistemasDeGestión #GestiónConCorazón";https://www.tuconsultor.com/social-img/b-corp.png;https://www.tuconsultor.com/blog/post.html?p=2027-04-24-b-corp
2027-04-25;12:30;instagram;EFQM;efqm-autoevaluacion;"💙 ¿Te toca ya trabajar con el Modelo EFQM?

Autoevaluación EFQM. Si tu organización ya certifica ISO y quiere dar el salto de ""cumplir"" a ""sobresalir"", el Modelo EFQM es el siguiente paso natural.

📌 Artículo completo: enlace en bio.
❤️ Gestión con corazón desde 2006.

#EFQM #ModeloEFQM #Excelencia #TuConsultor #GestiónConCorazón";https://www.tuconsultor.com/social-img/efqm-autoevaluacion.png;https://www.tuconsultor.com/blog/post.html?p=2027-04-25-efqm-autoevaluacion
2027-04-26;12:30;instagram;NORMAS;une-166002;"💙 UNE 166002: el primer paso es más simple de lo que crees.

Una conversación de diagnóstico: entender tu punto de partida y dimensionar el proyecto con plazos realistas. Sin compromiso.

📌 Artículo completo: enlace en bio.
❤️ Gestión con corazón desde 2006.

#Innovación #IDi #InteligenciaArtificial #TuConsultor #SistemasDeGestión #GestiónConCorazón";https://www.tuconsultor.com/social-img/une-166002.png;https://www.tuconsultor.com/blog/post.html?p=2027-04-26-une-166002
2027-04-27;12:30;instagram;EFQM;efqm-planes;"💙 Planes de acción: por dónde empezar.

Planes de acción: Convertir la evaluación en mejora real. El primer paso es un Informe de GAP: medir la distancia entre tu gestión actual y el modelo, y decidir con datos.

📌 Artículo completo: enlace en bio.
❤️ Gestión con corazón desde 2006.

#EFQM #ModeloEFQM #Excelencia #TuConsultor #GestiónConCorazón";https://www.tuconsultor.com/social-img/efqm-planes.png;https://www.tuconsultor.com/blog/post.html?p=2027-04-27-efqm-planes
2027-04-28;12:30;instagram;NORMAS;certificacion-proyectos-idi;"💙 ¿Qué es Certificación de Proyectos I+D+i y para qué sirve de verdad?

Preparamos la memoria técnica y económica de tus proyectos de I+D+i para su certificación por entidad acreditada.

📌 Artículo completo: enlace en bio.
❤️ Gestión con corazón desde 2006.

#Innovación #IDi #InteligenciaArtificial #TuConsultor #SistemasDeGestión #GestiónConCorazón";https://www.tuconsultor.com/social-img/certificacion-proyectos-idi.png;https://www.tuconsultor.com/blog/post.html?p=2027-04-28-certificacion-proyectos-idi
2027-04-29;12:30;instagram;EFQM;efqm-memoria;"💙 La memoria EFQM, explicado sin humo.

La memoria EFQM: Tu gestión, contada con evidencias. El Modelo EFQM 2025 no es un premio, es un marco para transformar la organización con criterio.

📌 Artículo completo: enlace en bio.
❤️ Gestión con corazón desde 2006.

#EFQM #ModeloEFQM #Excelencia #TuConsultor #GestiónConCorazón";https://www.tuconsultor.com/social-img/efqm-memoria.png;https://www.tuconsultor.com/blog/post.html?p=2027-04-29-efqm-memoria
2027-04-30;12:30;instagram;NORMAS;deducciones-fiscales-idi;"💙 Deducciones Fiscales I+D+i: Hasta el 42% de deducción con informe motivado. Y esto es lo que gana tu organización.

Identificamos actividades deducibles y tramitamos el informe motivado vinculante para aplicar deducciones con seguridad jurídica.

📌 Artículo completo: enlace en bio.
❤️ Gestión con corazón desde 2006.

#Innovación #IDi #InteligenciaArtificial #TuConsultor #SistemasDeGestión #GestiónConCorazón";https://www.tuconsultor.com/social-img/deducciones-fiscales-idi.png;https://www.tuconsultor.com/blog/post.html?p=2027-04-30-deducciones-fiscales-idi
2027-05-01;12:30;instagram;EFQM;efqm-sello;"💙 Sellos EFQM 300 · 400 · 500: lo que aporta de verdad.

Sellos EFQM 300 · 400 · 500. Trabajar con el Modelo EFQM te da una foto honesta de tu gestión y una hoja de ruta priorizada — el sello es la consecuencia.

📌 Artículo completo: enlace en bio.
❤️ Gestión con corazón desde 2006.

#EFQM #ModeloEFQM #Excelencia #TuConsultor #GestiónConCorazón";https://www.tuconsultor.com/social-img/efqm-sello.png;https://www.tuconsultor.com/blog/post.html?p=2027-05-01-efqm-sello
2027-05-02;12:30;instagram;NORMAS;iso-56001;"💙 El error más común al implantar ISO 56001 (y cómo evitarlo).

Copiar documentación de otra empresa y esperar que cuele. El sistema debe nacer de TU actividad real, o se convierte en burocracia muerta.

📌 Artículo completo: enlace en bio.
❤️ Gestión con corazón desde 2006.

#Innovación #IDi #InteligenciaArtificial #TuConsultor #SistemasDeGestión #GestiónConCorazón";https://www.tuconsultor.com/social-img/iso-56001.png;https://www.tuconsultor.com/blog/post.html?p=2027-05-02-iso-56001
2027-05-03;12:30;instagram;EFQM;efqm-evaluacion-externa;"💙 Evaluación externa: el fallo que vemos una y otra vez.

Evaluación externa: el error habitual es tratarlo como un trámite documental. EFQM se trabaja desde la dirección, con datos y con las personas.

📌 Artículo completo: enlace en bio.
❤️ Gestión con corazón desde 2006.

#EFQM #ModeloEFQM #Excelencia #TuConsultor #GestiónConCorazón";https://www.tuconsultor.com/social-img/efqm-evaluacion-externa.png;https://www.tuconsultor.com/blog/post.html?p=2027-05-03-efqm-evaluacion-externa
2027-05-04;12:30;instagram;NORMAS;iso-42001;"💙 ¿Es ISO 42001 para tu organización? Señales de que sí.

Si tus clientes (o la Administración) empiezan a pedírtelo, si has crecido y ""todo está en la cabeza de dos personas"", o si quieres diferenciarte en licitaciones: sí, es para ti.

📌 Artículo completo: enlace en bio.
❤️ Gestión con corazón desde 2006.

#Innovación #IDi #InteligenciaArtificial #TuConsultor #SistemasDeGestión #GestiónConCorazón";https://www.tuconsultor.com/social-img/iso-42001.png;https://www.tuconsultor.com/blog/post.html?p=2027-05-04-iso-42001
2027-05-05;12:30;instagram;EFQM;efqm-vs-iso;"💙 ¿Te toca ya trabajar con el Modelo EFQM?

EFQM e ISO 9001. Si tu organización ya certifica ISO y quiere dar el salto de ""cumplir"" a ""sobresalir"", el Modelo EFQM es el siguiente paso natural.

📌 Artículo completo: enlace en bio.
❤️ Gestión con corazón desde 2006.

#EFQM #ModeloEFQM #Excelencia #TuConsultor #GestiónConCorazón";https://www.tuconsultor.com/social-img/efqm-vs-iso.png;https://www.tuconsultor.com/blog/post.html?p=2027-05-05-efqm-vs-iso
2027-05-06;12:30;instagram;NORMAS;pyme-innovadora;"💙 Sello PYME Innovadora: el primer paso es más simple de lo que crees.

Una conversación de diagnóstico: entender tu punto de partida y dimensionar el proyecto con plazos realistas. Sin compromiso.

📌 Artículo completo: enlace en bio.
❤️ Gestión con corazón desde 2006.

#Innovación #IDi #InteligenciaArtificial #TuConsultor #SistemasDeGestión #GestiónConCorazón";https://www.tuconsultor.com/social-img/pyme-innovadora.png;https://www.tuconsultor.com/blog/post.html?p=2027-05-06-pyme-innovadora
2027-05-07;12:30;instagram;EFQM;efqm-madrid-excelente;"💙 EFQM y Madrid Excelente: por dónde empezar.

EFQM y Madrid Excelente: Dos reconocimientos que se potencian. El primer paso es un Informe de GAP: medir la distancia entre tu gestión actual y el modelo, y decidir con datos.

📌 Artículo completo: enlace en bio.
❤️ Gestión con corazón desde 2006.

#EFQM #ModeloEFQM #Excelencia #TuConsultor #GestiónConCorazón";https://www.tuconsultor.com/social-img/efqm-madrid-excelente.png;https://www.tuconsultor.com/blog/post.html?p=2027-05-07-efqm-madrid-excelente
2027-05-08;12:30;instagram;NORMAS;transformacion-digital-ia;"💙 ¿Qué es Transformación Digital con IA y para qué sirve de verdad?

Diagnóstico digital, casos de uso de inteligencia artificial y hoja de ruta de adopción con gobernanza: transformación digital que genera valor medible.

📌 Artículo completo: enlace en bio.
❤️ Gestión con corazón desde 2006.

#Innovación #IDi #InteligenciaArtificial #TuConsultor #SistemasDeGestión #GestiónConCorazón";https://www.tuconsultor.com/social-img/transformacion-digital-ia.png;https://www.tuconsultor.com/blog/post.html?p=2027-05-08-transformacion-digital-ia
2027-05-09;12:30;instagram;EFQM;efqm-beneficios;"💙 Por qué EFQM, explicado sin humo.

Por qué EFQM: Beneficios más allá del sello. El Modelo EFQM 2025 no es un premio, es un marco para transformar la organización con criterio.

📌 Artículo completo: enlace en bio.
❤️ Gestión con corazón desde 2006.

#EFQM #ModeloEFQM #Excelencia #TuConsultor #GestiónConCorazón";https://www.tuconsultor.com/social-img/efqm-beneficios.png;https://www.tuconsultor.com/blog/post.html?p=2027-05-09-efqm-beneficios
2027-05-10;12:30;instagram;NORMAS;blockchain-tokenizacion;"💙 Blockchain, Web3 y Tokenización: Activos digitales con garantías. Y esto es lo que gana tu organización.

Consultoría y formación en blockchain, web3 y tokenización de activos junto al Instituto Europeo de Blockchain y DeFi: del concepto al proyecto.

📌 Artículo completo: enlace en bio.
❤️ Gestión con corazón desde 2006.

#Innovación #IDi #InteligenciaArtificial #TuConsultor #SistemasDeGestión #GestiónConCorazón";https://www.tuconsultor.com/social-img/blockchain-tokenizacion.png;https://www.tuconsultor.com/blog/post.html?p=2027-05-10-blockchain-tokenizacion
2027-05-11;12:30;instagram;EFQM;efqm-mitos;"💙 Mitos del Modelo EFQM: lo que aporta de verdad.

Mitos del Modelo EFQM. Trabajar con el Modelo EFQM te da una foto honesta de tu gestión y una hoja de ruta priorizada — el sello es la consecuencia.

📌 Artículo completo: enlace en bio.
❤️ Gestión con corazón desde 2006.

#EFQM #ModeloEFQM #Excelencia #TuConsultor #GestiónConCorazón";https://www.tuconsultor.com/social-img/efqm-mitos.png;https://www.tuconsultor.com/blog/post.html?p=2027-05-11-efqm-mitos
2027-05-12;12:30;instagram;NORMAS;appcc;"💙 El error más común al implantar APPCC (y cómo evitarlo).

Copiar documentación de otra empresa y esperar que cuele. El sistema debe nacer de TU actividad real, o se convierte en burocracia muerta.

📌 Artículo completo: enlace en bio.
❤️ Gestión con corazón desde 2006.

#SeguridadAlimentaria #IFS #BRCGS #TuConsultor #SistemasDeGestión #GestiónConCorazón";https://www.tuconsultor.com/social-img/appcc.png;https://www.tuconsultor.com/blog/post.html?p=2027-05-12-appcc
2027-05-13;12:30;instagram;EFQM;efqm-primeros-pasos;"💙 Primeros pasos con EFQM: el fallo que vemos una y otra vez.

Primeros pasos con EFQM: el error habitual es tratarlo como un trámite documental. EFQM se trabaja desde la dirección, con datos y con las personas.

📌 Artículo completo: enlace en bio.
❤️ Gestión con corazón desde 2006.

#EFQM #ModeloEFQM #Excelencia #TuConsultor #GestiónConCorazón";https://www.tuconsultor.com/social-img/efqm-primeros-pasos.png;https://www.tuconsultor.com/blog/post.html?p=2027-05-13-efqm-primeros-pasos
2027-05-14;12:30;instagram;NORMAS;iso-22000;"💙 ¿Es ISO 22000 para tu organización? Señales de que sí.

Si tus clientes (o la Administración) empiezan a pedírtelo, si has crecido y ""todo está en la cabeza de dos personas"", o si quieres diferenciarte en licitaciones: sí, es para ti.

📌 Artículo completo: enlace en bio.
❤️ Gestión con corazón desde 2006.

#SeguridadAlimentaria #IFS #BRCGS #TuConsultor #SistemasDeGestión #GestiónConCorazón";https://www.tuconsultor.com/social-img/iso-22000.png;https://www.tuconsultor.com/blog/post.html?p=2027-05-14-iso-22000
2027-05-15;12:30;instagram;EFQM;efqm-formacion;"💙 ¿Te toca ya trabajar con el Modelo EFQM?

Formación EFQM 2025. Si tu organización ya certifica ISO y quiere dar el salto de ""cumplir"" a ""sobresalir"", el Modelo EFQM es el siguiente paso natural.

📌 Artículo completo: enlace en bio.
❤️ Gestión con corazón desde 2006.

#EFQM #ModeloEFQM #Excelencia #TuConsultor #GestiónConCorazón";https://www.tuconsultor.com/social-img/efqm-formacion.png;https://www.tuconsultor.com/blog/post.html?p=2027-05-15-efqm-formacion
2027-05-16;12:30;instagram;NORMAS;brcgs;"💙 BRCGS: el primer paso es más simple de lo que crees.

Una conversación de diagnóstico: entender tu punto de partida y dimensionar el proyecto con plazos realistas. Sin compromiso.

📌 Artículo completo: enlace en bio.
❤️ Gestión con corazón desde 2006.

#SeguridadAlimentaria #IFS #BRCGS #TuConsultor #SistemasDeGestión #GestiónConCorazón";https://www.tuconsultor.com/social-img/brcgs.png;https://www.tuconsultor.com/blog/post.html?p=2027-05-16-brcgs
2027-05-17;12:30;instagram;EFQM;efqm-modelo-2025;"💙 El Modelo EFQM 2025: por dónde empezar.

El Modelo EFQM 2025: La brújula de la transformación organizacional. El primer paso es un Informe de GAP: medir la distancia entre tu gestión actual y el modelo, y decidir con datos.

📌 Artículo completo: enlace en bio.
❤️ Gestión con corazón desde 2006.

#EFQM #ModeloEFQM #Excelencia #TuConsultor #GestiónConCorazón";https://www.tuconsultor.com/social-img/efqm-modelo-2025.png;https://www.tuconsultor.com/blog/post.html?p=2027-05-17-efqm-modelo-2025
2027-05-18;12:30;instagram;NORMAS;ifs;"💙 ¿Qué es IFS y para qué sirve de verdad?

Certificación IFS Food para fabricantes: evaluación de requisitos, plan de acción y preparación completa de la auditoría.

📌 Artículo completo: enlace en bio.
❤️ Gestión con corazón desde 2006.

#SeguridadAlimentaria #IFS #BRCGS #TuConsultor #SistemasDeGestión #GestiónConCorazón";https://www.tuconsultor.com/social-img/ifs.png;https://www.tuconsultor.com/blog/post.html?p=2027-05-18-ifs
2027-05-19;12:30;instagram;EFQM;efqm-direccion;"💙 Dimensión Dirección, explicado sin humo.

Dimensión Dirección: Propósito, visión y estrategia que orientan. El Modelo EFQM 2025 no es un premio, es un marco para transformar la organización con criterio.

📌 Artículo completo: enlace en bio.
❤️ Gestión con corazón desde 2006.

#EFQM #ModeloEFQM #Excelencia #TuConsultor #GestiónConCorazón";https://www.tuconsultor.com/social-img/efqm-direccion.png;https://www.tuconsultor.com/blog/post.html?p=2027-05-19-efqm-direccion
2027-05-20;12:30;instagram;NORMAS;globalgap;"💙 GlobalG.A.P.: Buenas prácticas agrícolas certificadas. Y esto es lo que gana tu organización.

Certificación GlobalG.A.P. para producción primaria: trazabilidad, seguridad y sostenibilidad desde el origen.

📌 Artículo completo: enlace en bio.
❤️ Gestión con corazón desde 2006.

#SeguridadAlimentaria #IFS #BRCGS #TuConsultor #SistemasDeGestión #GestiónConCorazón";https://www.tuconsultor.com/social-img/globalgap.png;https://www.tuconsultor.com/blog/post.html?p=2027-05-20-globalgap
2027-05-21;12:30;instagram;EFQM;efqm-ejecucion;"💙 Dimensión Ejecución: lo que aporta de verdad.

Dimensión Ejecución. Trabajar con el Modelo EFQM te da una foto honesta de tu gestión y una hoja de ruta priorizada — el sello es la consecuencia.

📌 Artículo completo: enlace en bio.
❤️ Gestión con corazón desde 2006.

#EFQM #ModeloEFQM #Excelencia #TuConsultor #GestiónConCorazón";https://www.tuconsultor.com/social-img/efqm-ejecucion.png;https://www.tuconsultor.com/blog/post.html?p=2027-05-21-efqm-ejecucion
2027-05-22;12:30;instagram;NORMAS;planificacion-estrategica;"💙 El error más común al implantar Planificación Estratégica (y cómo evitarlo).

Copiar documentación de otra empresa y esperar que cuele. El sistema debe nacer de TU actividad real, o se convierte en burocracia muerta.

📌 Artículo completo: enlace en bio.
❤️ Gestión con corazón desde 2006.

#Estrategia #Liderazgo #Dirección #TuConsultor #SistemasDeGestión #GestiónConCorazón";https://www.tuconsultor.com/social-img/planificacion-estrategica.png;https://www.tuconsultor.com/blog/post.html?p=2027-05-22-planificacion-estrategica
2027-05-23;12:30;instagram;EFQM;efqm-resultados;"💙 Dimensión Resultados: el fallo que vemos una y otra vez.

Dimensión Resultados: el error habitual es tratarlo como un trámite documental. EFQM se trabaja desde la dirección, con datos y con las personas.

📌 Artículo completo: enlace en bio.
❤️ Gestión con corazón desde 2006.

#EFQM #ModeloEFQM #Excelencia #TuConsultor #GestiónConCorazón";https://www.tuconsultor.com/social-img/efqm-resultados.png;https://www.tuconsultor.com/blog/post.html?p=2027-05-23-efqm-resultados
2027-05-24;12:30;instagram;NORMAS;cuadro-de-mando;"💙 ¿Es Cuadro de Mando Integral para tu organización? Señales de que sí.

Si tus clientes (o la Administración) empiezan a pedírtelo, si has crecido y ""todo está en la cabeza de dos personas"", o si quieres diferenciarte en licitaciones: sí, es para ti.

📌 Artículo completo: enlace en bio.
❤️ Gestión con corazón desde 2006.

#Estrategia #Liderazgo #Dirección #TuConsultor #SistemasDeGestión #GestiónConCorazón";https://www.tuconsultor.com/social-img/cuadro-de-mando.png;https://www.tuconsultor.com/blog/post.html?p=2027-05-24-cuadro-de-mando
2027-05-25;12:30;instagram;EFQM;efqm-criterio1;"💙 ¿Te toca ya trabajar con el Modelo EFQM?

Propósito, visión y estrategia. Si tu organización ya certifica ISO y quiere dar el salto de ""cumplir"" a ""sobresalir"", el Modelo EFQM es el siguiente paso natural.

📌 Artículo completo: enlace en bio.
❤️ Gestión con corazón desde 2006.

#EFQM #ModeloEFQM #Excelencia #TuConsultor #GestiónConCorazón";https://www.tuconsultor.com/social-img/efqm-criterio1.png;https://www.tuconsultor.com/blog/post.html?p=2027-05-25-efqm-criterio1
2027-05-26;12:30;instagram;NORMAS;reestructuracion;"💙 Reestructuración: el primer paso es más simple de lo que crees.

Una conversación de diagnóstico: entender tu punto de partida y dimensionar el proyecto con plazos realistas. Sin compromiso.

📌 Artículo completo: enlace en bio.
❤️ Gestión con corazón desde 2006.

#Estrategia #Liderazgo #Dirección #TuConsultor #SistemasDeGestión #GestiónConCorazón";https://www.tuconsultor.com/social-img/reestructuracion.png;https://www.tuconsultor.com/blog/post.html?p=2027-05-26-reestructuracion
2027-05-27;12:30;instagram;EFQM;efqm-criterio2;"💙 Cultura y liderazgo: por dónde empezar.

Cultura y liderazgo: Criterio 2 del Modelo EFQM. El primer paso es un Informe de GAP: medir la distancia entre tu gestión actual y el modelo, y decidir con datos.

📌 Artículo completo: enlace en bio.
❤️ Gestión con corazón desde 2006.

#EFQM #ModeloEFQM #Excelencia #TuConsultor #GestiónConCorazón";https://www.tuconsultor.com/social-img/efqm-criterio2.png;https://www.tuconsultor.com/blog/post.html?p=2027-05-27-efqm-criterio2
2027-05-28;12:30;instagram;NORMAS;consultoria-de-negocio;"💙 ¿Qué es Consultoría de Negocio y para qué sirve de verdad?

Consultoría de negocio a medida: modelos de ingresos, procesos y decisiones basadas en datos, con implicación directa del equipo directivo.

📌 Artículo completo: enlace en bio.
❤️ Gestión con corazón desde 2006.

#Estrategia #Liderazgo #Dirección #TuConsultor #SistemasDeGestión #GestiónConCorazón";https://www.tuconsultor.com/social-img/consultoria-de-negocio.png;https://www.tuconsultor.com/blog/post.html?p=2027-05-28-consultoria-de-negocio
2027-05-29;12:30;instagram;EFQM;efqm-criterio3;"💙 Implicar a los grupos de interés, explicado sin humo.

Implicar a los grupos de interés: Criterio 3 del Modelo EFQM. El Modelo EFQM 2025 no es un premio, es un marco para transformar la organización con criterio.

📌 Artículo completo: enlace en bio.
❤️ Gestión con corazón desde 2006.

#EFQM #ModeloEFQM #Excelencia #TuConsultor #GestiónConCorazón";https://www.tuconsultor.com/social-img/efqm-criterio3.png;https://www.tuconsultor.com/blog/post.html?p=2027-05-29-efqm-criterio3
2027-05-30;12:30;instagram;NORMAS;clasificacion-empresarial;"💙 Clasificación Empresarial: Contrata con el sector público. Y esto es lo que gana tu organización.

Tramitamos tu clasificación como contratista de obras o servicios del Estado: grupos, subgrupos y categorías adecuadas a tu actividad.

📌 Artículo completo: enlace en bio.
❤️ Gestión con corazón desde 2006.

#Estrategia #Liderazgo #Dirección #TuConsultor #SistemasDeGestión #GestiónConCorazón";https://www.tuconsultor.com/social-img/clasificacion-empresarial.png;https://www.tuconsultor.com/blog/post.html?p=2027-05-30-clasificacion-empresarial
2027-05-31;12:30;instagram;EFQM;efqm-criterio4;"💙 Crear valor sostenible: lo que aporta de verdad.

Crear valor sostenible. Trabajar con el Modelo EFQM te da una foto honesta de tu gestión y una hoja de ruta priorizada — el sello es la consecuencia.

📌 Artículo completo: enlace en bio.
❤️ Gestión con corazón desde 2006.

#EFQM #ModeloEFQM #Excelencia #TuConsultor #GestiónConCorazón";https://www.tuconsultor.com/social-img/efqm-criterio4.png;https://www.tuconsultor.com/blog/post.html?p=2027-05-31-efqm-criterio4
2027-06-01;12:30;instagram;NORMAS;liderazgo;"💙 El error más común al implantar Liderazgo (y cómo evitarlo).

Copiar documentación de otra empresa y esperar que cuele. El sistema debe nacer de TU actividad real, o se convierte en burocracia muerta.

📌 Artículo completo: enlace en bio.
❤️ Gestión con corazón desde 2006.

#Estrategia #Liderazgo #Dirección #TuConsultor #SistemasDeGestión #GestiónConCorazón";https://www.tuconsultor.com/social-img/liderazgo.png;https://www.tuconsultor.com/blog/post.html?p=2027-06-01-liderazgo
2027-06-02;12:30;instagram;EFQM;efqm-criterio5;"💙 Funcionamiento y transformación: el fallo que vemos una y otra vez.

Funcionamiento y transformación: el error habitual es tratarlo como un trámite documental. EFQM se trabaja desde la dirección, con datos y con las personas.

📌 Artículo completo: enlace en bio.
❤️ Gestión con corazón desde 2006.

#EFQM #ModeloEFQM #Excelencia #TuConsultor #GestiónConCorazón";https://www.tuconsultor.com/social-img/efqm-criterio5.png;https://www.tuconsultor.com/blog/post.html?p=2027-06-02-efqm-criterio5
2027-06-03;12:30;instagram;NORMAS;cultura-empresarial;"💙 ¿Es Cultura Empresarial para tu organización? Señales de que sí.

Si tus clientes (o la Administración) empiezan a pedírtelo, si has crecido y ""todo está en la cabeza de dos personas"", o si quieres diferenciarte en licitaciones: sí, es para ti.

📌 Artículo completo: enlace en bio.
❤️ Gestión con corazón desde 2006.

#Estrategia #Liderazgo #Dirección #TuConsultor #SistemasDeGestión #GestiónConCorazón";https://www.tuconsultor.com/social-img/cultura-empresarial.png;https://www.tuconsultor.com/blog/post.html?p=2027-06-03-cultura-empresarial
2027-06-04;12:30;instagram;EFQM;efqm-criterio6;"💙 ¿Te toca ya trabajar con el Modelo EFQM?

Percepción de los grupos de interés. Si tu organización ya certifica ISO y quiere dar el salto de ""cumplir"" a ""sobresalir"", el Modelo EFQM es el siguiente paso natural.

📌 Artículo completo: enlace en bio.
❤️ Gestión con corazón desde 2006.

#EFQM #ModeloEFQM #Excelencia #TuConsultor #GestiónConCorazón";https://www.tuconsultor.com/social-img/efqm-criterio6.png;https://www.tuconsultor.com/blog/post.html?p=2027-06-04-efqm-criterio6
2027-06-05;12:30;instagram;NORMAS;iso-9001;"💙 ISO 9001: el primer paso es más simple de lo que crees.

Una conversación de diagnóstico: entender tu punto de partida y dimensionar el proyecto con plazos realistas. Sin compromiso.

📌 Artículo completo: enlace en bio.
❤️ Gestión con corazón desde 2006.

#Calidad #ISO9001 #Excelencia #TuConsultor #SistemasDeGestión #GestiónConCorazón";https://www.tuconsultor.com/social-img/iso-9001.png;https://www.tuconsultor.com/blog/post.html?p=2027-06-05-iso-9001
2027-06-06;12:30;instagram;EFQM;efqm-criterio7;"💙 Rendimiento estratégico y operativo: por dónde empezar.

Rendimiento estratégico y operativo: Criterio 7 del Modelo EFQM. El primer paso es un Informe de GAP: medir la distancia entre tu gestión actual y el modelo, y decidir con datos.

📌 Artículo completo: enlace en bio.
❤️ Gestión con corazón desde 2006.

#EFQM #ModeloEFQM #Excelencia #TuConsultor #GestiónConCorazón";https://www.tuconsultor.com/social-img/efqm-criterio7.png;https://www.tuconsultor.com/blog/post.html?p=2027-06-06-efqm-criterio7
2027-06-07;12:30;instagram;NORMAS;efqm;"💙 ¿Qué es Modelo EFQM y para qué sirve de verdad?

Te acompañamos en la autoevaluación, el sello y la transformación con el Modelo EFQM 2025, incluida formación específica para tu equipo directivo.

📌 Artículo completo: enlace en bio.
❤️ Gestión con corazón desde 2006.

#Calidad #ISO9001 #Excelencia #TuConsultor #SistemasDeGestión #GestiónConCorazón";https://www.tuconsultor.com/social-img/efqm.png;https://www.tuconsultor.com/blog/post.html?p=2027-06-07-efqm
2027-06-08;12:30;instagram;EFQM;efqm-radar;"💙 La lógica RADAR, explicado sin humo.

La lógica RADAR: Resultados, enfoques, despliegue, evaluación y revisión. El Modelo EFQM 2025 no es un premio, es un marco para transformar la organización con criterio.

📌 Artículo completo: enlace en bio.
❤️ Gestión con corazón desde 2006.

#EFQM #ModeloEFQM #Excelencia #TuConsultor #GestiónConCorazón";https://www.tuconsultor.com/social-img/efqm-radar.png;https://www.tuconsultor.com/blog/post.html?p=2027-06-08-efqm-radar
2027-06-09;12:30;instagram;NORMAS;madrid-excelente;"💙 Madrid Excelente: La marca de garantía de la Comunidad de Madrid. Y esto es lo que gana tu organización.

Preparamos tu organización para obtener y renovar el sello Madrid Excelente, la marca de garantía que reconoce la calidad y la excelencia en la gestión.

📌 Artículo completo: enlace en bio.
❤️ Gestión con corazón desde 2006.

#Calidad #ISO9001 #Excelencia #TuConsultor #SistemasDeGestión #GestiónConCorazón";https://www.tuconsultor.com/social-img/madrid-excelente.png;https://www.tuconsultor.com/blog/post.html?p=2027-06-09-madrid-excelente
2027-06-10;12:30;instagram;EFQM;efqm-gap;"💙 Informe de GAP: lo que aporta de verdad.

Informe de GAP. Trabajar con el Modelo EFQM te da una foto honesta de tu gestión y una hoja de ruta priorizada — el sello es la consecuencia.

📌 Artículo completo: enlace en bio.
❤️ Gestión con corazón desde 2006.

#EFQM #ModeloEFQM #Excelencia #TuConsultor #GestiónConCorazón";https://www.tuconsultor.com/social-img/efqm-gap.png;https://www.tuconsultor.com/blog/post.html?p=2027-06-10-efqm-gap
2027-06-11;12:30;instagram;NORMAS;iso-9004;"💙 El error más común al implantar ISO 9004 (y cómo evitarlo).

Copiar documentación de otra empresa y esperar que cuele. El sistema debe nacer de TU actividad real, o se convierte en burocracia muerta.

📌 Artículo completo: enlace en bio.
❤️ Gestión con corazón desde 2006.

#Calidad #ISO9001 #Excelencia #TuConsultor #SistemasDeGestión #GestiónConCorazón";https://www.tuconsultor.com/social-img/iso-9004.png;https://www.tuconsultor.com/blog/post.html?p=2027-06-11-iso-9004
2027-06-12;12:30;instagram;EFQM;efqm-autoevaluacion;"💙 Autoevaluación EFQM: el fallo que vemos una y otra vez.

Autoevaluación EFQM: el error habitual es tratarlo como un trámite documental. EFQM se trabaja desde la dirección, con datos y con las personas.

📌 Artículo completo: enlace en bio.
❤️ Gestión con corazón desde 2006.

#EFQM #ModeloEFQM #Excelencia #TuConsultor #GestiónConCorazón";https://www.tuconsultor.com/social-img/efqm-autoevaluacion.png;https://www.tuconsultor.com/blog/post.html?p=2027-06-12-efqm-autoevaluacion
2027-06-13;12:30;instagram;NORMAS;une-93200;"💙 ¿Es UNE 93200 para tu organización? Señales de que sí.

Si tus clientes (o la Administración) empiezan a pedírtelo, si has crecido y ""todo está en la cabeza de dos personas"", o si quieres diferenciarte en licitaciones: sí, es para ti.

📌 Artículo completo: enlace en bio.
❤️ Gestión con corazón desde 2006.

#Calidad #ISO9001 #Excelencia #TuConsultor #SistemasDeGestión #GestiónConCorazón";https://www.tuconsultor.com/social-img/une-93200.png;https://www.tuconsultor.com/blog/post.html?p=2027-06-13-une-93200
2027-06-14;12:30;instagram;EFQM;efqm-planes;"💙 ¿Te toca ya trabajar con el Modelo EFQM?

Planes de acción. Si tu organización ya certifica ISO y quiere dar el salto de ""cumplir"" a ""sobresalir"", el Modelo EFQM es el siguiente paso natural.

📌 Artículo completo: enlace en bio.
❤️ Gestión con corazón desde 2006.

#EFQM #ModeloEFQM #Excelencia #TuConsultor #GestiónConCorazón";https://www.tuconsultor.com/social-img/efqm-planes.png;https://www.tuconsultor.com/blog/post.html?p=2027-06-14-efqm-planes
2027-06-15;12:30;instagram;NORMAS;iso-13485;"💙 ISO 13485: el primer paso es más simple de lo que crees.

Una conversación de diagnóstico: entender tu punto de partida y dimensionar el proyecto con plazos realistas. Sin compromiso.

📌 Artículo completo: enlace en bio.
❤️ Gestión con corazón desde 2006.

#Calidad #ISO9001 #Excelencia #TuConsultor #SistemasDeGestión #GestiónConCorazón";https://www.tuconsultor.com/social-img/iso-13485.png;https://www.tuconsultor.com/blog/post.html?p=2027-06-15-iso-13485
2027-06-16;12:30;instagram;EFQM;efqm-memoria;"💙 La memoria EFQM: por dónde empezar.

La memoria EFQM: Tu gestión, contada con evidencias. El primer paso es un Informe de GAP: medir la distancia entre tu gestión actual y el modelo, y decidir con datos.

📌 Artículo completo: enlace en bio.
❤️ Gestión con corazón desde 2006.

#EFQM #ModeloEFQM #Excelencia #TuConsultor #GestiónConCorazón";https://www.tuconsultor.com/social-img/efqm-memoria.png;https://www.tuconsultor.com/blog/post.html?p=2027-06-16-efqm-memoria
2027-06-17;12:30;instagram;NORMAS;iso-17025;"💙 ¿Qué es ISO 17025 y para qué sirve de verdad?

Preparamos tu laboratorio de ensayo o calibración para la acreditación ISO 17025 ante ENAC: método, trazabilidad y validación.

📌 Artículo completo: enlace en bio.
❤️ Gestión con corazón desde 2006.

#Calidad #ISO9001 #Excelencia #TuConsultor #SistemasDeGestión #GestiónConCorazón";https://www.tuconsultor.com/social-img/iso-17025.png;https://www.tuconsultor.com/blog/post.html?p=2027-06-17-iso-17025
2027-06-18;12:30;instagram;EFQM;efqm-sello;"💙 Sellos EFQM 300 · 400 · 500, explicado sin humo.

Sellos EFQM 300 · 400 · 500: El reconocimiento europeo a la excelencia. El Modelo EFQM 2025 no es un premio, es un marco para transformar la organización con criterio.

📌 Artículo completo: enlace en bio.
❤️ Gestión con corazón desde 2006.

#EFQM #ModeloEFQM #Excelencia #TuConsultor #GestiónConCorazón";https://www.tuconsultor.com/social-img/efqm-sello.png;https://www.tuconsultor.com/blog/post.html?p=2027-06-18-efqm-sello
2027-06-19;12:30;instagram;NORMAS;iatf-16949;"💙 IATF 16949: Calidad en automoción. Y esto es lo que gana tu organización.

El estándar de calidad de la cadena de suministro de automoción: implantación de IATF 16949 integrada con tu ISO 9001.

📌 Artículo completo: enlace en bio.
❤️ Gestión con corazón desde 2006.

#Calidad #ISO9001 #Excelencia #TuConsultor #SistemasDeGestión #GestiónConCorazón";https://www.tuconsultor.com/social-img/iatf-16949.png;https://www.tuconsultor.com/blog/post.html?p=2027-06-19-iatf-16949
2027-06-20;12:30;instagram;EFQM;efqm-evaluacion-externa;"💙 Evaluación externa: lo que aporta de verdad.

Evaluación externa. Trabajar con el Modelo EFQM te da una foto honesta de tu gestión y una hoja de ruta priorizada — el sello es la consecuencia.

📌 Artículo completo: enlace en bio.
❤️ Gestión con corazón desde 2006.

#EFQM #ModeloEFQM #Excelencia #TuConsultor #GestiónConCorazón";https://www.tuconsultor.com/social-img/efqm-evaluacion-externa.png;https://www.tuconsultor.com/blog/post.html?p=2027-06-20-efqm-evaluacion-externa
2027-06-21;12:30;instagram;NORMAS;marcado-ce;"💙 El error más común al implantar Marcado CE (y cómo evitarlo).

Copiar documentación de otra empresa y esperar que cuele. El sistema debe nacer de TU actividad real, o se convierte en burocracia muerta.

📌 Artículo completo: enlace en bio.
❤️ Gestión con corazón desde 2006.

#Calidad #ISO9001 #Excelencia #TuConsultor #SistemasDeGestión #GestiónConCorazón";https://www.tuconsultor.com/social-img/marcado-ce.png;https://www.tuconsultor.com/blog/post.html?p=2027-06-21-marcado-ce
2027-06-22;12:30;instagram;EFQM;efqm-vs-iso;"💙 EFQM e ISO 9001: el fallo que vemos una y otra vez.

EFQM e ISO 9001: el error habitual es tratarlo como un trámite documental. EFQM se trabaja desde la dirección, con datos y con las personas.

📌 Artículo completo: enlace en bio.
❤️ Gestión con corazón desde 2006.

#EFQM #ModeloEFQM #Excelencia #TuConsultor #GestiónConCorazón";https://www.tuconsultor.com/social-img/efqm-vs-iso.png;https://www.tuconsultor.com/blog/post.html?p=2027-06-22-efqm-vs-iso
2027-06-23;12:30;instagram;NORMAS;iso-14001;"💙 ¿Es ISO 14001 para tu organización? Señales de que sí.

Si tus clientes (o la Administración) empiezan a pedírtelo, si has crecido y ""todo está en la cabeza de dos personas"", o si quieres diferenciarte en licitaciones: sí, es para ti.

📌 Artículo completo: enlace en bio.
❤️ Gestión con corazón desde 2006.

#Sostenibilidad #ESG #MedioAmbiente #TuConsultor #SistemasDeGestión #GestiónConCorazón";https://www.tuconsultor.com/social-img/iso-14001.png;https://www.tuconsultor.com/blog/post.html?p=2027-06-23-iso-14001
2027-06-24;12:30;instagram;EFQM;efqm-madrid-excelente;"💙 ¿Te toca ya trabajar con el Modelo EFQM?

EFQM y Madrid Excelente. Si tu organización ya certifica ISO y quiere dar el salto de ""cumplir"" a ""sobresalir"", el Modelo EFQM es el siguiente paso natural.

📌 Artículo completo: enlace en bio.
❤️ Gestión con corazón desde 2006.

#EFQM #ModeloEFQM #Excelencia #TuConsultor #GestiónConCorazón";https://www.tuconsultor.com/social-img/efqm-madrid-excelente.png;https://www.tuconsultor.com/blog/post.html?p=2027-06-24-efqm-madrid-excelente
2027-06-25;12:30;instagram;NORMAS;emas;"💙 EMAS: el primer paso es más simple de lo que crees.

Una conversación de diagnóstico: entender tu punto de partida y dimensionar el proyecto con plazos realistas. Sin compromiso.

📌 Artículo completo: enlace en bio.
❤️ Gestión con corazón desde 2006.

#Sostenibilidad #ESG #MedioAmbiente #TuConsultor #SistemasDeGestión #GestiónConCorazón";https://www.tuconsultor.com/social-img/emas.png;https://www.tuconsultor.com/blog/post.html?p=2027-06-25-emas
2027-06-26;12:30;instagram;EFQM;efqm-beneficios;"💙 Por qué EFQM: por dónde empezar.

Por qué EFQM: Beneficios más allá del sello. El primer paso es un Informe de GAP: medir la distancia entre tu gestión actual y el modelo, y decidir con datos.

📌 Artículo completo: enlace en bio.
❤️ Gestión con corazón desde 2006.

#EFQM #ModeloEFQM #Excelencia #TuConsultor #GestiónConCorazón";https://www.tuconsultor.com/social-img/efqm-beneficios.png;https://www.tuconsultor.com/blog/post.html?p=2027-06-26-efqm-beneficios
2027-06-27;12:30;instagram;NORMAS;huella-de-carbono;"💙 ¿Qué es Huella de Carbono · ISO 14064 y para qué sirve de verdad?

Calculamos tu huella de carbono de organización conforme a ISO 14064 y GHG Protocol, y te acompañamos en el registro del MITECO y la verificación.

📌 Artículo completo: enlace en bio.
❤️ Gestión con corazón desde 2006.

#Sostenibilidad #ESG #MedioAmbiente #TuConsultor #SistemasDeGestión #GestiónConCorazón";https://www.tuconsultor.com/social-img/huella-de-carbono.png;https://www.tuconsultor.com/blog/post.html?p=2027-06-27-huella-de-carbono
2027-06-28;12:30;instagram;EFQM;efqm-mitos;"💙 Mitos del Modelo EFQM, explicado sin humo.

Mitos del Modelo EFQM: Lo que no es (y lo que sí). El Modelo EFQM 2025 no es un premio, es un marco para transformar la organización con criterio.

📌 Artículo completo: enlace en bio.
❤️ Gestión con corazón desde 2006.

#EFQM #ModeloEFQM #Excelencia #TuConsultor #GestiónConCorazón";https://www.tuconsultor.com/social-img/efqm-mitos.png;https://www.tuconsultor.com/blog/post.html?p=2027-06-28-efqm-mitos
2027-06-29;12:30;instagram;NORMAS;iso-14068;"💙 ISO 14068: Neutralidad en carbono. Y esto es lo que gana tu organización.

Hoja de ruta hacia la neutralidad climática: reducción, compensación y declaración conforme a ISO 14068, con evidencias y sin greenwashing.

📌 Artículo completo: enlace en bio.
❤️ Gestión con corazón desde 2006.

#Sostenibilidad #ESG #MedioAmbiente #TuConsultor #SistemasDeGestión #GestiónConCorazón";https://www.tuconsultor.com/social-img/iso-14068.png;https://www.tuconsultor.com/blog/post.html?p=2027-06-29-iso-14068
2027-06-30;12:30;instagram;EFQM;efqm-primeros-pasos;"💙 Primeros pasos con EFQM: lo que aporta de verdad.

Primeros pasos con EFQM. Trabajar con el Modelo EFQM te da una foto honesta de tu gestión y una hoja de ruta priorizada — el sello es la consecuencia.

📌 Artículo completo: enlace en bio.
❤️ Gestión con corazón desde 2006.

#EFQM #ModeloEFQM #Excelencia #TuConsultor #GestiónConCorazón";https://www.tuconsultor.com/social-img/efqm-primeros-pasos.png;https://www.tuconsultor.com/blog/post.html?p=2027-06-30-efqm-primeros-pasos
2027-07-01;12:30;instagram;NORMAS;memoria-gri;"💙 El error más común al implantar Memoria GRI (y cómo evitarlo).

Copiar documentación de otra empresa y esperar que cuele. El sistema debe nacer de TU actividad real, o se convierte en burocracia muerta.

📌 Artículo completo: enlace en bio.
❤️ Gestión con corazón desde 2006.

#Sostenibilidad #ESG #MedioAmbiente #TuConsultor #SistemasDeGestión #GestiónConCorazón";https://www.tuconsultor.com/social-img/memoria-gri.png;https://www.tuconsultor.com/blog/post.html?p=2027-07-01-memoria-gri
2027-07-02;12:30;instagram;EFQM;efqm-formacion;"💙 Formación EFQM 2025: el fallo que vemos una y otra vez.

Formación EFQM 2025: el error habitual es tratarlo como un trámite documental. EFQM se trabaja desde la dirección, con datos y con las personas.

📌 Artículo completo: enlace en bio.
❤️ Gestión con corazón desde 2006.

#EFQM #ModeloEFQM #Excelencia #TuConsultor #GestiónConCorazón";https://www.tuconsultor.com/social-img/efqm-formacion.png;https://www.tuconsultor.com/blog/post.html?p=2027-07-02-efqm-formacion
2027-07-03;12:30;instagram;NORMAS;einf;"💙 ¿Es EINF para tu organización? Señales de que sí.

Si tus clientes (o la Administración) empiezan a pedírtelo, si has crecido y ""todo está en la cabeza de dos personas"", o si quieres diferenciarte en licitaciones: sí, es para ti.

📌 Artículo completo: enlace en bio.
❤️ Gestión con corazón desde 2006.

#Sostenibilidad #ESG #MedioAmbiente #TuConsultor #SistemasDeGestión #GestiónConCorazón";https://www.tuconsultor.com/social-img/einf.png;https://www.tuconsultor.com/blog/post.html?p=2027-07-03-einf
2027-07-04;12:30;instagram;EFQM;efqm-modelo-2025;"💙 ¿Te toca ya trabajar con el Modelo EFQM?

El Modelo EFQM 2025. Si tu organización ya certifica ISO y quiere dar el salto de ""cumplir"" a ""sobresalir"", el Modelo EFQM es el siguiente paso natural.

📌 Artículo completo: enlace en bio.
❤️ Gestión con corazón desde 2006.

#EFQM #ModeloEFQM #Excelencia #TuConsultor #GestiónConCorazón";https://www.tuconsultor.com/social-img/efqm-modelo-2025.png;https://www.tuconsultor.com/blog/post.html?p=2027-07-04-efqm-modelo-2025
2027-07-05;12:30;instagram;NORMAS;csrd;"💙 CSRD: el primer paso es más simple de lo que crees.

Una conversación de diagnóstico: entender tu punto de partida y dimensionar el proyecto con plazos realistas. Sin compromiso.

📌 Artículo completo: enlace en bio.
❤️ Gestión con corazón desde 2006.

#Sostenibilidad #ESG #MedioAmbiente #TuConsultor #SistemasDeGestión #GestiónConCorazón";https://www.tuconsultor.com/social-img/csrd.png;https://www.tuconsultor.com/blog/post.html?p=2027-07-05-csrd
2027-07-06;12:30;instagram;EFQM;efqm-direccion;"💙 Dimensión Dirección: por dónde empezar.

Dimensión Dirección: Propósito, visión y estrategia que orientan. El primer paso es un Informe de GAP: medir la distancia entre tu gestión actual y el modelo, y decidir con datos.

📌 Artículo completo: enlace en bio.
❤️ Gestión con corazón desde 2006.

#EFQM #ModeloEFQM #Excelencia #TuConsultor #GestiónConCorazón";https://www.tuconsultor.com/social-img/efqm-direccion.png;https://www.tuconsultor.com/blog/post.html?p=2027-07-06-efqm-direccion
2027-07-07;12:30;instagram;NORMAS;esg;"💙 ¿Qué es ESG y para qué sirve de verdad?

Definimos tu estrategia ESG con objetivos medibles y la conectamos con ratings, financiación sostenible y requisitos de clientes.

📌 Artículo completo: enlace en bio.
❤️ Gestión con corazón desde 2006.

#Sostenibilidad #ESG #MedioAmbiente #TuConsultor #SistemasDeGestión #GestiónConCorazón";https://www.tuconsultor.com/social-img/esg.png;https://www.tuconsultor.com/blog/post.html?p=2027-07-07-esg
2027-07-08;12:30;instagram;EFQM;efqm-ejecucion;"💙 Dimensión Ejecución, explicado sin humo.

Dimensión Ejecución: De la estrategia al funcionamiento diario. El Modelo EFQM 2025 no es un premio, es un marco para transformar la organización con criterio.

📌 Artículo completo: enlace en bio.
❤️ Gestión con corazón desde 2006.

#EFQM #ModeloEFQM #Excelencia #TuConsultor #GestiónConCorazón";https://www.tuconsultor.com/social-img/efqm-ejecucion.png;https://www.tuconsultor.com/blog/post.html?p=2027-07-08-efqm-ejecucion
2027-07-09;12:30;instagram;NORMAS;iso-50001;"💙 ISO 50001: Gestión de la energía. Y esto es lo que gana tu organización.

Sistema de gestión energética ISO 50001: línea base, desempeño y ahorro real, con cumplimiento del RD de auditorías energéticas.

📌 Artículo completo: enlace en bio.
❤️ Gestión con corazón desde 2006.

#Sostenibilidad #ESG #MedioAmbiente #TuConsultor #SistemasDeGestión #GestiónConCorazón";https://www.tuconsultor.com/social-img/iso-50001.png;https://www.tuconsultor.com/blog/post.html?p=2027-07-09-iso-50001
2027-07-10;12:30;instagram;EFQM;efqm-resultados;"💙 Dimensión Resultados: lo que aporta de verdad.

Dimensión Resultados. Trabajar con el Modelo EFQM te da una foto honesta de tu gestión y una hoja de ruta priorizada — el sello es la consecuencia.

📌 Artículo completo: enlace en bio.
❤️ Gestión con corazón desde 2006.

#EFQM #ModeloEFQM #Excelencia #TuConsultor #GestiónConCorazón";https://www.tuconsultor.com/social-img/efqm-resultados.png;https://www.tuconsultor.com/blog/post.html?p=2027-07-10-efqm-resultados
2027-07-11;12:30;instagram;NORMAS;iso-14006;"💙 El error más común al implantar ISO 14006 (y cómo evitarlo).

Copiar documentación de otra empresa y esperar que cuele. El sistema debe nacer de TU actividad real, o se convierte en burocracia muerta.

📌 Artículo completo: enlace en bio.
❤️ Gestión con corazón desde 2006.

#Sostenibilidad #ESG #MedioAmbiente #TuConsultor #SistemasDeGestión #GestiónConCorazón";https://www.tuconsultor.com/social-img/iso-14006.png;https://www.tuconsultor.com/blog/post.html?p=2027-07-11-iso-14006
2027-07-12;12:30;instagram;EFQM;efqm-criterio1;"💙 Propósito, visión y estrategia: el fallo que vemos una y otra vez.

Propósito, visión y estrategia: el error habitual es tratarlo como un trámite documental. EFQM se trabaja desde la dirección, con datos y con las personas.

📌 Artículo completo: enlace en bio.
❤️ Gestión con corazón desde 2006.

#EFQM #ModeloEFQM #Excelencia #TuConsultor #GestiónConCorazón";https://www.tuconsultor.com/social-img/efqm-criterio1.png;https://www.tuconsultor.com/blog/post.html?p=2027-07-12-efqm-criterio1
2027-07-13;12:30;instagram;NORMAS;huella-hidrica;"💙 ¿Es Huella Hídrica para tu organización? Señales de que sí.

Si tus clientes (o la Administración) empiezan a pedírtelo, si has crecido y ""todo está en la cabeza de dos personas"", o si quieres diferenciarte en licitaciones: sí, es para ti.

📌 Artículo completo: enlace en bio.
❤️ Gestión con corazón desde 2006.

#Sostenibilidad #ESG #MedioAmbiente #TuConsultor #SistemasDeGestión #GestiónConCorazón";https://www.tuconsultor.com/social-img/huella-hidrica.png;https://www.tuconsultor.com/blog/post.html?p=2027-07-13-huella-hidrica
2027-07-14;12:30;instagram;EFQM;efqm-criterio2;"💙 ¿Te toca ya trabajar con el Modelo EFQM?

Cultura y liderazgo. Si tu organización ya certifica ISO y quiere dar el salto de ""cumplir"" a ""sobresalir"", el Modelo EFQM es el siguiente paso natural.

📌 Artículo completo: enlace en bio.
❤️ Gestión con corazón desde 2006.

#EFQM #ModeloEFQM #Excelencia #TuConsultor #GestiónConCorazón";https://www.tuconsultor.com/social-img/efqm-criterio2.png;https://www.tuconsultor.com/blog/post.html?p=2027-07-14-efqm-criterio2
2027-07-15;12:30;instagram;NORMAS;movilidad-sostenible;"💙 Plan de Movilidad Sostenible: el primer paso es más simple de lo que crees.

Una conversación de diagnóstico: entender tu punto de partida y dimensionar el proyecto con plazos realistas. Sin compromiso.

📌 Artículo completo: enlace en bio.
❤️ Gestión con corazón desde 2006.

#Sostenibilidad #ESG #MedioAmbiente #TuConsultor #SistemasDeGestión #GestiónConCorazón";https://www.tuconsultor.com/social-img/movilidad-sostenible.png;https://www.tuconsultor.com/blog/post.html?p=2027-07-15-movilidad-sostenible
2027-07-16;12:30;instagram;EFQM;efqm-criterio3;"💙 Implicar a los grupos de interés: por dónde empezar.

Implicar a los grupos de interés: Criterio 3 del Modelo EFQM. El primer paso es un Informe de GAP: medir la distancia entre tu gestión actual y el modelo, y decidir con datos.

📌 Artículo completo: enlace en bio.
❤️ Gestión con corazón desde 2006.

#EFQM #ModeloEFQM #Excelencia #TuConsultor #GestiónConCorazón";https://www.tuconsultor.com/social-img/efqm-criterio3.png;https://www.tuconsultor.com/blog/post.html?p=2027-07-16-efqm-criterio3
2027-07-17;12:30;instagram;NORMAS;pacto-mundial;"💙 ¿Qué es Pacto Mundial y para qué sirve de verdad?

Te ayudamos a adherirte al Pacto Mundial y a elaborar tus informes de progreso anuales con evidencias sólidas.

📌 Artículo completo: enlace en bio.
❤️ Gestión con corazón desde 2006.

#Sostenibilidad #ESG #MedioAmbiente #TuConsultor #SistemasDeGestión #GestiónConCorazón";https://www.tuconsultor.com/social-img/pacto-mundial.png;https://www.tuconsultor.com/blog/post.html?p=2027-07-17-pacto-mundial
2027-07-18;12:30;instagram;EFQM;efqm-criterio4;"💙 Crear valor sostenible, explicado sin humo.

Crear valor sostenible: Criterio 4 del Modelo EFQM. El Modelo EFQM 2025 no es un premio, es un marco para transformar la organización con criterio.

📌 Artículo completo: enlace en bio.
❤️ Gestión con corazón desde 2006.

#EFQM #ModeloEFQM #Excelencia #TuConsultor #GestiónConCorazón";https://www.tuconsultor.com/social-img/efqm-criterio4.png;https://www.tuconsultor.com/blog/post.html?p=2027-07-18-efqm-criterio4
2027-07-19;12:30;instagram;NORMAS;economia-circular;"💙 Economía Circular: Del residuo al recurso. Y esto es lo que gana tu organización.

Diagnóstico y hoja de ruta de economía circular: reducción de residuos, subproductos y nuevos modelos de negocio circulares.

📌 Artículo completo: enlace en bio.
❤️ Gestión con corazón desde 2006.

#Sostenibilidad #ESG #MedioAmbiente #TuConsultor #SistemasDeGestión #GestiónConCorazón";https://www.tuconsultor.com/social-img/economia-circular.png;https://www.tuconsultor.com/blog/post.html?p=2027-07-19-economia-circular
2027-07-20;12:30;instagram;EFQM;efqm-criterio5;"💙 Funcionamiento y transformación: lo que aporta de verdad.

Funcionamiento y transformación. Trabajar con el Modelo EFQM te da una foto honesta de tu gestión y una hoja de ruta priorizada — el sello es la consecuencia.

📌 Artículo completo: enlace en bio.
❤️ Gestión con corazón desde 2006.

#EFQM #ModeloEFQM #Excelencia #TuConsultor #GestiónConCorazón";https://www.tuconsultor.com/social-img/efqm-criterio5.png;https://www.tuconsultor.com/blog/post.html?p=2027-07-20-efqm-criterio5
2027-07-21;12:30;instagram;NORMAS;iso-27001;"💙 El error más común al implantar ISO 27001 (y cómo evitarlo).

Copiar documentación de otra empresa y esperar que cuele. El sistema debe nacer de TU actividad real, o se convierte en burocracia muerta.

📌 Artículo completo: enlace en bio.
❤️ Gestión con corazón desde 2006.

#Ciberseguridad #ISO27001 #ENS #TuConsultor #SistemasDeGestión #GestiónConCorazón";https://www.tuconsultor.com/social-img/iso-27001.png;https://www.tuconsultor.com/blog/post.html?p=2027-07-21-iso-27001
2027-07-22;12:30;instagram;EFQM;efqm-criterio6;"💙 Percepción de los grupos de interés: el fallo que vemos una y otra vez.

Percepción de los grupos de interés: el error habitual es tratarlo como un trámite documental. EFQM se trabaja desde la dirección, con datos y con las personas.

📌 Artículo completo: enlace en bio.
❤️ Gestión con corazón desde 2006.

#EFQM #ModeloEFQM #Excelencia #TuConsultor #GestiónConCorazón";https://www.tuconsultor.com/social-img/efqm-criterio6.png;https://www.tuconsultor.com/blog/post.html?p=2027-07-22-efqm-criterio6
2027-07-23;12:30;instagram;NORMAS;ens;"💙 ¿Es Esquema Nacional de Seguridad para tu organización? Señales de que sí.

Si tus clientes (o la Administración) empiezan a pedírtelo, si has crecido y ""todo está en la cabeza de dos personas"", o si quieres diferenciarte en licitaciones: sí, es para ti.

📌 Artículo completo: enlace en bio.
❤️ Gestión con corazón desde 2006.

#Ciberseguridad #ISO27001 #ENS #TuConsultor #SistemasDeGestión #GestiónConCorazón";https://www.tuconsultor.com/social-img/ens.png;https://www.tuconsultor.com/blog/post.html?p=2027-07-23-ens
2027-07-24;12:30;instagram;EFQM;efqm-criterio7;"💙 ¿Te toca ya trabajar con el Modelo EFQM?

Rendimiento estratégico y operativo. Si tu organización ya certifica ISO y quiere dar el salto de ""cumplir"" a ""sobresalir"", el Modelo EFQM es el siguiente paso natural.

📌 Artículo completo: enlace en bio.
❤️ Gestión con corazón desde 2006.

#EFQM #ModeloEFQM #Excelencia #TuConsultor #GestiónConCorazón";https://www.tuconsultor.com/social-img/efqm-criterio7.png;https://www.tuconsultor.com/blog/post.html?p=2027-07-24-efqm-criterio7
2027-07-25;12:30;instagram;NORMAS;eni;"💙 Esquema Nacional de Interoperabilidad: el primer paso es más simple de lo que crees.

Una conversación de diagnóstico: entender tu punto de partida y dimensionar el proyecto con plazos realistas. Sin compromiso.

📌 Artículo completo: enlace en bio.
❤️ Gestión con corazón desde 2006.

#Ciberseguridad #ISO27001 #ENS #TuConsultor #SistemasDeGestión #GestiónConCorazón";https://www.tuconsultor.com/social-img/eni.png;https://www.tuconsultor.com/blog/post.html?p=2027-07-25-eni
2027-07-26;12:30;instagram;EFQM;efqm-radar;"💙 La lógica RADAR: por dónde empezar.

La lógica RADAR: Resultados, enfoques, despliegue, evaluación y revisión. El primer paso es un Informe de GAP: medir la distancia entre tu gestión actual y el modelo, y decidir con datos.

📌 Artículo completo: enlace en bio.
❤️ Gestión con corazón desde 2006.

#EFQM #ModeloEFQM #Excelencia #TuConsultor #GestiónConCorazón";https://www.tuconsultor.com/social-img/efqm-radar.png;https://www.tuconsultor.com/blog/post.html?p=2027-07-26-efqm-radar
2027-07-27;12:30;instagram;NORMAS;iso-22301;"💙 ¿Qué es ISO 22301 y para qué sirve de verdad?

Sistema de gestión de continuidad de negocio ISO 22301: análisis de impacto, planes de continuidad y pruebas periódicas.

📌 Artículo completo: enlace en bio.
❤️ Gestión con corazón desde 2006.

#Ciberseguridad #ISO27001 #ENS #TuConsultor #SistemasDeGestión #GestiónConCorazón";https://www.tuconsultor.com/social-img/iso-22301.png;https://www.tuconsultor.com/blog/post.html?p=2027-07-27-iso-22301
2027-07-28;12:30;instagram;EFQM;efqm-gap;"💙 Informe de GAP, explicado sin humo.

Informe de GAP: Mide la distancia entre tu gestión y la excelencia. El Modelo EFQM 2025 no es un premio, es un marco para transformar la organización con criterio.

📌 Artículo completo: enlace en bio.
❤️ Gestión con corazón desde 2006.

#EFQM #ModeloEFQM #Excelencia #TuConsultor #GestiónConCorazón";https://www.tuconsultor.com/social-img/efqm-gap.png;https://www.tuconsultor.com/blog/post.html?p=2027-07-28-efqm-gap
2027-07-29;12:30;instagram;NORMAS;plan-director-seguridad;"💙 Plan Director de Seguridad: Tu hoja de ruta de ciberseguridad. Y esto es lo que gana tu organización.

Evaluamos tu nivel de madurez y diseñamos un plan director de seguridad priorizado por riesgo, presupuesto y plazos realistas.

📌 Artículo completo: enlace en bio.
❤️ Gestión con corazón desde 2006.

#Ciberseguridad #ISO27001 #ENS #TuConsultor #SistemasDeGestión #GestiónConCorazón";https://www.tuconsultor.com/social-img/plan-director-seguridad.png;https://www.tuconsultor.com/blog/post.html?p=2027-07-29-plan-director-seguridad
2027-07-30;12:30;instagram;EFQM;efqm-autoevaluacion;"💙 Autoevaluación EFQM: lo que aporta de verdad.

Autoevaluación EFQM. Trabajar con el Modelo EFQM te da una foto honesta de tu gestión y una hoja de ruta priorizada — el sello es la consecuencia.

📌 Artículo completo: enlace en bio.
❤️ Gestión con corazón desde 2006.

#EFQM #ModeloEFQM #Excelencia #TuConsultor #GestiónConCorazón";https://www.tuconsultor.com/social-img/efqm-autoevaluacion.png;https://www.tuconsultor.com/blog/post.html?p=2027-07-30-efqm-autoevaluacion
2027-07-31;12:30;instagram;NORMAS;hacking-etico;"💙 El error más común al implantar Hacking Ético (y cómo evitarlo).

Copiar documentación de otra empresa y esperar que cuele. El sistema debe nacer de TU actividad real, o se convierte en burocracia muerta.

📌 Artículo completo: enlace en bio.
❤️ Gestión con corazón desde 2006.

#Ciberseguridad #ISO27001 #ENS #TuConsultor #SistemasDeGestión #GestiónConCorazón";https://www.tuconsultor.com/social-img/hacking-etico.png;https://www.tuconsultor.com/blog/post.html?p=2027-07-31-hacking-etico
