fecha;hora;red;serie;tema;texto;imagen;enlace
2026-08-01;17:00;x;NORMAS;iso-9001;¿Qué es ISO 9001 y para qué sirve de verdad? https://www.tuconsultor.com/blog/post.html?p=2026-08-01-iso-9001 #Calidad #ISO9001;https://www.tuconsultor.com/social-img/iso-9001.png;https://www.tuconsultor.com/blog/post.html?p=2026-08-01-iso-9001
2026-08-02;17:00;x;EFQM;efqm-modelo-2025;El Modelo EFQM 2025, explicado sin humo. https://www.tuconsultor.com/blog/post.html?p=2026-08-02-efqm-modelo-2025 #EFQM #ModeloEFQM;https://www.tuconsultor.com/social-img/efqm-modelo-2025.png;https://www.tuconsultor.com/blog/post.html?p=2026-08-02-efqm-modelo-2025
2026-08-03;17:00;x;NORMAS;efqm;Modelo EFQM: Excelencia empresarial con el Modelo EFQM 2025. Y esto es lo que gana tu organización. https://www.tuconsultor.com/blog/post.html?p=2026-08-03-efqm #Calidad #ISO9001;https://www.tuconsultor.com/social-img/efqm.png;https://www.tuconsultor.com/blog/post.html?p=2026-08-03-efqm
2026-08-04;17:00;x;EFQM;efqm-direccion;Dimensión Dirección: lo que aporta de verdad. https://www.tuconsultor.com/blog/post.html?p=2026-08-04-efqm-direccion #EFQM #ModeloEFQM;https://www.tuconsultor.com/social-img/efqm-direccion.png;https://www.tuconsultor.com/blog/post.html?p=2026-08-04-efqm-direccion
2026-08-05;17:00;x;NORMAS;madrid-excelente;El error más común al implantar Madrid Excelente (y cómo evitarlo). https://www.tuconsultor.com/blog/post.html?p=2026-08-05-madrid-excelente #Calidad #ISO9001;https://www.tuconsultor.com/social-img/madrid-excelente.png;https://www.tuconsultor.com/blog/post.html?p=2026-08-05-madrid-excelente
2026-08-06;17:00;x;EFQM;efqm-ejecucion;Dimensión Ejecución: el fallo que vemos una y otra vez. https://www.tuconsultor.com/blog/post.html?p=2026-08-06-efqm-ejecucion #EFQM #ModeloEFQM;https://www.tuconsultor.com/social-img/efqm-ejecucion.png;https://www.tuconsultor.com/blog/post.html?p=2026-08-06-efqm-ejecucion
2026-08-07;17:00;x;NORMAS;iso-9004;¿Es ISO 9004 para tu organización? Señales de que sí. https://www.tuconsultor.com/blog/post.html?p=2026-08-07-iso-9004 #Calidad #ISO9001;https://www.tuconsultor.com/social-img/iso-9004.png;https://www.tuconsultor.com/blog/post.html?p=2026-08-07-iso-9004
2026-08-08;17:00;x;EFQM;efqm-resultados;¿Te toca ya trabajar con el Modelo EFQM? https://www.tuconsultor.com/blog/post.html?p=2026-08-08-efqm-resultados #EFQM #ModeloEFQM;https://www.tuconsultor.com/social-img/efqm-resultados.png;https://www.tuconsultor.com/blog/post.html?p=2026-08-08-efqm-resultados
2026-08-09;17:00;x;NORMAS;une-93200;UNE 93200: el primer paso es más simple de lo que crees. https://www.tuconsultor.com/blog/post.html?p=2026-08-09-une-93200 #Calidad #ISO9001;https://www.tuconsultor.com/social-img/une-93200.png;https://www.tuconsultor.com/blog/post.html?p=2026-08-09-une-93200
2026-08-10;17:00;x;EFQM;efqm-criterio1;Propósito, visión y estrategia: por dónde empezar. https://www.tuconsultor.com/blog/post.html?p=2026-08-10-efqm-criterio1 #EFQM #ModeloEFQM;https://www.tuconsultor.com/social-img/efqm-criterio1.png;https://www.tuconsultor.com/blog/post.html?p=2026-08-10-efqm-criterio1
2026-08-11;17:00;x;NORMAS;iso-13485;¿Qué es ISO 13485 y para qué sirve de verdad? https://www.tuconsultor.com/blog/post.html?p=2026-08-11-iso-13485 #Calidad #ISO9001;https://www.tuconsultor.com/social-img/iso-13485.png;https://www.tuconsultor.com/blog/post.html?p=2026-08-11-iso-13485
2026-08-12;17:00;x;EFQM;efqm-criterio2;Cultura y liderazgo, explicado sin humo. https://www.tuconsultor.com/blog/post.html?p=2026-08-12-efqm-criterio2 #EFQM #ModeloEFQM;https://www.tuconsultor.com/social-img/efqm-criterio2.png;https://www.tuconsultor.com/blog/post.html?p=2026-08-12-efqm-criterio2
2026-08-13;17:00;x;NORMAS;iso-17025;ISO 17025: Competencia de laboratorios. Y esto es lo que gana tu organización. https://www.tuconsultor.com/blog/post.html?p=2026-08-13-iso-17025 #Calidad #ISO9001;https://www.tuconsultor.com/social-img/iso-17025.png;https://www.tuconsultor.com/blog/post.html?p=2026-08-13-iso-17025
2026-08-14;17:00;x;EFQM;efqm-criterio3;Implicar a los grupos de interés: lo que aporta de verdad. https://www.tuconsultor.com/blog/post.html?p=2026-08-14-efqm-criterio3 #EFQM #ModeloEFQM;https://www.tuconsultor.com/social-img/efqm-criterio3.png;https://www.tuconsultor.com/blog/post.html?p=2026-08-14-efqm-criterio3
2026-08-15;17:00;x;NORMAS;iatf-16949;El error más común al implantar IATF 16949 (y cómo evitarlo). https://www.tuconsultor.com/blog/post.html?p=2026-08-15-iatf-16949 #Calidad #ISO9001;https://www.tuconsultor.com/social-img/iatf-16949.png;https://www.tuconsultor.com/blog/post.html?p=2026-08-15-iatf-16949
2026-08-16;17:00;x;EFQM;efqm-criterio4;Crear valor sostenible: el fallo que vemos una y otra vez. https://www.tuconsultor.com/blog/post.html?p=2026-08-16-efqm-criterio4 #EFQM #ModeloEFQM;https://www.tuconsultor.com/social-img/efqm-criterio4.png;https://www.tuconsultor.com/blog/post.html?p=2026-08-16-efqm-criterio4
2026-08-17;17:00;x;NORMAS;marcado-ce;¿Es Marcado CE para tu organización? Señales de que sí. https://www.tuconsultor.com/blog/post.html?p=2026-08-17-marcado-ce #Calidad #ISO9001;https://www.tuconsultor.com/social-img/marcado-ce.png;https://www.tuconsultor.com/blog/post.html?p=2026-08-17-marcado-ce
2026-08-18;17:00;x;EFQM;efqm-criterio5;¿Te toca ya trabajar con el Modelo EFQM? https://www.tuconsultor.com/blog/post.html?p=2026-08-18-efqm-criterio5 #EFQM #ModeloEFQM;https://www.tuconsultor.com/social-img/efqm-criterio5.png;https://www.tuconsultor.com/blog/post.html?p=2026-08-18-efqm-criterio5
2026-08-19;17:00;x;NORMAS;iso-14001;ISO 14001: el primer paso es más simple de lo que crees. https://www.tuconsultor.com/blog/post.html?p=2026-08-19-iso-14001 #Sostenibilidad #ESG;https://www.tuconsultor.com/social-img/iso-14001.png;https://www.tuconsultor.com/blog/post.html?p=2026-08-19-iso-14001
2026-08-20;17:00;x;EFQM;efqm-criterio6;Percepción de los grupos de interés: por dónde empezar. https://www.tuconsultor.com/blog/post.html?p=2026-08-20-efqm-criterio6 #EFQM #ModeloEFQM;https://www.tuconsultor.com/social-img/efqm-criterio6.png;https://www.tuconsultor.com/blog/post.html?p=2026-08-20-efqm-criterio6
2026-08-21;17:00;x;NORMAS;emas;¿Qué es EMAS y para qué sirve de verdad? https://www.tuconsultor.com/blog/post.html?p=2026-08-21-emas #Sostenibilidad #ESG;https://www.tuconsultor.com/social-img/emas.png;https://www.tuconsultor.com/blog/post.html?p=2026-08-21-emas
2026-08-22;17:00;x;EFQM;efqm-criterio7;Rendimiento estratégico y operativo, explicado sin humo. https://www.tuconsultor.com/blog/post.html?p=2026-08-22-efqm-criterio7 #EFQM #ModeloEFQM;https://www.tuconsultor.com/social-img/efqm-criterio7.png;https://www.tuconsultor.com/blog/post.html?p=2026-08-22-efqm-criterio7
2026-08-23;17:00;x;NORMAS;huella-de-carbono;Huella de Carbono · ISO 14064: Mide y verifica tus emisiones. Y esto es lo que gana tu organización. https://www.tuconsultor.com/blog/post.html?p=2026-08-23-huella-de-carbono #Sostenibilidad #ESG;https://www.tuconsultor.com/social-img/huella-de-carbono.png;https://www.tuconsultor.com/blog/post.html?p=2026-08-23-huella-de-carbono
2026-08-24;17:00;x;EFQM;efqm-radar;La lógica RADAR: lo que aporta de verdad. https://www.tuconsultor.com/blog/post.html?p=2026-08-24-efqm-radar #EFQM #ModeloEFQM;https://www.tuconsultor.com/social-img/efqm-radar.png;https://www.tuconsultor.com/blog/post.html?p=2026-08-24-efqm-radar
2026-08-25;17:00;x;NORMAS;iso-14068;El error más común al implantar ISO 14068 (y cómo evitarlo). https://www.tuconsultor.com/blog/post.html?p=2026-08-25-iso-14068 #Sostenibilidad #ESG;https://www.tuconsultor.com/social-img/iso-14068.png;https://www.tuconsultor.com/blog/post.html?p=2026-08-25-iso-14068
2026-08-26;17:00;x;EFQM;efqm-gap;Informe de GAP: el fallo que vemos una y otra vez. https://www.tuconsultor.com/blog/post.html?p=2026-08-26-efqm-gap #EFQM #ModeloEFQM;https://www.tuconsultor.com/social-img/efqm-gap.png;https://www.tuconsultor.com/blog/post.html?p=2026-08-26-efqm-gap
2026-08-27;17:00;x;NORMAS;memoria-gri;¿Es Memoria GRI para tu organización? Señales de que sí. https://www.tuconsultor.com/blog/post.html?p=2026-08-27-memoria-gri #Sostenibilidad #ESG;https://www.tuconsultor.com/social-img/memoria-gri.png;https://www.tuconsultor.com/blog/post.html?p=2026-08-27-memoria-gri
2026-08-28;17:00;x;EFQM;efqm-autoevaluacion;¿Te toca ya trabajar con el Modelo EFQM? https://www.tuconsultor.com/blog/post.html?p=2026-08-28-efqm-autoevaluacion #EFQM #ModeloEFQM;https://www.tuconsultor.com/social-img/efqm-autoevaluacion.png;https://www.tuconsultor.com/blog/post.html?p=2026-08-28-efqm-autoevaluacion
2026-08-29;17:00;x;NORMAS;einf;EINF: el primer paso es más simple de lo que crees. https://www.tuconsultor.com/blog/post.html?p=2026-08-29-einf #Sostenibilidad #ESG;https://www.tuconsultor.com/social-img/einf.png;https://www.tuconsultor.com/blog/post.html?p=2026-08-29-einf
2026-08-30;17:00;x;EFQM;efqm-planes;Planes de acción: por dónde empezar. https://www.tuconsultor.com/blog/post.html?p=2026-08-30-efqm-planes #EFQM #ModeloEFQM;https://www.tuconsultor.com/social-img/efqm-planes.png;https://www.tuconsultor.com/blog/post.html?p=2026-08-30-efqm-planes
2026-08-31;17:00;x;NORMAS;csrd;¿Qué es CSRD y para qué sirve de verdad? https://www.tuconsultor.com/blog/post.html?p=2026-08-31-csrd #Sostenibilidad #ESG;https://www.tuconsultor.com/social-img/csrd.png;https://www.tuconsultor.com/blog/post.html?p=2026-08-31-csrd
2026-09-01;17:00;x;EFQM;efqm-memoria;La memoria EFQM, explicado sin humo. https://www.tuconsultor.com/blog/post.html?p=2026-09-01-efqm-memoria #EFQM #ModeloEFQM;https://www.tuconsultor.com/social-img/efqm-memoria.png;https://www.tuconsultor.com/blog/post.html?p=2026-09-01-efqm-memoria
2026-09-02;17:00;x;NORMAS;esg;ESG: Estrategia ambiental, social y de gobernanza. Y esto es lo que gana tu organización. https://www.tuconsultor.com/blog/post.html?p=2026-09-02-esg #Sostenibilidad #ESG;https://www.tuconsultor.com/social-img/esg.png;https://www.tuconsultor.com/blog/post.html?p=2026-09-02-esg
2026-09-03;17:00;x;EFQM;efqm-sello;Sellos EFQM 300 · 400 · 500: lo que aporta de verdad. https://www.tuconsultor.com/blog/post.html?p=2026-09-03-efqm-sello #EFQM #ModeloEFQM;https://www.tuconsultor.com/social-img/efqm-sello.png;https://www.tuconsultor.com/blog/post.html?p=2026-09-03-efqm-sello
2026-09-04;17:00;x;NORMAS;iso-50001;El error más común al implantar ISO 50001 (y cómo evitarlo). https://www.tuconsultor.com/blog/post.html?p=2026-09-04-iso-50001 #Sostenibilidad #ESG;https://www.tuconsultor.com/social-img/iso-50001.png;https://www.tuconsultor.com/blog/post.html?p=2026-09-04-iso-50001
2026-09-05;17:00;x;EFQM;efqm-evaluacion-externa;Evaluación externa: el fallo que vemos una y otra vez. https://www.tuconsultor.com/blog/post.html?p=2026-09-05-efqm-evaluacion-externa #EFQM #ModeloEFQM;https://www.tuconsultor.com/social-img/efqm-evaluacion-externa.png;https://www.tuconsultor.com/blog/post.html?p=2026-09-05-efqm-evaluacion-externa
2026-09-06;17:00;x;NORMAS;iso-14006;¿Es ISO 14006 para tu organización? Señales de que sí. https://www.tuconsultor.com/blog/post.html?p=2026-09-06-iso-14006 #Sostenibilidad #ESG;https://www.tuconsultor.com/social-img/iso-14006.png;https://www.tuconsultor.com/blog/post.html?p=2026-09-06-iso-14006
2026-09-07;17:00;x;EFQM;efqm-vs-iso;¿Te toca ya trabajar con el Modelo EFQM? https://www.tuconsultor.com/blog/post.html?p=2026-09-07-efqm-vs-iso #EFQM #ModeloEFQM;https://www.tuconsultor.com/social-img/efqm-vs-iso.png;https://www.tuconsultor.com/blog/post.html?p=2026-09-07-efqm-vs-iso
2026-09-08;17:00;x;NORMAS;huella-hidrica;Huella Hídrica: el primer paso es más simple de lo que crees. https://www.tuconsultor.com/blog/post.html?p=2026-09-08-huella-hidrica #Sostenibilidad #ESG;https://www.tuconsultor.com/social-img/huella-hidrica.png;https://www.tuconsultor.com/blog/post.html?p=2026-09-08-huella-hidrica
2026-09-09;17:00;x;EFQM;efqm-madrid-excelente;EFQM y Madrid Excelente: por dónde empezar. https://www.tuconsultor.com/blog/post.html?p=2026-09-09-efqm-madrid-excelente #EFQM #ModeloEFQM;https://www.tuconsultor.com/social-img/efqm-madrid-excelente.png;https://www.tuconsultor.com/blog/post.html?p=2026-09-09-efqm-madrid-excelente
2026-09-10;17:00;x;NORMAS;movilidad-sostenible;¿Qué es Plan de Movilidad Sostenible y para qué sirve de verdad? https://www.tuconsultor.com/blog/post.html?p=2026-09-10-movilidad-sostenible #Sostenibilidad #ESG;https://www.tuconsultor.com/social-img/movilidad-sostenible.png;https://www.tuconsultor.com/blog/post.html?p=2026-09-10-movilidad-sostenible
2026-09-11;17:00;x;EFQM;efqm-beneficios;Por qué EFQM, explicado sin humo. https://www.tuconsultor.com/blog/post.html?p=2026-09-11-efqm-beneficios #EFQM #ModeloEFQM;https://www.tuconsultor.com/social-img/efqm-beneficios.png;https://www.tuconsultor.com/blog/post.html?p=2026-09-11-efqm-beneficios
2026-09-12;17:00;x;NORMAS;pacto-mundial;Pacto Mundial: Informes de progreso ante Naciones Unidas. Y esto es lo que gana tu organización. https://www.tuconsultor.com/blog/post.html?p=2026-09-12-pacto-mundial #Sostenibilidad #ESG;https://www.tuconsultor.com/social-img/pacto-mundial.png;https://www.tuconsultor.com/blog/post.html?p=2026-09-12-pacto-mundial
2026-09-13;17:00;x;EFQM;efqm-mitos;Mitos del Modelo EFQM: lo que aporta de verdad. https://www.tuconsultor.com/blog/post.html?p=2026-09-13-efqm-mitos #EFQM #ModeloEFQM;https://www.tuconsultor.com/social-img/efqm-mitos.png;https://www.tuconsultor.com/blog/post.html?p=2026-09-13-efqm-mitos
2026-09-14;17:00;x;NORMAS;economia-circular;El error más común al implantar Economía Circular (y cómo evitarlo). https://www.tuconsultor.com/blog/post.html?p=2026-09-14-economia-circular #Sostenibilidad #ESG;https://www.tuconsultor.com/social-img/economia-circular.png;https://www.tuconsultor.com/blog/post.html?p=2026-09-14-economia-circular
2026-09-15;17:00;x;EFQM;efqm-primeros-pasos;Primeros pasos con EFQM: el fallo que vemos una y otra vez. https://www.tuconsultor.com/blog/post.html?p=2026-09-15-efqm-primeros-pasos #EFQM #ModeloEFQM;https://www.tuconsultor.com/social-img/efqm-primeros-pasos.png;https://www.tuconsultor.com/blog/post.html?p=2026-09-15-efqm-primeros-pasos
2026-09-16;17:00;x;NORMAS;iso-27001;¿Es ISO 27001 para tu organización? Señales de que sí. https://www.tuconsultor.com/blog/post.html?p=2026-09-16-iso-27001 #Ciberseguridad #ISO27001;https://www.tuconsultor.com/social-img/iso-27001.png;https://www.tuconsultor.com/blog/post.html?p=2026-09-16-iso-27001
2026-09-17;17:00;x;EFQM;efqm-formacion;¿Te toca ya trabajar con el Modelo EFQM? https://www.tuconsultor.com/blog/post.html?p=2026-09-17-efqm-formacion #EFQM #ModeloEFQM;https://www.tuconsultor.com/social-img/efqm-formacion.png;https://www.tuconsultor.com/blog/post.html?p=2026-09-17-efqm-formacion
2026-09-18;17:00;x;NORMAS;ens;Esquema Nacional de Seguridad: el primer paso es más simple de lo que crees. https://www.tuconsultor.com/blog/post.html?p=2026-09-18-ens #Ciberseguridad #ISO27001;https://www.tuconsultor.com/social-img/ens.png;https://www.tuconsultor.com/blog/post.html?p=2026-09-18-ens
2026-09-19;17:00;x;EFQM;efqm-modelo-2025;El Modelo EFQM 2025: por dónde empezar. https://www.tuconsultor.com/blog/post.html?p=2026-09-19-efqm-modelo-2025 #EFQM #ModeloEFQM;https://www.tuconsultor.com/social-img/efqm-modelo-2025.png;https://www.tuconsultor.com/blog/post.html?p=2026-09-19-efqm-modelo-2025
2026-09-20;17:00;x;NORMAS;eni;¿Qué es Esquema Nacional de Interoperabilidad y para qué sirve de verdad? https://www.tuconsultor.com/blog/post.html?p=2026-09-20-eni #Ciberseguridad #ISO27001;https://www.tuconsultor.com/social-img/eni.png;https://www.tuconsultor.com/blog/post.html?p=2026-09-20-eni
2026-09-21;17:00;x;EFQM;efqm-direccion;Dimensión Dirección, explicado sin humo. https://www.tuconsultor.com/blog/post.html?p=2026-09-21-efqm-direccion #EFQM #ModeloEFQM;https://www.tuconsultor.com/social-img/efqm-direccion.png;https://www.tuconsultor.com/blog/post.html?p=2026-09-21-efqm-direccion
2026-09-22;17:00;x;NORMAS;iso-22301;ISO 22301: Continuidad de negocio. Y esto es lo que gana tu organización. https://www.tuconsultor.com/blog/post.html?p=2026-09-22-iso-22301 #Ciberseguridad #ISO27001;https://www.tuconsultor.com/social-img/iso-22301.png;https://www.tuconsultor.com/blog/post.html?p=2026-09-22-iso-22301
2026-09-23;17:00;x;EFQM;efqm-ejecucion;Dimensión Ejecución: lo que aporta de verdad. https://www.tuconsultor.com/blog/post.html?p=2026-09-23-efqm-ejecucion #EFQM #ModeloEFQM;https://www.tuconsultor.com/social-img/efqm-ejecucion.png;https://www.tuconsultor.com/blog/post.html?p=2026-09-23-efqm-ejecucion
2026-09-24;17:00;x;NORMAS;plan-director-seguridad;El error más común al implantar Plan Director de Seguridad (y cómo evitarlo). https://www.tuconsultor.com/blog/post.html?p=2026-09-24-plan-director-seguridad #Ciberseguridad #ISO27001;https://www.tuconsultor.com/social-img/plan-director-seguridad.png;https://www.tuconsultor.com/blog/post.html?p=2026-09-24-plan-director-seguridad
2026-09-25;17:00;x;EFQM;efqm-resultados;Dimensión Resultados: el fallo que vemos una y otra vez. https://www.tuconsultor.com/blog/post.html?p=2026-09-25-efqm-resultados #EFQM #ModeloEFQM;https://www.tuconsultor.com/social-img/efqm-resultados.png;https://www.tuconsultor.com/blog/post.html?p=2026-09-25-efqm-resultados
2026-09-26;17:00;x;NORMAS;hacking-etico;¿Es Hacking Ético para tu organización? Señales de que sí. https://www.tuconsultor.com/blog/post.html?p=2026-09-26-hacking-etico #Ciberseguridad #ISO27001;https://www.tuconsultor.com/social-img/hacking-etico.png;https://www.tuconsultor.com/blog/post.html?p=2026-09-26-hacking-etico
2026-09-27;17:00;x;EFQM;efqm-criterio1;¿Te toca ya trabajar con el Modelo EFQM? https://www.tuconsultor.com/blog/post.html?p=2026-09-27-efqm-criterio1 #EFQM #ModeloEFQM;https://www.tuconsultor.com/social-img/efqm-criterio1.png;https://www.tuconsultor.com/blog/post.html?p=2026-09-27-efqm-criterio1
2026-09-28;17:00;x;NORMAS;test-de-intrusion;Test de Intrusión: el primer paso es más simple de lo que crees. https://www.tuconsultor.com/blog/post.html?p=2026-09-28-test-de-intrusion #Ciberseguridad #ISO27001;https://www.tuconsultor.com/social-img/test-de-intrusion.png;https://www.tuconsultor.com/blog/post.html?p=2026-09-28-test-de-intrusion
2026-09-29;17:00;x;EFQM;efqm-criterio2;Cultura y liderazgo: por dónde empezar. https://www.tuconsultor.com/blog/post.html?p=2026-09-29-efqm-criterio2 #EFQM #ModeloEFQM;https://www.tuconsultor.com/social-img/efqm-criterio2.png;https://www.tuconsultor.com/blog/post.html?p=2026-09-29-efqm-criterio2
2026-09-30;17:00;x;NORMAS;bia;¿Qué es Análisis de Impacto de Negocio (BIA) y para qué sirve de verdad? https://www.tuconsultor.com/blog/post.html?p=2026-09-30-bia #Ciberseguridad #ISO27001;https://www.tuconsultor.com/social-img/bia.png;https://www.tuconsultor.com/blog/post.html?p=2026-09-30-bia
2026-10-01;17:00;x;EFQM;efqm-criterio3;Implicar a los grupos de interés, explicado sin humo. https://www.tuconsultor.com/blog/post.html?p=2026-10-01-efqm-criterio3 #EFQM #ModeloEFQM;https://www.tuconsultor.com/social-img/efqm-criterio3.png;https://www.tuconsultor.com/blog/post.html?p=2026-10-01-efqm-criterio3
2026-10-02;17:00;x;NORMAS;pci-dss;PCI DSS: Seguridad en pagos con tarjeta. Y esto es lo que gana tu organización. https://www.tuconsultor.com/blog/post.html?p=2026-10-02-pci-dss #Ciberseguridad #ISO27001;https://www.tuconsultor.com/social-img/pci-dss.png;https://www.tuconsultor.com/blog/post.html?p=2026-10-02-pci-dss
2026-10-03;17:00;x;EFQM;efqm-criterio4;Crear valor sostenible: lo que aporta de verdad. https://www.tuconsultor.com/blog/post.html?p=2026-10-03-efqm-criterio4 #EFQM #ModeloEFQM;https://www.tuconsultor.com/social-img/efqm-criterio4.png;https://www.tuconsultor.com/blog/post.html?p=2026-10-03-efqm-criterio4
2026-10-04;17:00;x;NORMAS;rgpd;El error más común al implantar RGPD y LOPDGDD (y cómo evitarlo). https://www.tuconsultor.com/blog/post.html?p=2026-10-04-rgpd #Ciberseguridad #ISO27001;https://www.tuconsultor.com/social-img/rgpd.png;https://www.tuconsultor.com/blog/post.html?p=2026-10-04-rgpd
2026-10-05;17:00;x;EFQM;efqm-criterio5;Funcionamiento y transformación: el fallo que vemos una y otra vez. https://www.tuconsultor.com/blog/post.html?p=2026-10-05-efqm-criterio5 #EFQM #ModeloEFQM;https://www.tuconsultor.com/social-img/efqm-criterio5.png;https://www.tuconsultor.com/blog/post.html?p=2026-10-05-efqm-criterio5
2026-10-06;17:00;x;NORMAS;iso-27701;¿Es ISO 27701 para tu organización? Señales de que sí. https://www.tuconsultor.com/blog/post.html?p=2026-10-06-iso-27701 #Ciberseguridad #ISO27001;https://www.tuconsultor.com/social-img/iso-27701.png;https://www.tuconsultor.com/blog/post.html?p=2026-10-06-iso-27701
2026-10-07;17:00;x;EFQM;efqm-criterio6;¿Te toca ya trabajar con el Modelo EFQM? https://www.tuconsultor.com/blog/post.html?p=2026-10-07-efqm-criterio6 #EFQM #ModeloEFQM;https://www.tuconsultor.com/social-img/efqm-criterio6.png;https://www.tuconsultor.com/blog/post.html?p=2026-10-07-efqm-criterio6
2026-10-08;17:00;x;NORMAS;nis2;NIS2: el primer paso es más simple de lo que crees. https://www.tuconsultor.com/blog/post.html?p=2026-10-08-nis2 #Ciberseguridad #ISO27001;https://www.tuconsultor.com/social-img/nis2.png;https://www.tuconsultor.com/blog/post.html?p=2026-10-08-nis2
2026-10-09;17:00;x;EFQM;efqm-criterio7;Rendimiento estratégico y operativo: por dónde empezar. https://www.tuconsultor.com/blog/post.html?p=2026-10-09-efqm-criterio7 #EFQM #ModeloEFQM;https://www.tuconsultor.com/social-img/efqm-criterio7.png;https://www.tuconsultor.com/blog/post.html?p=2026-10-09-efqm-criterio7
2026-10-10;17:00;x;NORMAS;une-19601;¿Qué es UNE 19601 y para qué sirve de verdad? https://www.tuconsultor.com/blog/post.html?p=2026-10-10-une-19601 #Compliance #Cumplimiento;https://www.tuconsultor.com/social-img/une-19601.png;https://www.tuconsultor.com/blog/post.html?p=2026-10-10-une-19601
2026-10-11;17:00;x;EFQM;efqm-radar;La lógica RADAR, explicado sin humo. https://www.tuconsultor.com/blog/post.html?p=2026-10-11-efqm-radar #EFQM #ModeloEFQM;https://www.tuconsultor.com/social-img/efqm-radar.png;https://www.tuconsultor.com/blog/post.html?p=2026-10-11-efqm-radar
2026-10-12;17:00;x;NORMAS;iso-37001;ISO 37001: Antisoborno. Y esto es lo que gana tu organización. https://www.tuconsultor.com/blog/post.html?p=2026-10-12-iso-37001 #Compliance #Cumplimiento;https://www.tuconsultor.com/social-img/iso-37001.png;https://www.tuconsultor.com/blog/post.html?p=2026-10-12-iso-37001
2026-10-13;17:00;x;EFQM;efqm-gap;Informe de GAP: lo que aporta de verdad. https://www.tuconsultor.com/blog/post.html?p=2026-10-13-efqm-gap #EFQM #ModeloEFQM;https://www.tuconsultor.com/social-img/efqm-gap.png;https://www.tuconsultor.com/blog/post.html?p=2026-10-13-efqm-gap
2026-10-14;17:00;x;NORMAS;iso-37301;El error más común al implantar ISO 37301 (y cómo evitarlo). https://www.tuconsultor.com/blog/post.html?p=2026-10-14-iso-37301 #Compliance #Cumplimiento;https://www.tuconsultor.com/social-img/iso-37301.png;https://www.tuconsultor.com/blog/post.html?p=2026-10-14-iso-37301
2026-10-15;17:00;x;EFQM;efqm-autoevaluacion;Autoevaluación EFQM: el fallo que vemos una y otra vez. https://www.tuconsultor.com/blog/post.html?p=2026-10-15-efqm-autoevaluacion #EFQM #ModeloEFQM;https://www.tuconsultor.com/social-img/efqm-autoevaluacion.png;https://www.tuconsultor.com/blog/post.html?p=2026-10-15-efqm-autoevaluacion
2026-10-16;17:00;x;NORMAS;une-19602;¿Es UNE 19602 para tu organización? Señales de que sí. https://www.tuconsultor.com/blog/post.html?p=2026-10-16-une-19602 #Compliance #Cumplimiento;https://www.tuconsultor.com/social-img/une-19602.png;https://www.tuconsultor.com/blog/post.html?p=2026-10-16-une-19602
2026-10-17;17:00;x;EFQM;efqm-planes;¿Te toca ya trabajar con el Modelo EFQM? https://www.tuconsultor.com/blog/post.html?p=2026-10-17-efqm-planes #EFQM #ModeloEFQM;https://www.tuconsultor.com/social-img/efqm-planes.png;https://www.tuconsultor.com/blog/post.html?p=2026-10-17-efqm-planes
2026-10-18;17:00;x;NORMAS;canal-de-denuncias;Canal de Denuncias: el primer paso es más simple de lo que crees. https://www.tuconsultor.com/blog/post.html?p=2026-10-18-canal-de-denuncias #Compliance #Cumplimiento;https://www.tuconsultor.com/social-img/canal-de-denuncias.png;https://www.tuconsultor.com/blog/post.html?p=2026-10-18-canal-de-denuncias
2026-10-19;17:00;x;EFQM;efqm-memoria;La memoria EFQM: por dónde empezar. https://www.tuconsultor.com/blog/post.html?p=2026-10-19-efqm-memoria #EFQM #ModeloEFQM;https://www.tuconsultor.com/social-img/efqm-memoria.png;https://www.tuconsultor.com/blog/post.html?p=2026-10-19-efqm-memoria
2026-10-20;17:00;x;NORMAS;prevencion-blanqueo;¿Qué es Prevención de Blanqueo de Capitales y para qué sirve de verdad? https://www.tuconsultor.com/blog/post.html?p=2026-10-20-prevencion-blanqueo #Compliance #Cumplimiento;https://www.tuconsultor.com/social-img/prevencion-blanqueo.png;https://www.tuconsultor.com/blog/post.html?p=2026-10-20-prevencion-blanqueo
2026-10-21;17:00;x;EFQM;efqm-sello;Sellos EFQM 300 · 400 · 500, explicado sin humo. https://www.tuconsultor.com/blog/post.html?p=2026-10-21-efqm-sello #EFQM #ModeloEFQM;https://www.tuconsultor.com/social-img/efqm-sello.png;https://www.tuconsultor.com/blog/post.html?p=2026-10-21-efqm-sello
2026-10-22;17:00;x;NORMAS;informes-soc;Informes SOC: Confianza para tus clientes (SOC 1/2). Y esto es lo que gana tu organización. https://www.tuconsultor.com/blog/post.html?p=2026-10-22-informes-soc #Compliance #Cumplimiento;https://www.tuconsultor.com/social-img/informes-soc.png;https://www.tuconsultor.com/blog/post.html?p=2026-10-22-informes-soc
2026-10-23;17:00;x;EFQM;efqm-evaluacion-externa;Evaluación externa: lo que aporta de verdad. https://www.tuconsultor.com/blog/post.html?p=2026-10-23-efqm-evaluacion-externa #EFQM #ModeloEFQM;https://www.tuconsultor.com/social-img/efqm-evaluacion-externa.png;https://www.tuconsultor.com/blog/post.html?p=2026-10-23-efqm-evaluacion-externa
2026-10-24;17:00;x;NORMAS;gobierno-corporativo;El error más común al implantar Gobierno Corporativo (y cómo evitarlo). https://www.tuconsultor.com/blog/post.html?p=2026-10-24-gobierno-corporativo #Compliance #Cumplimiento;https://www.tuconsultor.com/social-img/gobierno-corporativo.png;https://www.tuconsultor.com/blog/post.html?p=2026-10-24-gobierno-corporativo
2026-10-25;17:00;x;EFQM;efqm-vs-iso;EFQM e ISO 9001: el fallo que vemos una y otra vez. https://www.tuconsultor.com/blog/post.html?p=2026-10-25-efqm-vs-iso #EFQM #ModeloEFQM;https://www.tuconsultor.com/social-img/efqm-vs-iso.png;https://www.tuconsultor.com/blog/post.html?p=2026-10-25-efqm-vs-iso
2026-10-26;17:00;x;NORMAS;proteccion-datos-compliance;¿Es Compliance de Protección de Datos para tu organización? Señales de que sí. https://www.tuconsultor.com/blog/post.html?p=2026-10-26-proteccion-datos-compliance #Compliance #Cumplimiento;https://www.tuconsultor.com/social-img/proteccion-datos-compliance.png;https://www.tuconsultor.com/blog/post.html?p=2026-10-26-proteccion-datos-compliance
2026-10-27;17:00;x;EFQM;efqm-madrid-excelente;¿Te toca ya trabajar con el Modelo EFQM? https://www.tuconsultor.com/blog/post.html?p=2026-10-27-efqm-madrid-excelente #EFQM #ModeloEFQM;https://www.tuconsultor.com/social-img/efqm-madrid-excelente.png;https://www.tuconsultor.com/blog/post.html?p=2026-10-27-efqm-madrid-excelente
2026-10-28;17:00;x;NORMAS;iso-45001;ISO 45001: el primer paso es más simple de lo que crees. https://www.tuconsultor.com/blog/post.html?p=2026-10-28-iso-45001 #PersonasYCultura #SeguridadLaboral;https://www.tuconsultor.com/social-img/iso-45001.png;https://www.tuconsultor.com/blog/post.html?p=2026-10-28-iso-45001
2026-10-29;17:00;x;EFQM;efqm-beneficios;Por qué EFQM: por dónde empezar. https://www.tuconsultor.com/blog/post.html?p=2026-10-29-efqm-beneficios #EFQM #ModeloEFQM;https://www.tuconsultor.com/social-img/efqm-beneficios.png;https://www.tuconsultor.com/blog/post.html?p=2026-10-29-efqm-beneficios
2026-10-30;17:00;x;NORMAS;empresa-saludable;¿Qué es Empresa Saludable y para qué sirve de verdad? https://www.tuconsultor.com/blog/post.html?p=2026-10-30-empresa-saludable #PersonasYCultura #SeguridadLaboral;https://www.tuconsultor.com/social-img/empresa-saludable.png;https://www.tuconsultor.com/blog/post.html?p=2026-10-30-empresa-saludable
2026-10-31;17:00;x;EFQM;efqm-mitos;Mitos del Modelo EFQM, explicado sin humo. https://www.tuconsultor.com/blog/post.html?p=2026-10-31-efqm-mitos #EFQM #ModeloEFQM;https://www.tuconsultor.com/social-img/efqm-mitos.png;https://www.tuconsultor.com/blog/post.html?p=2026-10-31-efqm-mitos
2026-11-01;17:00;x;NORMAS;efr;EFR: Empresa familiarmente responsable. Y esto es lo que gana tu organización. https://www.tuconsultor.com/blog/post.html?p=2026-11-01-efr #PersonasYCultura #SeguridadLaboral;https://www.tuconsultor.com/social-img/efr.png;https://www.tuconsultor.com/blog/post.html?p=2026-11-01-efr
2026-11-02;17:00;x;EFQM;efqm-primeros-pasos;Primeros pasos con EFQM: lo que aporta de verdad. https://www.tuconsultor.com/blog/post.html?p=2026-11-02-efqm-primeros-pasos #EFQM #ModeloEFQM;https://www.tuconsultor.com/social-img/efqm-primeros-pasos.png;https://www.tuconsultor.com/blog/post.html?p=2026-11-02-efqm-primeros-pasos
2026-11-03;17:00;x;NORMAS;plan-de-igualdad;El error más común al implantar Plan de Igualdad (y cómo evitarlo). https://www.tuconsultor.com/blog/post.html?p=2026-11-03-plan-de-igualdad #PersonasYCultura #SeguridadLaboral;https://www.tuconsultor.com/social-img/plan-de-igualdad.png;https://www.tuconsultor.com/blog/post.html?p=2026-11-03-plan-de-igualdad
2026-11-04;17:00;x;EFQM;efqm-formacion;Formación EFQM 2025: el fallo que vemos una y otra vez. https://www.tuconsultor.com/blog/post.html?p=2026-11-04-efqm-formacion #EFQM #ModeloEFQM;https://www.tuconsultor.com/social-img/efqm-formacion.png;https://www.tuconsultor.com/blog/post.html?p=2026-11-04-efqm-formacion
2026-11-05;17:00;x;NORMAS;protocolo-acoso;¿Es Protocolo de Acoso para tu organización? Señales de que sí. https://www.tuconsultor.com/blog/post.html?p=2026-11-05-protocolo-acoso #PersonasYCultura #SeguridadLaboral;https://www.tuconsultor.com/social-img/protocolo-acoso.png;https://www.tuconsultor.com/blog/post.html?p=2026-11-05-protocolo-acoso
2026-11-06;17:00;x;EFQM;efqm-modelo-2025;¿Te toca ya trabajar con el Modelo EFQM? https://www.tuconsultor.com/blog/post.html?p=2026-11-06-efqm-modelo-2025 #EFQM #ModeloEFQM;https://www.tuconsultor.com/social-img/efqm-modelo-2025.png;https://www.tuconsultor.com/blog/post.html?p=2026-11-06-efqm-modelo-2025
2026-11-07;17:00;x;NORMAS;desconexion-digital;Desconexión Digital: el primer paso es más simple de lo que crees. https://www.tuconsultor.com/blog/post.html?p=2026-11-07-desconexion-digital #PersonasYCultura #SeguridadLaboral;https://www.tuconsultor.com/social-img/desconexion-digital.png;https://www.tuconsultor.com/blog/post.html?p=2026-11-07-desconexion-digital
2026-11-08;17:00;x;EFQM;efqm-direccion;Dimensión Dirección: por dónde empezar. https://www.tuconsultor.com/blog/post.html?p=2026-11-08-efqm-direccion #EFQM #ModeloEFQM;https://www.tuconsultor.com/social-img/efqm-direccion.png;https://www.tuconsultor.com/blog/post.html?p=2026-11-08-efqm-direccion
2026-11-09;17:00;x;NORMAS;iso-21001;¿Qué es ISO 21001 y para qué sirve de verdad? https://www.tuconsultor.com/blog/post.html?p=2026-11-09-iso-21001 #PersonasYCultura #SeguridadLaboral;https://www.tuconsultor.com/social-img/iso-21001.png;https://www.tuconsultor.com/blog/post.html?p=2026-11-09-iso-21001
2026-11-10;17:00;x;EFQM;efqm-ejecucion;Dimensión Ejecución, explicado sin humo. https://www.tuconsultor.com/blog/post.html?p=2026-11-10-efqm-ejecucion #EFQM #ModeloEFQM;https://www.tuconsultor.com/social-img/efqm-ejecucion.png;https://www.tuconsultor.com/blog/post.html?p=2026-11-10-efqm-ejecucion
2026-11-11;17:00;x;NORMAS;une-158101;UNE 158101: Calidad en servicios de mayores. Y esto es lo que gana tu organización. https://www.tuconsultor.com/blog/post.html?p=2026-11-11-une-158101 #PersonasYCultura #SeguridadLaboral;https://www.tuconsultor.com/social-img/une-158101.png;https://www.tuconsultor.com/blog/post.html?p=2026-11-11-une-158101
2026-11-12;17:00;x;EFQM;efqm-resultados;Dimensión Resultados: lo que aporta de verdad. https://www.tuconsultor.com/blog/post.html?p=2026-11-12-efqm-resultados #EFQM #ModeloEFQM;https://www.tuconsultor.com/social-img/efqm-resultados.png;https://www.tuconsultor.com/blog/post.html?p=2026-11-12-efqm-resultados
2026-11-13;17:00;x;NORMAS;sge-21;El error más común al implantar SGE 21 (y cómo evitarlo). https://www.tuconsultor.com/blog/post.html?p=2026-11-13-sge-21 #RSC #ResponsabilidadSocial;https://www.tuconsultor.com/social-img/sge-21.png;https://www.tuconsultor.com/blog/post.html?p=2026-11-13-sge-21
2026-11-14;17:00;x;EFQM;efqm-criterio1;Propósito, visión y estrategia: el fallo que vemos una y otra vez. https://www.tuconsultor.com/blog/post.html?p=2026-11-14-efqm-criterio1 #EFQM #ModeloEFQM;https://www.tuconsultor.com/social-img/efqm-criterio1.png;https://www.tuconsultor.com/blog/post.html?p=2026-11-14-efqm-criterio1
2026-11-15;17:00;x;NORMAS;sa-8000;¿Es SA 8000 para tu organización? Señales de que sí. https://www.tuconsultor.com/blog/post.html?p=2026-11-15-sa-8000 #RSC #ResponsabilidadSocial;https://www.tuconsultor.com/social-img/sa-8000.png;https://www.tuconsultor.com/blog/post.html?p=2026-11-15-sa-8000
2026-11-16;17:00;x;EFQM;efqm-criterio2;¿Te toca ya trabajar con el Modelo EFQM? https://www.tuconsultor.com/blog/post.html?p=2026-11-16-efqm-criterio2 #EFQM #ModeloEFQM;https://www.tuconsultor.com/social-img/efqm-criterio2.png;https://www.tuconsultor.com/blog/post.html?p=2026-11-16-efqm-criterio2
2026-11-17;17:00;x;NORMAS;iqnet-sr10;IQNet SR10: el primer paso es más simple de lo que crees. https://www.tuconsultor.com/blog/post.html?p=2026-11-17-iqnet-sr10 #RSC #ResponsabilidadSocial;https://www.tuconsultor.com/social-img/iqnet-sr10.png;https://www.tuconsultor.com/blog/post.html?p=2026-11-17-iqnet-sr10
2026-11-18;17:00;x;EFQM;efqm-criterio3;Implicar a los grupos de interés: por dónde empezar. https://www.tuconsultor.com/blog/post.html?p=2026-11-18-efqm-criterio3 #EFQM #ModeloEFQM;https://www.tuconsultor.com/social-img/efqm-criterio3.png;https://www.tuconsultor.com/blog/post.html?p=2026-11-18-efqm-criterio3
2026-11-19;17:00;x;NORMAS;smeta;¿Qué es SMETA y para qué sirve de verdad? https://www.tuconsultor.com/blog/post.html?p=2026-11-19-smeta #RSC #ResponsabilidadSocial;https://www.tuconsultor.com/social-img/smeta.png;https://www.tuconsultor.com/blog/post.html?p=2026-11-19-smeta
2026-11-20;17:00;x;EFQM;efqm-criterio4;Crear valor sostenible, explicado sin humo. https://www.tuconsultor.com/blog/post.html?p=2026-11-20-efqm-criterio4 #EFQM #ModeloEFQM;https://www.tuconsultor.com/social-img/efqm-criterio4.png;https://www.tuconsultor.com/blog/post.html?p=2026-11-20-efqm-criterio4
2026-11-21;17:00;x;NORMAS;b-corp;B Corp: Empresas con propósito. Y esto es lo que gana tu organización. https://www.tuconsultor.com/blog/post.html?p=2026-11-21-b-corp #RSC #ResponsabilidadSocial;https://www.tuconsultor.com/social-img/b-corp.png;https://www.tuconsultor.com/blog/post.html?p=2026-11-21-b-corp
2026-11-22;17:00;x;EFQM;efqm-criterio5;Funcionamiento y transformación: lo que aporta de verdad. https://www.tuconsultor.com/blog/post.html?p=2026-11-22-efqm-criterio5 #EFQM #ModeloEFQM;https://www.tuconsultor.com/social-img/efqm-criterio5.png;https://www.tuconsultor.com/blog/post.html?p=2026-11-22-efqm-criterio5
2026-11-23;17:00;x;NORMAS;une-166002;El error más común al implantar UNE 166002 (y cómo evitarlo). https://www.tuconsultor.com/blog/post.html?p=2026-11-23-une-166002 #Innovación #IDi;https://www.tuconsultor.com/social-img/une-166002.png;https://www.tuconsultor.com/blog/post.html?p=2026-11-23-une-166002
2026-11-24;17:00;x;EFQM;efqm-criterio6;Percepción de los grupos de interés: el fallo que vemos una y otra vez. https://www.tuconsultor.com/blog/post.html?p=2026-11-24-efqm-criterio6 #EFQM #ModeloEFQM;https://www.tuconsultor.com/social-img/efqm-criterio6.png;https://www.tuconsultor.com/blog/post.html?p=2026-11-24-efqm-criterio6
2026-11-25;17:00;x;NORMAS;certificacion-proyectos-idi;¿Es Certificación de Proyectos I+D+i para tu organización? Señales de que sí. https://www.tuconsultor.com/blog/post.html?p=2026-11-25-certificacion-proyectos-idi #Innovación #IDi;https://www.tuconsultor.com/social-img/certificacion-proyectos-idi.png;https://www.tuconsultor.com/blog/post.html?p=2026-11-25-certificacion-proyectos-idi
2026-11-26;17:00;x;EFQM;efqm-criterio7;¿Te toca ya trabajar con el Modelo EFQM? https://www.tuconsultor.com/blog/post.html?p=2026-11-26-efqm-criterio7 #EFQM #ModeloEFQM;https://www.tuconsultor.com/social-img/efqm-criterio7.png;https://www.tuconsultor.com/blog/post.html?p=2026-11-26-efqm-criterio7
2026-11-27;17:00;x;NORMAS;deducciones-fiscales-idi;Deducciones Fiscales I+D+i: el primer paso es más simple de lo que crees. https://www.tuconsultor.com/blog/post.html?p=2026-11-27-deducciones-fiscales-idi #Innovación #IDi;https://www.tuconsultor.com/social-img/deducciones-fiscales-idi.png;https://www.tuconsultor.com/blog/post.html?p=2026-11-27-deducciones-fiscales-idi
2026-11-28;17:00;x;EFQM;efqm-radar;La lógica RADAR: por dónde empezar. https://www.tuconsultor.com/blog/post.html?p=2026-11-28-efqm-radar #EFQM #ModeloEFQM;https://www.tuconsultor.com/social-img/efqm-radar.png;https://www.tuconsultor.com/blog/post.html?p=2026-11-28-efqm-radar
2026-11-29;17:00;x;NORMAS;iso-56001;¿Qué es ISO 56001 y para qué sirve de verdad? https://www.tuconsultor.com/blog/post.html?p=2026-11-29-iso-56001 #Innovación #IDi;https://www.tuconsultor.com/social-img/iso-56001.png;https://www.tuconsultor.com/blog/post.html?p=2026-11-29-iso-56001
2026-11-30;17:00;x;EFQM;efqm-gap;Informe de GAP, explicado sin humo. https://www.tuconsultor.com/blog/post.html?p=2026-11-30-efqm-gap #EFQM #ModeloEFQM;https://www.tuconsultor.com/social-img/efqm-gap.png;https://www.tuconsultor.com/blog/post.html?p=2026-11-30-efqm-gap
2026-12-01;17:00;x;NORMAS;iso-42001;ISO 42001: Gestión de la inteligencia artificial. Y esto es lo que gana tu organización. https://www.tuconsultor.com/blog/post.html?p=2026-12-01-iso-42001 #Innovación #IDi;https://www.tuconsultor.com/social-img/iso-42001.png;https://www.tuconsultor.com/blog/post.html?p=2026-12-01-iso-42001
2026-12-02;17:00;x;EFQM;efqm-autoevaluacion;Autoevaluación EFQM: lo que aporta de verdad. https://www.tuconsultor.com/blog/post.html?p=2026-12-02-efqm-autoevaluacion #EFQM #ModeloEFQM;https://www.tuconsultor.com/social-img/efqm-autoevaluacion.png;https://www.tuconsultor.com/blog/post.html?p=2026-12-02-efqm-autoevaluacion
2026-12-03;17:00;x;NORMAS;pyme-innovadora;El error más común al implantar Sello PYME Innovadora (y cómo evitarlo). https://www.tuconsultor.com/blog/post.html?p=2026-12-03-pyme-innovadora #Innovación #IDi;https://www.tuconsultor.com/social-img/pyme-innovadora.png;https://www.tuconsultor.com/blog/post.html?p=2026-12-03-pyme-innovadora
2026-12-04;17:00;x;EFQM;efqm-planes;Planes de acción: el fallo que vemos una y otra vez. https://www.tuconsultor.com/blog/post.html?p=2026-12-04-efqm-planes #EFQM #ModeloEFQM;https://www.tuconsultor.com/social-img/efqm-planes.png;https://www.tuconsultor.com/blog/post.html?p=2026-12-04-efqm-planes
2026-12-05;17:00;x;NORMAS;transformacion-digital-ia;¿Es Transformación Digital con IA para tu organización? Señales de que sí. https://www.tuconsultor.com/blog/post.html?p=2026-12-05-transformacion-digital-ia #Innovación #IDi;https://www.tuconsultor.com/social-img/transformacion-digital-ia.png;https://www.tuconsultor.com/blog/post.html?p=2026-12-05-transformacion-digital-ia
2026-12-06;17:00;x;EFQM;efqm-memoria;¿Te toca ya trabajar con el Modelo EFQM? https://www.tuconsultor.com/blog/post.html?p=2026-12-06-efqm-memoria #EFQM #ModeloEFQM;https://www.tuconsultor.com/social-img/efqm-memoria.png;https://www.tuconsultor.com/blog/post.html?p=2026-12-06-efqm-memoria
2026-12-07;17:00;x;NORMAS;blockchain-tokenizacion;Blockchain, Web3 y Tokenización: el primer paso es más simple de lo que crees. https://www.tuconsultor.com/blog/post.html?p=2026-12-07-blockchain-tokenizacion #Innovación #IDi;https://www.tuconsultor.com/social-img/blockchain-tokenizacion.png;https://www.tuconsultor.com/blog/post.html?p=2026-12-07-blockchain-tokenizacion
2026-12-08;17:00;x;EFQM;efqm-sello;Sellos EFQM 300 · 400 · 500: por dónde empezar. https://www.tuconsultor.com/blog/post.html?p=2026-12-08-efqm-sello #EFQM #ModeloEFQM;https://www.tuconsultor.com/social-img/efqm-sello.png;https://www.tuconsultor.com/blog/post.html?p=2026-12-08-efqm-sello
2026-12-09;17:00;x;NORMAS;appcc;¿Qué es APPCC y para qué sirve de verdad? https://www.tuconsultor.com/blog/post.html?p=2026-12-09-appcc #SeguridadAlimentaria #IFS;https://www.tuconsultor.com/social-img/appcc.png;https://www.tuconsultor.com/blog/post.html?p=2026-12-09-appcc
2026-12-10;17:00;x;EFQM;efqm-evaluacion-externa;Evaluación externa, explicado sin humo. https://www.tuconsultor.com/blog/post.html?p=2026-12-10-efqm-evaluacion-externa #EFQM #ModeloEFQM;https://www.tuconsultor.com/social-img/efqm-evaluacion-externa.png;https://www.tuconsultor.com/blog/post.html?p=2026-12-10-efqm-evaluacion-externa
2026-12-11;17:00;x;NORMAS;iso-22000;ISO 22000: Gestión de la seguridad alimentaria. Y esto es lo que gana tu organización. https://www.tuconsultor.com/blog/post.html?p=2026-12-11-iso-22000 #SeguridadAlimentaria #IFS;https://www.tuconsultor.com/social-img/iso-22000.png;https://www.tuconsultor.com/blog/post.html?p=2026-12-11-iso-22000
2026-12-12;17:00;x;EFQM;efqm-vs-iso;EFQM e ISO 9001: lo que aporta de verdad. https://www.tuconsultor.com/blog/post.html?p=2026-12-12-efqm-vs-iso #EFQM #ModeloEFQM;https://www.tuconsultor.com/social-img/efqm-vs-iso.png;https://www.tuconsultor.com/blog/post.html?p=2026-12-12-efqm-vs-iso
2026-12-13;17:00;x;NORMAS;brcgs;El error más común al implantar BRCGS (y cómo evitarlo). https://www.tuconsultor.com/blog/post.html?p=2026-12-13-brcgs #SeguridadAlimentaria #IFS;https://www.tuconsultor.com/social-img/brcgs.png;https://www.tuconsultor.com/blog/post.html?p=2026-12-13-brcgs
2026-12-14;17:00;x;EFQM;efqm-madrid-excelente;EFQM y Madrid Excelente: el fallo que vemos una y otra vez. https://www.tuconsultor.com/blog/post.html?p=2026-12-14-efqm-madrid-excelente #EFQM #ModeloEFQM;https://www.tuconsultor.com/social-img/efqm-madrid-excelente.png;https://www.tuconsultor.com/blog/post.html?p=2026-12-14-efqm-madrid-excelente
2026-12-15;17:00;x;NORMAS;ifs;¿Es IFS para tu organización? Señales de que sí. https://www.tuconsultor.com/blog/post.html?p=2026-12-15-ifs #SeguridadAlimentaria #IFS;https://www.tuconsultor.com/social-img/ifs.png;https://www.tuconsultor.com/blog/post.html?p=2026-12-15-ifs
2026-12-16;17:00;x;EFQM;efqm-beneficios;¿Te toca ya trabajar con el Modelo EFQM? https://www.tuconsultor.com/blog/post.html?p=2026-12-16-efqm-beneficios #EFQM #ModeloEFQM;https://www.tuconsultor.com/social-img/efqm-beneficios.png;https://www.tuconsultor.com/blog/post.html?p=2026-12-16-efqm-beneficios
2026-12-17;17:00;x;NORMAS;globalgap;GlobalG.A.P.: el primer paso es más simple de lo que crees. https://www.tuconsultor.com/blog/post.html?p=2026-12-17-globalgap #SeguridadAlimentaria #IFS;https://www.tuconsultor.com/social-img/globalgap.png;https://www.tuconsultor.com/blog/post.html?p=2026-12-17-globalgap
2026-12-18;17:00;x;EFQM;efqm-mitos;Mitos del Modelo EFQM: por dónde empezar. https://www.tuconsultor.com/blog/post.html?p=2026-12-18-efqm-mitos #EFQM #ModeloEFQM;https://www.tuconsultor.com/social-img/efqm-mitos.png;https://www.tuconsultor.com/blog/post.html?p=2026-12-18-efqm-mitos
2026-12-19;17:00;x;NORMAS;planificacion-estrategica;¿Qué es Planificación Estratégica y para qué sirve de verdad? https://www.tuconsultor.com/blog/post.html?p=2026-12-19-planificacion-estrategica #Estrategia #Liderazgo;https://www.tuconsultor.com/social-img/planificacion-estrategica.png;https://www.tuconsultor.com/blog/post.html?p=2026-12-19-planificacion-estrategica
2026-12-20;17:00;x;EFQM;efqm-primeros-pasos;Primeros pasos con EFQM, explicado sin humo. https://www.tuconsultor.com/blog/post.html?p=2026-12-20-efqm-primeros-pasos #EFQM #ModeloEFQM;https://www.tuconsultor.com/social-img/efqm-primeros-pasos.png;https://www.tuconsultor.com/blog/post.html?p=2026-12-20-efqm-primeros-pasos
2026-12-21;17:00;x;NORMAS;cuadro-de-mando;Cuadro de Mando Integral: La estrategia, medida. Y esto es lo que gana tu organización. https://www.tuconsultor.com/blog/post.html?p=2026-12-21-cuadro-de-mando #Estrategia #Liderazgo;https://www.tuconsultor.com/social-img/cuadro-de-mando.png;https://www.tuconsultor.com/blog/post.html?p=2026-12-21-cuadro-de-mando
2026-12-22;17:00;x;EFQM;efqm-formacion;Formación EFQM 2025: lo que aporta de verdad. https://www.tuconsultor.com/blog/post.html?p=2026-12-22-efqm-formacion #EFQM #ModeloEFQM;https://www.tuconsultor.com/social-img/efqm-formacion.png;https://www.tuconsultor.com/blog/post.html?p=2026-12-22-efqm-formacion
2026-12-23;17:00;x;NORMAS;reestructuracion;El error más común al implantar Reestructuración (y cómo evitarlo). https://www.tuconsultor.com/blog/post.html?p=2026-12-23-reestructuracion #Estrategia #Liderazgo;https://www.tuconsultor.com/social-img/reestructuracion.png;https://www.tuconsultor.com/blog/post.html?p=2026-12-23-reestructuracion
2026-12-24;17:00;x;EFQM;efqm-modelo-2025;El Modelo EFQM 2025: el fallo que vemos una y otra vez. https://www.tuconsultor.com/blog/post.html?p=2026-12-24-efqm-modelo-2025 #EFQM #ModeloEFQM;https://www.tuconsultor.com/social-img/efqm-modelo-2025.png;https://www.tuconsultor.com/blog/post.html?p=2026-12-24-efqm-modelo-2025
2026-12-25;17:00;x;NORMAS;consultoria-de-negocio;¿Es Consultoría de Negocio para tu organización? Señales de que sí. https://www.tuconsultor.com/blog/post.html?p=2026-12-25-consultoria-de-negocio #Estrategia #Liderazgo;https://www.tuconsultor.com/social-img/consultoria-de-negocio.png;https://www.tuconsultor.com/blog/post.html?p=2026-12-25-consultoria-de-negocio
2026-12-26;17:00;x;EFQM;efqm-direccion;¿Te toca ya trabajar con el Modelo EFQM? https://www.tuconsultor.com/blog/post.html?p=2026-12-26-efqm-direccion #EFQM #ModeloEFQM;https://www.tuconsultor.com/social-img/efqm-direccion.png;https://www.tuconsultor.com/blog/post.html?p=2026-12-26-efqm-direccion
2026-12-27;17:00;x;NORMAS;clasificacion-empresarial;Clasificación Empresarial: el primer paso es más simple de lo que crees. https://www.tuconsultor.com/blog/post.html?p=2026-12-27-clasificacion-empresarial #Estrategia #Liderazgo;https://www.tuconsultor.com/social-img/clasificacion-empresarial.png;https://www.tuconsultor.com/blog/post.html?p=2026-12-27-clasificacion-empresarial
2026-12-28;17:00;x;EFQM;efqm-ejecucion;Dimensión Ejecución: por dónde empezar. https://www.tuconsultor.com/blog/post.html?p=2026-12-28-efqm-ejecucion #EFQM #ModeloEFQM;https://www.tuconsultor.com/social-img/efqm-ejecucion.png;https://www.tuconsultor.com/blog/post.html?p=2026-12-28-efqm-ejecucion
2026-12-29;17:00;x;NORMAS;liderazgo;¿Qué es Liderazgo y para qué sirve de verdad? https://www.tuconsultor.com/blog/post.html?p=2026-12-29-liderazgo #Estrategia #Liderazgo;https://www.tuconsultor.com/social-img/liderazgo.png;https://www.tuconsultor.com/blog/post.html?p=2026-12-29-liderazgo
2026-12-30;17:00;x;EFQM;efqm-resultados;Dimensión Resultados, explicado sin humo. https://www.tuconsultor.com/blog/post.html?p=2026-12-30-efqm-resultados #EFQM #ModeloEFQM;https://www.tuconsultor.com/social-img/efqm-resultados.png;https://www.tuconsultor.com/blog/post.html?p=2026-12-30-efqm-resultados
2026-12-31;17:00;x;NORMAS;cultura-empresarial;Cultura Empresarial: La cultura que sostiene la estrategia. Y esto es lo que gana tu organización. https://www.tuconsultor.com/blog/post.html?p=2026-12-31-cultura-empresarial #Estrategia #Liderazgo;https://www.tuconsultor.com/social-img/cultura-empresarial.png;https://www.tuconsultor.com/blog/post.html?p=2026-12-31-cultura-empresarial
2027-01-01;17:00;x;EFQM;efqm-criterio1;Propósito, visión y estrategia: lo que aporta de verdad. https://www.tuconsultor.com/blog/post.html?p=2027-01-01-efqm-criterio1 #EFQM #ModeloEFQM;https://www.tuconsultor.com/social-img/efqm-criterio1.png;https://www.tuconsultor.com/blog/post.html?p=2027-01-01-efqm-criterio1
2027-01-02;17:00;x;NORMAS;iso-9001;El error más común al implantar ISO 9001 (y cómo evitarlo). https://www.tuconsultor.com/blog/post.html?p=2027-01-02-iso-9001 #Calidad #ISO9001;https://www.tuconsultor.com/social-img/iso-9001.png;https://www.tuconsultor.com/blog/post.html?p=2027-01-02-iso-9001
2027-01-03;17:00;x;EFQM;efqm-criterio2;Cultura y liderazgo: el fallo que vemos una y otra vez. https://www.tuconsultor.com/blog/post.html?p=2027-01-03-efqm-criterio2 #EFQM #ModeloEFQM;https://www.tuconsultor.com/social-img/efqm-criterio2.png;https://www.tuconsultor.com/blog/post.html?p=2027-01-03-efqm-criterio2
2027-01-04;17:00;x;NORMAS;efqm;¿Es Modelo EFQM para tu organización? Señales de que sí. https://www.tuconsultor.com/blog/post.html?p=2027-01-04-efqm #Calidad #ISO9001;https://www.tuconsultor.com/social-img/efqm.png;https://www.tuconsultor.com/blog/post.html?p=2027-01-04-efqm
2027-01-05;17:00;x;EFQM;efqm-criterio3;¿Te toca ya trabajar con el Modelo EFQM? https://www.tuconsultor.com/blog/post.html?p=2027-01-05-efqm-criterio3 #EFQM #ModeloEFQM;https://www.tuconsultor.com/social-img/efqm-criterio3.png;https://www.tuconsultor.com/blog/post.html?p=2027-01-05-efqm-criterio3
2027-01-06;17:00;x;NORMAS;madrid-excelente;Madrid Excelente: el primer paso es más simple de lo que crees. https://www.tuconsultor.com/blog/post.html?p=2027-01-06-madrid-excelente #Calidad #ISO9001;https://www.tuconsultor.com/social-img/madrid-excelente.png;https://www.tuconsultor.com/blog/post.html?p=2027-01-06-madrid-excelente
2027-01-07;17:00;x;EFQM;efqm-criterio4;Crear valor sostenible: por dónde empezar. https://www.tuconsultor.com/blog/post.html?p=2027-01-07-efqm-criterio4 #EFQM #ModeloEFQM;https://www.tuconsultor.com/social-img/efqm-criterio4.png;https://www.tuconsultor.com/blog/post.html?p=2027-01-07-efqm-criterio4
2027-01-08;17:00;x;NORMAS;iso-9004;¿Qué es ISO 9004 y para qué sirve de verdad? https://www.tuconsultor.com/blog/post.html?p=2027-01-08-iso-9004 #Calidad #ISO9001;https://www.tuconsultor.com/social-img/iso-9004.png;https://www.tuconsultor.com/blog/post.html?p=2027-01-08-iso-9004
2027-01-09;17:00;x;EFQM;efqm-criterio5;Funcionamiento y transformación, explicado sin humo. https://www.tuconsultor.com/blog/post.html?p=2027-01-09-efqm-criterio5 #EFQM #ModeloEFQM;https://www.tuconsultor.com/social-img/efqm-criterio5.png;https://www.tuconsultor.com/blog/post.html?p=2027-01-09-efqm-criterio5
2027-01-10;17:00;x;NORMAS;une-93200;UNE 93200: Cartas de servicios. Y esto es lo que gana tu organización. https://www.tuconsultor.com/blog/post.html?p=2027-01-10-une-93200 #Calidad #ISO9001;https://www.tuconsultor.com/social-img/une-93200.png;https://www.tuconsultor.com/blog/post.html?p=2027-01-10-une-93200
2027-01-11;17:00;x;EFQM;efqm-criterio6;Percepción de los grupos de interés: lo que aporta de verdad. https://www.tuconsultor.com/blog/post.html?p=2027-01-11-efqm-criterio6 #EFQM #ModeloEFQM;https://www.tuconsultor.com/social-img/efqm-criterio6.png;https://www.tuconsultor.com/blog/post.html?p=2027-01-11-efqm-criterio6
2027-01-12;17:00;x;NORMAS;iso-13485;El error más común al implantar ISO 13485 (y cómo evitarlo). https://www.tuconsultor.com/blog/post.html?p=2027-01-12-iso-13485 #Calidad #ISO9001;https://www.tuconsultor.com/social-img/iso-13485.png;https://www.tuconsultor.com/blog/post.html?p=2027-01-12-iso-13485
2027-01-13;17:00;x;EFQM;efqm-criterio7;Rendimiento estratégico y operativo: el fallo que vemos una y otra vez. https://www.tuconsultor.com/blog/post.html?p=2027-01-13-efqm-criterio7 #EFQM #ModeloEFQM;https://www.tuconsultor.com/social-img/efqm-criterio7.png;https://www.tuconsultor.com/blog/post.html?p=2027-01-13-efqm-criterio7
2027-01-14;17:00;x;NORMAS;iso-17025;¿Es ISO 17025 para tu organización? Señales de que sí. https://www.tuconsultor.com/blog/post.html?p=2027-01-14-iso-17025 #Calidad #ISO9001;https://www.tuconsultor.com/social-img/iso-17025.png;https://www.tuconsultor.com/blog/post.html?p=2027-01-14-iso-17025
2027-01-15;17:00;x;EFQM;efqm-radar;¿Te toca ya trabajar con el Modelo EFQM? https://www.tuconsultor.com/blog/post.html?p=2027-01-15-efqm-radar #EFQM #ModeloEFQM;https://www.tuconsultor.com/social-img/efqm-radar.png;https://www.tuconsultor.com/blog/post.html?p=2027-01-15-efqm-radar
2027-01-16;17:00;x;NORMAS;iatf-16949;IATF 16949: el primer paso es más simple de lo que crees. https://www.tuconsultor.com/blog/post.html?p=2027-01-16-iatf-16949 #Calidad #ISO9001;https://www.tuconsultor.com/social-img/iatf-16949.png;https://www.tuconsultor.com/blog/post.html?p=2027-01-16-iatf-16949
2027-01-17;17:00;x;EFQM;efqm-gap;Informe de GAP: por dónde empezar. https://www.tuconsultor.com/blog/post.html?p=2027-01-17-efqm-gap #EFQM #ModeloEFQM;https://www.tuconsultor.com/social-img/efqm-gap.png;https://www.tuconsultor.com/blog/post.html?p=2027-01-17-efqm-gap
2027-01-18;17:00;x;NORMAS;marcado-ce;¿Qué es Marcado CE y para qué sirve de verdad? https://www.tuconsultor.com/blog/post.html?p=2027-01-18-marcado-ce #Calidad #ISO9001;https://www.tuconsultor.com/social-img/marcado-ce.png;https://www.tuconsultor.com/blog/post.html?p=2027-01-18-marcado-ce
2027-01-19;17:00;x;EFQM;efqm-autoevaluacion;Autoevaluación EFQM, explicado sin humo. https://www.tuconsultor.com/blog/post.html?p=2027-01-19-efqm-autoevaluacion #EFQM #ModeloEFQM;https://www.tuconsultor.com/social-img/efqm-autoevaluacion.png;https://www.tuconsultor.com/blog/post.html?p=2027-01-19-efqm-autoevaluacion
2027-01-20;17:00;x;NORMAS;iso-14001;ISO 14001: Sistema de gestión ambiental. Y esto es lo que gana tu organización. https://www.tuconsultor.com/blog/post.html?p=2027-01-20-iso-14001 #Sostenibilidad #ESG;https://www.tuconsultor.com/social-img/iso-14001.png;https://www.tuconsultor.com/blog/post.html?p=2027-01-20-iso-14001
2027-01-21;17:00;x;EFQM;efqm-planes;Planes de acción: lo que aporta de verdad. https://www.tuconsultor.com/blog/post.html?p=2027-01-21-efqm-planes #EFQM #ModeloEFQM;https://www.tuconsultor.com/social-img/efqm-planes.png;https://www.tuconsultor.com/blog/post.html?p=2027-01-21-efqm-planes
2027-01-22;17:00;x;NORMAS;emas;El error más común al implantar EMAS (y cómo evitarlo). https://www.tuconsultor.com/blog/post.html?p=2027-01-22-emas #Sostenibilidad #ESG;https://www.tuconsultor.com/social-img/emas.png;https://www.tuconsultor.com/blog/post.html?p=2027-01-22-emas
2027-01-23;17:00;x;EFQM;efqm-memoria;La memoria EFQM: el fallo que vemos una y otra vez. https://www.tuconsultor.com/blog/post.html?p=2027-01-23-efqm-memoria #EFQM #ModeloEFQM;https://www.tuconsultor.com/social-img/efqm-memoria.png;https://www.tuconsultor.com/blog/post.html?p=2027-01-23-efqm-memoria
2027-01-24;17:00;x;NORMAS;huella-de-carbono;¿Es Huella de Carbono · ISO 14064 para tu organización? Señales de que sí. https://www.tuconsultor.com/blog/post.html?p=2027-01-24-huella-de-carbono #Sostenibilidad #ESG;https://www.tuconsultor.com/social-img/huella-de-carbono.png;https://www.tuconsultor.com/blog/post.html?p=2027-01-24-huella-de-carbono
2027-01-25;17:00;x;EFQM;efqm-sello;¿Te toca ya trabajar con el Modelo EFQM? https://www.tuconsultor.com/blog/post.html?p=2027-01-25-efqm-sello #EFQM #ModeloEFQM;https://www.tuconsultor.com/social-img/efqm-sello.png;https://www.tuconsultor.com/blog/post.html?p=2027-01-25-efqm-sello
2027-01-26;17:00;x;NORMAS;iso-14068;ISO 14068: el primer paso es más simple de lo que crees. https://www.tuconsultor.com/blog/post.html?p=2027-01-26-iso-14068 #Sostenibilidad #ESG;https://www.tuconsultor.com/social-img/iso-14068.png;https://www.tuconsultor.com/blog/post.html?p=2027-01-26-iso-14068
2027-01-27;17:00;x;EFQM;efqm-evaluacion-externa;Evaluación externa: por dónde empezar. https://www.tuconsultor.com/blog/post.html?p=2027-01-27-efqm-evaluacion-externa #EFQM #ModeloEFQM;https://www.tuconsultor.com/social-img/efqm-evaluacion-externa.png;https://www.tuconsultor.com/blog/post.html?p=2027-01-27-efqm-evaluacion-externa
2027-01-28;17:00;x;NORMAS;memoria-gri;¿Qué es Memoria GRI y para qué sirve de verdad? https://www.tuconsultor.com/blog/post.html?p=2027-01-28-memoria-gri #Sostenibilidad #ESG;https://www.tuconsultor.com/social-img/memoria-gri.png;https://www.tuconsultor.com/blog/post.html?p=2027-01-28-memoria-gri
2027-01-29;17:00;x;EFQM;efqm-vs-iso;EFQM e ISO 9001, explicado sin humo. https://www.tuconsultor.com/blog/post.html?p=2027-01-29-efqm-vs-iso #EFQM #ModeloEFQM;https://www.tuconsultor.com/social-img/efqm-vs-iso.png;https://www.tuconsultor.com/blog/post.html?p=2027-01-29-efqm-vs-iso
2027-01-30;17:00;x;NORMAS;einf;EINF: Estado de información no financiera. Y esto es lo que gana tu organización. https://www.tuconsultor.com/blog/post.html?p=2027-01-30-einf #Sostenibilidad #ESG;https://www.tuconsultor.com/social-img/einf.png;https://www.tuconsultor.com/blog/post.html?p=2027-01-30-einf
2027-01-31;17:00;x;EFQM;efqm-madrid-excelente;EFQM y Madrid Excelente: lo que aporta de verdad. https://www.tuconsultor.com/blog/post.html?p=2027-01-31-efqm-madrid-excelente #EFQM #ModeloEFQM;https://www.tuconsultor.com/social-img/efqm-madrid-excelente.png;https://www.tuconsultor.com/blog/post.html?p=2027-01-31-efqm-madrid-excelente
2027-02-01;17:00;x;NORMAS;csrd;El error más común al implantar CSRD (y cómo evitarlo). https://www.tuconsultor.com/blog/post.html?p=2027-02-01-csrd #Sostenibilidad #ESG;https://www.tuconsultor.com/social-img/csrd.png;https://www.tuconsultor.com/blog/post.html?p=2027-02-01-csrd
2027-02-02;17:00;x;EFQM;efqm-beneficios;Por qué EFQM: el fallo que vemos una y otra vez. https://www.tuconsultor.com/blog/post.html?p=2027-02-02-efqm-beneficios #EFQM #ModeloEFQM;https://www.tuconsultor.com/social-img/efqm-beneficios.png;https://www.tuconsultor.com/blog/post.html?p=2027-02-02-efqm-beneficios
2027-02-03;17:00;x;NORMAS;esg;¿Es ESG para tu organización? Señales de que sí. https://www.tuconsultor.com/blog/post.html?p=2027-02-03-esg #Sostenibilidad #ESG;https://www.tuconsultor.com/social-img/esg.png;https://www.tuconsultor.com/blog/post.html?p=2027-02-03-esg
2027-02-04;17:00;x;EFQM;efqm-mitos;¿Te toca ya trabajar con el Modelo EFQM? https://www.tuconsultor.com/blog/post.html?p=2027-02-04-efqm-mitos #EFQM #ModeloEFQM;https://www.tuconsultor.com/social-img/efqm-mitos.png;https://www.tuconsultor.com/blog/post.html?p=2027-02-04-efqm-mitos
2027-02-05;17:00;x;NORMAS;iso-50001;ISO 50001: el primer paso es más simple de lo que crees. https://www.tuconsultor.com/blog/post.html?p=2027-02-05-iso-50001 #Sostenibilidad #ESG;https://www.tuconsultor.com/social-img/iso-50001.png;https://www.tuconsultor.com/blog/post.html?p=2027-02-05-iso-50001
2027-02-06;17:00;x;EFQM;efqm-primeros-pasos;Primeros pasos con EFQM: por dónde empezar. https://www.tuconsultor.com/blog/post.html?p=2027-02-06-efqm-primeros-pasos #EFQM #ModeloEFQM;https://www.tuconsultor.com/social-img/efqm-primeros-pasos.png;https://www.tuconsultor.com/blog/post.html?p=2027-02-06-efqm-primeros-pasos
2027-02-07;17:00;x;NORMAS;iso-14006;¿Qué es ISO 14006 y para qué sirve de verdad? https://www.tuconsultor.com/blog/post.html?p=2027-02-07-iso-14006 #Sostenibilidad #ESG;https://www.tuconsultor.com/social-img/iso-14006.png;https://www.tuconsultor.com/blog/post.html?p=2027-02-07-iso-14006
2027-02-08;17:00;x;EFQM;efqm-formacion;Formación EFQM 2025, explicado sin humo. https://www.tuconsultor.com/blog/post.html?p=2027-02-08-efqm-formacion #EFQM #ModeloEFQM;https://www.tuconsultor.com/social-img/efqm-formacion.png;https://www.tuconsultor.com/blog/post.html?p=2027-02-08-efqm-formacion
2027-02-09;17:00;x;NORMAS;huella-hidrica;Huella Hídrica: Gestión del agua conforme a ISO 14046. Y esto es lo que gana tu organización. https://www.tuconsultor.com/blog/post.html?p=2027-02-09-huella-hidrica #Sostenibilidad #ESG;https://www.tuconsultor.com/social-img/huella-hidrica.png;https://www.tuconsultor.com/blog/post.html?p=2027-02-09-huella-hidrica
2027-02-10;17:00;x;EFQM;efqm-modelo-2025;El Modelo EFQM 2025: lo que aporta de verdad. https://www.tuconsultor.com/blog/post.html?p=2027-02-10-efqm-modelo-2025 #EFQM #ModeloEFQM;https://www.tuconsultor.com/social-img/efqm-modelo-2025.png;https://www.tuconsultor.com/blog/post.html?p=2027-02-10-efqm-modelo-2025
2027-02-11;17:00;x;NORMAS;movilidad-sostenible;El error más común al implantar Plan de Movilidad Sostenible (y cómo evitarlo). https://www.tuconsultor.com/blog/post.html?p=2027-02-11-movilidad-sostenible #Sostenibilidad #ESG;https://www.tuconsultor.com/social-img/movilidad-sostenible.png;https://www.tuconsultor.com/blog/post.html?p=2027-02-11-movilidad-sostenible
2027-02-12;17:00;x;EFQM;efqm-direccion;Dimensión Dirección: el fallo que vemos una y otra vez. https://www.tuconsultor.com/blog/post.html?p=2027-02-12-efqm-direccion #EFQM #ModeloEFQM;https://www.tuconsultor.com/social-img/efqm-direccion.png;https://www.tuconsultor.com/blog/post.html?p=2027-02-12-efqm-direccion
2027-02-13;17:00;x;NORMAS;pacto-mundial;¿Es Pacto Mundial para tu organización? Señales de que sí. https://www.tuconsultor.com/blog/post.html?p=2027-02-13-pacto-mundial #Sostenibilidad #ESG;https://www.tuconsultor.com/social-img/pacto-mundial.png;https://www.tuconsultor.com/blog/post.html?p=2027-02-13-pacto-mundial
2027-02-14;17:00;x;EFQM;efqm-ejecucion;¿Te toca ya trabajar con el Modelo EFQM? https://www.tuconsultor.com/blog/post.html?p=2027-02-14-efqm-ejecucion #EFQM #ModeloEFQM;https://www.tuconsultor.com/social-img/efqm-ejecucion.png;https://www.tuconsultor.com/blog/post.html?p=2027-02-14-efqm-ejecucion
2027-02-15;17:00;x;NORMAS;economia-circular;Economía Circular: el primer paso es más simple de lo que crees. https://www.tuconsultor.com/blog/post.html?p=2027-02-15-economia-circular #Sostenibilidad #ESG;https://www.tuconsultor.com/social-img/economia-circular.png;https://www.tuconsultor.com/blog/post.html?p=2027-02-15-economia-circular
2027-02-16;17:00;x;EFQM;efqm-resultados;Dimensión Resultados: por dónde empezar. https://www.tuconsultor.com/blog/post.html?p=2027-02-16-efqm-resultados #EFQM #ModeloEFQM;https://www.tuconsultor.com/social-img/efqm-resultados.png;https://www.tuconsultor.com/blog/post.html?p=2027-02-16-efqm-resultados
2027-02-17;17:00;x;NORMAS;iso-27001;¿Qué es ISO 27001 y para qué sirve de verdad? https://www.tuconsultor.com/blog/post.html?p=2027-02-17-iso-27001 #Ciberseguridad #ISO27001;https://www.tuconsultor.com/social-img/iso-27001.png;https://www.tuconsultor.com/blog/post.html?p=2027-02-17-iso-27001
2027-02-18;17:00;x;EFQM;efqm-criterio1;Propósito, visión y estrategia, explicado sin humo. https://www.tuconsultor.com/blog/post.html?p=2027-02-18-efqm-criterio1 #EFQM #ModeloEFQM;https://www.tuconsultor.com/social-img/efqm-criterio1.png;https://www.tuconsultor.com/blog/post.html?p=2027-02-18-efqm-criterio1
2027-02-19;17:00;x;NORMAS;ens;Esquema Nacional de Seguridad: Requisito para trabajar con la Administración. Y esto es lo que gana tu organización. https://www.tuconsultor.com/blog/post.html?p=2027-02-19-ens #Ciberseguridad #ISO27001;https://www.tuconsultor.com/social-img/ens.png;https://www.tuconsultor.com/blog/post.html?p=2027-02-19-ens
2027-02-20;17:00;x;EFQM;efqm-criterio2;Cultura y liderazgo: lo que aporta de verdad. https://www.tuconsultor.com/blog/post.html?p=2027-02-20-efqm-criterio2 #EFQM #ModeloEFQM;https://www.tuconsultor.com/social-img/efqm-criterio2.png;https://www.tuconsultor.com/blog/post.html?p=2027-02-20-efqm-criterio2
2027-02-21;17:00;x;NORMAS;eni;El error más común al implantar Esquema Nacional de Interoperabilidad (y cómo evitarlo). https://www.tuconsultor.com/blog/post.html?p=2027-02-21-eni #Ciberseguridad #ISO27001;https://www.tuconsultor.com/social-img/eni.png;https://www.tuconsultor.com/blog/post.html?p=2027-02-21-eni
2027-02-22;17:00;x;EFQM;efqm-criterio3;Implicar a los grupos de interés: el fallo que vemos una y otra vez. https://www.tuconsultor.com/blog/post.html?p=2027-02-22-efqm-criterio3 #EFQM #ModeloEFQM;https://www.tuconsultor.com/social-img/efqm-criterio3.png;https://www.tuconsultor.com/blog/post.html?p=2027-02-22-efqm-criterio3
2027-02-23;17:00;x;NORMAS;iso-22301;¿Es ISO 22301 para tu organización? Señales de que sí. https://www.tuconsultor.com/blog/post.html?p=2027-02-23-iso-22301 #Ciberseguridad #ISO27001;https://www.tuconsultor.com/social-img/iso-22301.png;https://www.tuconsultor.com/blog/post.html?p=2027-02-23-iso-22301
2027-02-24;17:00;x;EFQM;efqm-criterio4;¿Te toca ya trabajar con el Modelo EFQM? https://www.tuconsultor.com/blog/post.html?p=2027-02-24-efqm-criterio4 #EFQM #ModeloEFQM;https://www.tuconsultor.com/social-img/efqm-criterio4.png;https://www.tuconsultor.com/blog/post.html?p=2027-02-24-efqm-criterio4
2027-02-25;17:00;x;NORMAS;plan-director-seguridad;Plan Director de Seguridad: el primer paso es más simple de lo que crees. https://www.tuconsultor.com/blog/post.html?p=2027-02-25-plan-director-seguridad #Ciberseguridad #ISO27001;https://www.tuconsultor.com/social-img/plan-director-seguridad.png;https://www.tuconsultor.com/blog/post.html?p=2027-02-25-plan-director-seguridad
2027-02-26;17:00;x;EFQM;efqm-criterio5;Funcionamiento y transformación: por dónde empezar. https://www.tuconsultor.com/blog/post.html?p=2027-02-26-efqm-criterio5 #EFQM #ModeloEFQM;https://www.tuconsultor.com/social-img/efqm-criterio5.png;https://www.tuconsultor.com/blog/post.html?p=2027-02-26-efqm-criterio5
2027-02-27;17:00;x;NORMAS;hacking-etico;¿Qué es Hacking Ético y para qué sirve de verdad? https://www.tuconsultor.com/blog/post.html?p=2027-02-27-hacking-etico #Ciberseguridad #ISO27001;https://www.tuconsultor.com/social-img/hacking-etico.png;https://www.tuconsultor.com/blog/post.html?p=2027-02-27-hacking-etico
2027-02-28;17:00;x;EFQM;efqm-criterio6;Percepción de los grupos de interés, explicado sin humo. https://www.tuconsultor.com/blog/post.html?p=2027-02-28-efqm-criterio6 #EFQM #ModeloEFQM;https://www.tuconsultor.com/social-img/efqm-criterio6.png;https://www.tuconsultor.com/blog/post.html?p=2027-02-28-efqm-criterio6
2027-03-01;17:00;x;NORMAS;test-de-intrusion;Test de Intrusión: Pentesting interno y externo. Y esto es lo que gana tu organización. https://www.tuconsultor.com/blog/post.html?p=2027-03-01-test-de-intrusion #Ciberseguridad #ISO27001;https://www.tuconsultor.com/social-img/test-de-intrusion.png;https://www.tuconsultor.com/blog/post.html?p=2027-03-01-test-de-intrusion
2027-03-02;17:00;x;EFQM;efqm-criterio7;Rendimiento estratégico y operativo: lo que aporta de verdad. https://www.tuconsultor.com/blog/post.html?p=2027-03-02-efqm-criterio7 #EFQM #ModeloEFQM;https://www.tuconsultor.com/social-img/efqm-criterio7.png;https://www.tuconsultor.com/blog/post.html?p=2027-03-02-efqm-criterio7
2027-03-03;17:00;x;NORMAS;bia;El error más común al implantar Análisis de Impacto de Negocio (BIA) (y cómo evitarlo). https://www.tuconsultor.com/blog/post.html?p=2027-03-03-bia #Ciberseguridad #ISO27001;https://www.tuconsultor.com/social-img/bia.png;https://www.tuconsultor.com/blog/post.html?p=2027-03-03-bia
2027-03-04;17:00;x;EFQM;efqm-radar;La lógica RADAR: el fallo que vemos una y otra vez. https://www.tuconsultor.com/blog/post.html?p=2027-03-04-efqm-radar #EFQM #ModeloEFQM;https://www.tuconsultor.com/social-img/efqm-radar.png;https://www.tuconsultor.com/blog/post.html?p=2027-03-04-efqm-radar
2027-03-05;17:00;x;NORMAS;pci-dss;¿Es PCI DSS para tu organización? Señales de que sí. https://www.tuconsultor.com/blog/post.html?p=2027-03-05-pci-dss #Ciberseguridad #ISO27001;https://www.tuconsultor.com/social-img/pci-dss.png;https://www.tuconsultor.com/blog/post.html?p=2027-03-05-pci-dss
2027-03-06;17:00;x;EFQM;efqm-gap;¿Te toca ya trabajar con el Modelo EFQM? https://www.tuconsultor.com/blog/post.html?p=2027-03-06-efqm-gap #EFQM #ModeloEFQM;https://www.tuconsultor.com/social-img/efqm-gap.png;https://www.tuconsultor.com/blog/post.html?p=2027-03-06-efqm-gap
2027-03-07;17:00;x;NORMAS;rgpd;RGPD y LOPDGDD: el primer paso es más simple de lo que crees. https://www.tuconsultor.com/blog/post.html?p=2027-03-07-rgpd #Ciberseguridad #ISO27001;https://www.tuconsultor.com/social-img/rgpd.png;https://www.tuconsultor.com/blog/post.html?p=2027-03-07-rgpd
2027-03-08;17:00;x;EFQM;efqm-autoevaluacion;Autoevaluación EFQM: por dónde empezar. https://www.tuconsultor.com/blog/post.html?p=2027-03-08-efqm-autoevaluacion #EFQM #ModeloEFQM;https://www.tuconsultor.com/social-img/efqm-autoevaluacion.png;https://www.tuconsultor.com/blog/post.html?p=2027-03-08-efqm-autoevaluacion
2027-03-09;17:00;x;NORMAS;iso-27701;¿Qué es ISO 27701 y para qué sirve de verdad? https://www.tuconsultor.com/blog/post.html?p=2027-03-09-iso-27701 #Ciberseguridad #ISO27001;https://www.tuconsultor.com/social-img/iso-27701.png;https://www.tuconsultor.com/blog/post.html?p=2027-03-09-iso-27701
2027-03-10;17:00;x;EFQM;efqm-planes;Planes de acción, explicado sin humo. https://www.tuconsultor.com/blog/post.html?p=2027-03-10-efqm-planes #EFQM #ModeloEFQM;https://www.tuconsultor.com/social-img/efqm-planes.png;https://www.tuconsultor.com/blog/post.html?p=2027-03-10-efqm-planes
2027-03-11;17:00;x;NORMAS;nis2;NIS2: La nueva directiva europea de ciberseguridad. Y esto es lo que gana tu organización. https://www.tuconsultor.com/blog/post.html?p=2027-03-11-nis2 #Ciberseguridad #ISO27001;https://www.tuconsultor.com/social-img/nis2.png;https://www.tuconsultor.com/blog/post.html?p=2027-03-11-nis2
2027-03-12;17:00;x;EFQM;efqm-memoria;La memoria EFQM: lo que aporta de verdad. https://www.tuconsultor.com/blog/post.html?p=2027-03-12-efqm-memoria #EFQM #ModeloEFQM;https://www.tuconsultor.com/social-img/efqm-memoria.png;https://www.tuconsultor.com/blog/post.html?p=2027-03-12-efqm-memoria
2027-03-13;17:00;x;NORMAS;une-19601;El error más común al implantar UNE 19601 (y cómo evitarlo). https://www.tuconsultor.com/blog/post.html?p=2027-03-13-une-19601 #Compliance #Cumplimiento;https://www.tuconsultor.com/social-img/une-19601.png;https://www.tuconsultor.com/blog/post.html?p=2027-03-13-une-19601
2027-03-14;17:00;x;EFQM;efqm-sello;Sellos EFQM 300 · 400 · 500: el fallo que vemos una y otra vez. https://www.tuconsultor.com/blog/post.html?p=2027-03-14-efqm-sello #EFQM #ModeloEFQM;https://www.tuconsultor.com/social-img/efqm-sello.png;https://www.tuconsultor.com/blog/post.html?p=2027-03-14-efqm-sello
2027-03-15;17:00;x;NORMAS;iso-37001;¿Es ISO 37001 para tu organización? Señales de que sí. https://www.tuconsultor.com/blog/post.html?p=2027-03-15-iso-37001 #Compliance #Cumplimiento;https://www.tuconsultor.com/social-img/iso-37001.png;https://www.tuconsultor.com/blog/post.html?p=2027-03-15-iso-37001
2027-03-16;17:00;x;EFQM;efqm-evaluacion-externa;¿Te toca ya trabajar con el Modelo EFQM? https://www.tuconsultor.com/blog/post.html?p=2027-03-16-efqm-evaluacion-externa #EFQM #ModeloEFQM;https://www.tuconsultor.com/social-img/efqm-evaluacion-externa.png;https://www.tuconsultor.com/blog/post.html?p=2027-03-16-efqm-evaluacion-externa
2027-03-17;17:00;x;NORMAS;iso-37301;ISO 37301: el primer paso es más simple de lo que crees. https://www.tuconsultor.com/blog/post.html?p=2027-03-17-iso-37301 #Compliance #Cumplimiento;https://www.tuconsultor.com/social-img/iso-37301.png;https://www.tuconsultor.com/blog/post.html?p=2027-03-17-iso-37301
2027-03-18;17:00;x;EFQM;efqm-vs-iso;EFQM e ISO 9001: por dónde empezar. https://www.tuconsultor.com/blog/post.html?p=2027-03-18-efqm-vs-iso #EFQM #ModeloEFQM;https://www.tuconsultor.com/social-img/efqm-vs-iso.png;https://www.tuconsultor.com/blog/post.html?p=2027-03-18-efqm-vs-iso
2027-03-19;17:00;x;NORMAS;une-19602;¿Qué es UNE 19602 y para qué sirve de verdad? https://www.tuconsultor.com/blog/post.html?p=2027-03-19-une-19602 #Compliance #Cumplimiento;https://www.tuconsultor.com/social-img/une-19602.png;https://www.tuconsultor.com/blog/post.html?p=2027-03-19-une-19602
2027-03-20;17:00;x;EFQM;efqm-madrid-excelente;EFQM y Madrid Excelente, explicado sin humo. https://www.tuconsultor.com/blog/post.html?p=2027-03-20-efqm-madrid-excelente #EFQM #ModeloEFQM;https://www.tuconsultor.com/social-img/efqm-madrid-excelente.png;https://www.tuconsultor.com/blog/post.html?p=2027-03-20-efqm-madrid-excelente
2027-03-21;17:00;x;NORMAS;canal-de-denuncias;Canal de Denuncias: Sistema interno de información · Ley 2/2023. Y esto es lo que gana tu organización. https://www.tuconsultor.com/blog/post.html?p=2027-03-21-canal-de-denuncias #Compliance #Cumplimiento;https://www.tuconsultor.com/social-img/canal-de-denuncias.png;https://www.tuconsultor.com/blog/post.html?p=2027-03-21-canal-de-denuncias
2027-03-22;17:00;x;EFQM;efqm-beneficios;Por qué EFQM: lo que aporta de verdad. https://www.tuconsultor.com/blog/post.html?p=2027-03-22-efqm-beneficios #EFQM #ModeloEFQM;https://www.tuconsultor.com/social-img/efqm-beneficios.png;https://www.tuconsultor.com/blog/post.html?p=2027-03-22-efqm-beneficios
2027-03-23;17:00;x;NORMAS;prevencion-blanqueo;El error más común al implantar Prevención de Blanqueo de Capitales (y cómo evitarlo). https://www.tuconsultor.com/blog/post.html?p=2027-03-23-prevencion-blanqueo #Compliance #Cumplimiento;https://www.tuconsultor.com/social-img/prevencion-blanqueo.png;https://www.tuconsultor.com/blog/post.html?p=2027-03-23-prevencion-blanqueo
2027-03-24;17:00;x;EFQM;efqm-mitos;Mitos del Modelo EFQM: el fallo que vemos una y otra vez. https://www.tuconsultor.com/blog/post.html?p=2027-03-24-efqm-mitos #EFQM #ModeloEFQM;https://www.tuconsultor.com/social-img/efqm-mitos.png;https://www.tuconsultor.com/blog/post.html?p=2027-03-24-efqm-mitos
2027-03-25;17:00;x;NORMAS;informes-soc;¿Es Informes SOC para tu organización? Señales de que sí. https://www.tuconsultor.com/blog/post.html?p=2027-03-25-informes-soc #Compliance #Cumplimiento;https://www.tuconsultor.com/social-img/informes-soc.png;https://www.tuconsultor.com/blog/post.html?p=2027-03-25-informes-soc
2027-03-26;17:00;x;EFQM;efqm-primeros-pasos;¿Te toca ya trabajar con el Modelo EFQM? https://www.tuconsultor.com/blog/post.html?p=2027-03-26-efqm-primeros-pasos #EFQM #ModeloEFQM;https://www.tuconsultor.com/social-img/efqm-primeros-pasos.png;https://www.tuconsultor.com/blog/post.html?p=2027-03-26-efqm-primeros-pasos
2027-03-27;17:00;x;NORMAS;gobierno-corporativo;Gobierno Corporativo: el primer paso es más simple de lo que crees. https://www.tuconsultor.com/blog/post.html?p=2027-03-27-gobierno-corporativo #Compliance #Cumplimiento;https://www.tuconsultor.com/social-img/gobierno-corporativo.png;https://www.tuconsultor.com/blog/post.html?p=2027-03-27-gobierno-corporativo
2027-03-28;17:00;x;EFQM;efqm-formacion;Formación EFQM 2025: por dónde empezar. https://www.tuconsultor.com/blog/post.html?p=2027-03-28-efqm-formacion #EFQM #ModeloEFQM;https://www.tuconsultor.com/social-img/efqm-formacion.png;https://www.tuconsultor.com/blog/post.html?p=2027-03-28-efqm-formacion
2027-03-29;17:00;x;NORMAS;proteccion-datos-compliance;¿Qué es Compliance de Protección de Datos y para qué sirve de verdad? https://www.tuconsultor.com/blog/post.html?p=2027-03-29-proteccion-datos-compliance #Compliance #Cumplimiento;https://www.tuconsultor.com/social-img/proteccion-datos-compliance.png;https://www.tuconsultor.com/blog/post.html?p=2027-03-29-proteccion-datos-compliance
2027-03-30;17:00;x;EFQM;efqm-modelo-2025;El Modelo EFQM 2025, explicado sin humo. https://www.tuconsultor.com/blog/post.html?p=2027-03-30-efqm-modelo-2025 #EFQM #ModeloEFQM;https://www.tuconsultor.com/social-img/efqm-modelo-2025.png;https://www.tuconsultor.com/blog/post.html?p=2027-03-30-efqm-modelo-2025
2027-03-31;17:00;x;NORMAS;iso-45001;ISO 45001: Seguridad y salud en el trabajo. Y esto es lo que gana tu organización. https://www.tuconsultor.com/blog/post.html?p=2027-03-31-iso-45001 #PersonasYCultura #SeguridadLaboral;https://www.tuconsultor.com/social-img/iso-45001.png;https://www.tuconsultor.com/blog/post.html?p=2027-03-31-iso-45001
2027-04-01;17:00;x;EFQM;efqm-direccion;Dimensión Dirección: lo que aporta de verdad. https://www.tuconsultor.com/blog/post.html?p=2027-04-01-efqm-direccion #EFQM #ModeloEFQM;https://www.tuconsultor.com/social-img/efqm-direccion.png;https://www.tuconsultor.com/blog/post.html?p=2027-04-01-efqm-direccion
2027-04-02;17:00;x;NORMAS;empresa-saludable;El error más común al implantar Empresa Saludable (y cómo evitarlo). https://www.tuconsultor.com/blog/post.html?p=2027-04-02-empresa-saludable #PersonasYCultura #SeguridadLaboral;https://www.tuconsultor.com/social-img/empresa-saludable.png;https://www.tuconsultor.com/blog/post.html?p=2027-04-02-empresa-saludable
2027-04-03;17:00;x;EFQM;efqm-ejecucion;Dimensión Ejecución: el fallo que vemos una y otra vez. https://www.tuconsultor.com/blog/post.html?p=2027-04-03-efqm-ejecucion #EFQM #ModeloEFQM;https://www.tuconsultor.com/social-img/efqm-ejecucion.png;https://www.tuconsultor.com/blog/post.html?p=2027-04-03-efqm-ejecucion
2027-04-04;17:00;x;NORMAS;efr;¿Es EFR para tu organización? Señales de que sí. https://www.tuconsultor.com/blog/post.html?p=2027-04-04-efr #PersonasYCultura #SeguridadLaboral;https://www.tuconsultor.com/social-img/efr.png;https://www.tuconsultor.com/blog/post.html?p=2027-04-04-efr
2027-04-05;17:00;x;EFQM;efqm-resultados;¿Te toca ya trabajar con el Modelo EFQM? https://www.tuconsultor.com/blog/post.html?p=2027-04-05-efqm-resultados #EFQM #ModeloEFQM;https://www.tuconsultor.com/social-img/efqm-resultados.png;https://www.tuconsultor.com/blog/post.html?p=2027-04-05-efqm-resultados
2027-04-06;17:00;x;NORMAS;plan-de-igualdad;Plan de Igualdad: el primer paso es más simple de lo que crees. https://www.tuconsultor.com/blog/post.html?p=2027-04-06-plan-de-igualdad #PersonasYCultura #SeguridadLaboral;https://www.tuconsultor.com/social-img/plan-de-igualdad.png;https://www.tuconsultor.com/blog/post.html?p=2027-04-06-plan-de-igualdad
2027-04-07;17:00;x;EFQM;efqm-criterio1;Propósito, visión y estrategia: por dónde empezar. https://www.tuconsultor.com/blog/post.html?p=2027-04-07-efqm-criterio1 #EFQM #ModeloEFQM;https://www.tuconsultor.com/social-img/efqm-criterio1.png;https://www.tuconsultor.com/blog/post.html?p=2027-04-07-efqm-criterio1
2027-04-08;17:00;x;NORMAS;protocolo-acoso;¿Qué es Protocolo de Acoso y para qué sirve de verdad? https://www.tuconsultor.com/blog/post.html?p=2027-04-08-protocolo-acoso #PersonasYCultura #SeguridadLaboral;https://www.tuconsultor.com/social-img/protocolo-acoso.png;https://www.tuconsultor.com/blog/post.html?p=2027-04-08-protocolo-acoso
2027-04-09;17:00;x;EFQM;efqm-criterio2;Cultura y liderazgo, explicado sin humo. https://www.tuconsultor.com/blog/post.html?p=2027-04-09-efqm-criterio2 #EFQM #ModeloEFQM;https://www.tuconsultor.com/social-img/efqm-criterio2.png;https://www.tuconsultor.com/blog/post.html?p=2027-04-09-efqm-criterio2
2027-04-10;17:00;x;NORMAS;desconexion-digital;Desconexión Digital: Política de desconexión conforme a la ley. Y esto es lo que gana tu organización. https://www.tuconsultor.com/blog/post.html?p=2027-04-10-desconexion-digital #PersonasYCultura #SeguridadLaboral;https://www.tuconsultor.com/social-img/desconexion-digital.png;https://www.tuconsultor.com/blog/post.html?p=2027-04-10-desconexion-digital
2027-04-11;17:00;x;EFQM;efqm-criterio3;Implicar a los grupos de interés: lo que aporta de verdad. https://www.tuconsultor.com/blog/post.html?p=2027-04-11-efqm-criterio3 #EFQM #ModeloEFQM;https://www.tuconsultor.com/social-img/efqm-criterio3.png;https://www.tuconsultor.com/blog/post.html?p=2027-04-11-efqm-criterio3
2027-04-12;17:00;x;NORMAS;iso-21001;El error más común al implantar ISO 21001 (y cómo evitarlo). https://www.tuconsultor.com/blog/post.html?p=2027-04-12-iso-21001 #PersonasYCultura #SeguridadLaboral;https://www.tuconsultor.com/social-img/iso-21001.png;https://www.tuconsultor.com/blog/post.html?p=2027-04-12-iso-21001
2027-04-13;17:00;x;EFQM;efqm-criterio4;Crear valor sostenible: el fallo que vemos una y otra vez. https://www.tuconsultor.com/blog/post.html?p=2027-04-13-efqm-criterio4 #EFQM #ModeloEFQM;https://www.tuconsultor.com/social-img/efqm-criterio4.png;https://www.tuconsultor.com/blog/post.html?p=2027-04-13-efqm-criterio4
2027-04-14;17:00;x;NORMAS;une-158101;¿Es UNE 158101 para tu organización? Señales de que sí. https://www.tuconsultor.com/blog/post.html?p=2027-04-14-une-158101 #PersonasYCultura #SeguridadLaboral;https://www.tuconsultor.com/social-img/une-158101.png;https://www.tuconsultor.com/blog/post.html?p=2027-04-14-une-158101
2027-04-15;17:00;x;EFQM;efqm-criterio5;¿Te toca ya trabajar con el Modelo EFQM? https://www.tuconsultor.com/blog/post.html?p=2027-04-15-efqm-criterio5 #EFQM #ModeloEFQM;https://www.tuconsultor.com/social-img/efqm-criterio5.png;https://www.tuconsultor.com/blog/post.html?p=2027-04-15-efqm-criterio5
2027-04-16;17:00;x;NORMAS;sge-21;SGE 21: el primer paso es más simple de lo que crees. https://www.tuconsultor.com/blog/post.html?p=2027-04-16-sge-21 #RSC #ResponsabilidadSocial;https://www.tuconsultor.com/social-img/sge-21.png;https://www.tuconsultor.com/blog/post.html?p=2027-04-16-sge-21
2027-04-17;17:00;x;EFQM;efqm-criterio6;Percepción de los grupos de interés: por dónde empezar. https://www.tuconsultor.com/blog/post.html?p=2027-04-17-efqm-criterio6 #EFQM #ModeloEFQM;https://www.tuconsultor.com/social-img/efqm-criterio6.png;https://www.tuconsultor.com/blog/post.html?p=2027-04-17-efqm-criterio6
2027-04-18;17:00;x;NORMAS;sa-8000;¿Qué es SA 8000 y para qué sirve de verdad? https://www.tuconsultor.com/blog/post.html?p=2027-04-18-sa-8000 #RSC #ResponsabilidadSocial;https://www.tuconsultor.com/social-img/sa-8000.png;https://www.tuconsultor.com/blog/post.html?p=2027-04-18-sa-8000
2027-04-19;17:00;x;EFQM;efqm-criterio7;Rendimiento estratégico y operativo, explicado sin humo. https://www.tuconsultor.com/blog/post.html?p=2027-04-19-efqm-criterio7 #EFQM #ModeloEFQM;https://www.tuconsultor.com/social-img/efqm-criterio7.png;https://www.tuconsultor.com/blog/post.html?p=2027-04-19-efqm-criterio7
2027-04-20;17:00;x;NORMAS;iqnet-sr10;IQNet SR10: Responsabilidad social certificable. Y esto es lo que gana tu organización. https://www.tuconsultor.com/blog/post.html?p=2027-04-20-iqnet-sr10 #RSC #ResponsabilidadSocial;https://www.tuconsultor.com/social-img/iqnet-sr10.png;https://www.tuconsultor.com/blog/post.html?p=2027-04-20-iqnet-sr10
2027-04-21;17:00;x;EFQM;efqm-radar;La lógica RADAR: lo que aporta de verdad. https://www.tuconsultor.com/blog/post.html?p=2027-04-21-efqm-radar #EFQM #ModeloEFQM;https://www.tuconsultor.com/social-img/efqm-radar.png;https://www.tuconsultor.com/blog/post.html?p=2027-04-21-efqm-radar
2027-04-22;17:00;x;NORMAS;smeta;El error más común al implantar SMETA (y cómo evitarlo). https://www.tuconsultor.com/blog/post.html?p=2027-04-22-smeta #RSC #ResponsabilidadSocial;https://www.tuconsultor.com/social-img/smeta.png;https://www.tuconsultor.com/blog/post.html?p=2027-04-22-smeta
2027-04-23;17:00;x;EFQM;efqm-gap;Informe de GAP: el fallo que vemos una y otra vez. https://www.tuconsultor.com/blog/post.html?p=2027-04-23-efqm-gap #EFQM #ModeloEFQM;https://www.tuconsultor.com/social-img/efqm-gap.png;https://www.tuconsultor.com/blog/post.html?p=2027-04-23-efqm-gap
2027-04-24;17:00;x;NORMAS;b-corp;¿Es B Corp para tu organización? Señales de que sí. https://www.tuconsultor.com/blog/post.html?p=2027-04-24-b-corp #RSC #ResponsabilidadSocial;https://www.tuconsultor.com/social-img/b-corp.png;https://www.tuconsultor.com/blog/post.html?p=2027-04-24-b-corp
2027-04-25;17:00;x;EFQM;efqm-autoevaluacion;¿Te toca ya trabajar con el Modelo EFQM? https://www.tuconsultor.com/blog/post.html?p=2027-04-25-efqm-autoevaluacion #EFQM #ModeloEFQM;https://www.tuconsultor.com/social-img/efqm-autoevaluacion.png;https://www.tuconsultor.com/blog/post.html?p=2027-04-25-efqm-autoevaluacion
2027-04-26;17:00;x;NORMAS;une-166002;UNE 166002: el primer paso es más simple de lo que crees. https://www.tuconsultor.com/blog/post.html?p=2027-04-26-une-166002 #Innovación #IDi;https://www.tuconsultor.com/social-img/une-166002.png;https://www.tuconsultor.com/blog/post.html?p=2027-04-26-une-166002
2027-04-27;17:00;x;EFQM;efqm-planes;Planes de acción: por dónde empezar. https://www.tuconsultor.com/blog/post.html?p=2027-04-27-efqm-planes #EFQM #ModeloEFQM;https://www.tuconsultor.com/social-img/efqm-planes.png;https://www.tuconsultor.com/blog/post.html?p=2027-04-27-efqm-planes
2027-04-28;17:00;x;NORMAS;certificacion-proyectos-idi;¿Qué es Certificación de Proyectos I+D+i y para qué sirve de verdad? https://www.tuconsultor.com/blog/post.html?p=2027-04-28-certificacion-proyectos-idi #Innovación #IDi;https://www.tuconsultor.com/social-img/certificacion-proyectos-idi.png;https://www.tuconsultor.com/blog/post.html?p=2027-04-28-certificacion-proyectos-idi
2027-04-29;17:00;x;EFQM;efqm-memoria;La memoria EFQM, explicado sin humo. https://www.tuconsultor.com/blog/post.html?p=2027-04-29-efqm-memoria #EFQM #ModeloEFQM;https://www.tuconsultor.com/social-img/efqm-memoria.png;https://www.tuconsultor.com/blog/post.html?p=2027-04-29-efqm-memoria
2027-04-30;17:00;x;NORMAS;deducciones-fiscales-idi;Deducciones Fiscales I+D+i: Hasta el 42% de deducción con informe motivado. Y esto es lo que gana tu organización. https://www.tuconsultor.com/blog/post.html?p=2027-04-30-deducciones-fiscales-idi #Innovación #IDi;https://www.tuconsultor.com/social-img/deducciones-fiscales-idi.png;https://www.tuconsultor.com/blog/post.html?p=2027-04-30-deducciones-fiscales-idi
2027-05-01;17:00;x;EFQM;efqm-sello;Sellos EFQM 300 · 400 · 500: lo que aporta de verdad. https://www.tuconsultor.com/blog/post.html?p=2027-05-01-efqm-sello #EFQM #ModeloEFQM;https://www.tuconsultor.com/social-img/efqm-sello.png;https://www.tuconsultor.com/blog/post.html?p=2027-05-01-efqm-sello
2027-05-02;17:00;x;NORMAS;iso-56001;El error más común al implantar ISO 56001 (y cómo evitarlo). https://www.tuconsultor.com/blog/post.html?p=2027-05-02-iso-56001 #Innovación #IDi;https://www.tuconsultor.com/social-img/iso-56001.png;https://www.tuconsultor.com/blog/post.html?p=2027-05-02-iso-56001
2027-05-03;17:00;x;EFQM;efqm-evaluacion-externa;Evaluación externa: el fallo que vemos una y otra vez. https://www.tuconsultor.com/blog/post.html?p=2027-05-03-efqm-evaluacion-externa #EFQM #ModeloEFQM;https://www.tuconsultor.com/social-img/efqm-evaluacion-externa.png;https://www.tuconsultor.com/blog/post.html?p=2027-05-03-efqm-evaluacion-externa
2027-05-04;17:00;x;NORMAS;iso-42001;¿Es ISO 42001 para tu organización? Señales de que sí. https://www.tuconsultor.com/blog/post.html?p=2027-05-04-iso-42001 #Innovación #IDi;https://www.tuconsultor.com/social-img/iso-42001.png;https://www.tuconsultor.com/blog/post.html?p=2027-05-04-iso-42001
2027-05-05;17:00;x;EFQM;efqm-vs-iso;¿Te toca ya trabajar con el Modelo EFQM? https://www.tuconsultor.com/blog/post.html?p=2027-05-05-efqm-vs-iso #EFQM #ModeloEFQM;https://www.tuconsultor.com/social-img/efqm-vs-iso.png;https://www.tuconsultor.com/blog/post.html?p=2027-05-05-efqm-vs-iso
2027-05-06;17:00;x;NORMAS;pyme-innovadora;Sello PYME Innovadora: el primer paso es más simple de lo que crees. https://www.tuconsultor.com/blog/post.html?p=2027-05-06-pyme-innovadora #Innovación #IDi;https://www.tuconsultor.com/social-img/pyme-innovadora.png;https://www.tuconsultor.com/blog/post.html?p=2027-05-06-pyme-innovadora
2027-05-07;17:00;x;EFQM;efqm-madrid-excelente;EFQM y Madrid Excelente: por dónde empezar. https://www.tuconsultor.com/blog/post.html?p=2027-05-07-efqm-madrid-excelente #EFQM #ModeloEFQM;https://www.tuconsultor.com/social-img/efqm-madrid-excelente.png;https://www.tuconsultor.com/blog/post.html?p=2027-05-07-efqm-madrid-excelente
2027-05-08;17:00;x;NORMAS;transformacion-digital-ia;¿Qué es Transformación Digital con IA y para qué sirve de verdad? https://www.tuconsultor.com/blog/post.html?p=2027-05-08-transformacion-digital-ia #Innovación #IDi;https://www.tuconsultor.com/social-img/transformacion-digital-ia.png;https://www.tuconsultor.com/blog/post.html?p=2027-05-08-transformacion-digital-ia
2027-05-09;17:00;x;EFQM;efqm-beneficios;Por qué EFQM, explicado sin humo. https://www.tuconsultor.com/blog/post.html?p=2027-05-09-efqm-beneficios #EFQM #ModeloEFQM;https://www.tuconsultor.com/social-img/efqm-beneficios.png;https://www.tuconsultor.com/blog/post.html?p=2027-05-09-efqm-beneficios
2027-05-10;17:00;x;NORMAS;blockchain-tokenizacion;Blockchain, Web3 y Tokenización: Activos digitales con garantías. Y esto es lo que gana tu organización. https://www.tuconsultor.com/blog/post.html?p=2027-05-10-blockchain-tokenizacion #Innovación #IDi;https://www.tuconsultor.com/social-img/blockchain-tokenizacion.png;https://www.tuconsultor.com/blog/post.html?p=2027-05-10-blockchain-tokenizacion
2027-05-11;17:00;x;EFQM;efqm-mitos;Mitos del Modelo EFQM: lo que aporta de verdad. https://www.tuconsultor.com/blog/post.html?p=2027-05-11-efqm-mitos #EFQM #ModeloEFQM;https://www.tuconsultor.com/social-img/efqm-mitos.png;https://www.tuconsultor.com/blog/post.html?p=2027-05-11-efqm-mitos
2027-05-12;17:00;x;NORMAS;appcc;El error más común al implantar APPCC (y cómo evitarlo). https://www.tuconsultor.com/blog/post.html?p=2027-05-12-appcc #SeguridadAlimentaria #IFS;https://www.tuconsultor.com/social-img/appcc.png;https://www.tuconsultor.com/blog/post.html?p=2027-05-12-appcc
2027-05-13;17:00;x;EFQM;efqm-primeros-pasos;Primeros pasos con EFQM: el fallo que vemos una y otra vez. https://www.tuconsultor.com/blog/post.html?p=2027-05-13-efqm-primeros-pasos #EFQM #ModeloEFQM;https://www.tuconsultor.com/social-img/efqm-primeros-pasos.png;https://www.tuconsultor.com/blog/post.html?p=2027-05-13-efqm-primeros-pasos
2027-05-14;17:00;x;NORMAS;iso-22000;¿Es ISO 22000 para tu organización? Señales de que sí. https://www.tuconsultor.com/blog/post.html?p=2027-05-14-iso-22000 #SeguridadAlimentaria #IFS;https://www.tuconsultor.com/social-img/iso-22000.png;https://www.tuconsultor.com/blog/post.html?p=2027-05-14-iso-22000
2027-05-15;17:00;x;EFQM;efqm-formacion;¿Te toca ya trabajar con el Modelo EFQM? https://www.tuconsultor.com/blog/post.html?p=2027-05-15-efqm-formacion #EFQM #ModeloEFQM;https://www.tuconsultor.com/social-img/efqm-formacion.png;https://www.tuconsultor.com/blog/post.html?p=2027-05-15-efqm-formacion
2027-05-16;17:00;x;NORMAS;brcgs;BRCGS: el primer paso es más simple de lo que crees. https://www.tuconsultor.com/blog/post.html?p=2027-05-16-brcgs #SeguridadAlimentaria #IFS;https://www.tuconsultor.com/social-img/brcgs.png;https://www.tuconsultor.com/blog/post.html?p=2027-05-16-brcgs
2027-05-17;17:00;x;EFQM;efqm-modelo-2025;El Modelo EFQM 2025: por dónde empezar. https://www.tuconsultor.com/blog/post.html?p=2027-05-17-efqm-modelo-2025 #EFQM #ModeloEFQM;https://www.tuconsultor.com/social-img/efqm-modelo-2025.png;https://www.tuconsultor.com/blog/post.html?p=2027-05-17-efqm-modelo-2025
2027-05-18;17:00;x;NORMAS;ifs;¿Qué es IFS y para qué sirve de verdad? https://www.tuconsultor.com/blog/post.html?p=2027-05-18-ifs #SeguridadAlimentaria #IFS;https://www.tuconsultor.com/social-img/ifs.png;https://www.tuconsultor.com/blog/post.html?p=2027-05-18-ifs
2027-05-19;17:00;x;EFQM;efqm-direccion;Dimensión Dirección, explicado sin humo. https://www.tuconsultor.com/blog/post.html?p=2027-05-19-efqm-direccion #EFQM #ModeloEFQM;https://www.tuconsultor.com/social-img/efqm-direccion.png;https://www.tuconsultor.com/blog/post.html?p=2027-05-19-efqm-direccion
2027-05-20;17:00;x;NORMAS;globalgap;GlobalG.A.P.: Buenas prácticas agrícolas certificadas. Y esto es lo que gana tu organización. https://www.tuconsultor.com/blog/post.html?p=2027-05-20-globalgap #SeguridadAlimentaria #IFS;https://www.tuconsultor.com/social-img/globalgap.png;https://www.tuconsultor.com/blog/post.html?p=2027-05-20-globalgap
2027-05-21;17:00;x;EFQM;efqm-ejecucion;Dimensión Ejecución: lo que aporta de verdad. https://www.tuconsultor.com/blog/post.html?p=2027-05-21-efqm-ejecucion #EFQM #ModeloEFQM;https://www.tuconsultor.com/social-img/efqm-ejecucion.png;https://www.tuconsultor.com/blog/post.html?p=2027-05-21-efqm-ejecucion
2027-05-22;17:00;x;NORMAS;planificacion-estrategica;El error más común al implantar Planificación Estratégica (y cómo evitarlo). https://www.tuconsultor.com/blog/post.html?p=2027-05-22-planificacion-estrategica #Estrategia #Liderazgo;https://www.tuconsultor.com/social-img/planificacion-estrategica.png;https://www.tuconsultor.com/blog/post.html?p=2027-05-22-planificacion-estrategica
2027-05-23;17:00;x;EFQM;efqm-resultados;Dimensión Resultados: el fallo que vemos una y otra vez. https://www.tuconsultor.com/blog/post.html?p=2027-05-23-efqm-resultados #EFQM #ModeloEFQM;https://www.tuconsultor.com/social-img/efqm-resultados.png;https://www.tuconsultor.com/blog/post.html?p=2027-05-23-efqm-resultados
2027-05-24;17:00;x;NORMAS;cuadro-de-mando;¿Es Cuadro de Mando Integral para tu organización? Señales de que sí. https://www.tuconsultor.com/blog/post.html?p=2027-05-24-cuadro-de-mando #Estrategia #Liderazgo;https://www.tuconsultor.com/social-img/cuadro-de-mando.png;https://www.tuconsultor.com/blog/post.html?p=2027-05-24-cuadro-de-mando
2027-05-25;17:00;x;EFQM;efqm-criterio1;¿Te toca ya trabajar con el Modelo EFQM? https://www.tuconsultor.com/blog/post.html?p=2027-05-25-efqm-criterio1 #EFQM #ModeloEFQM;https://www.tuconsultor.com/social-img/efqm-criterio1.png;https://www.tuconsultor.com/blog/post.html?p=2027-05-25-efqm-criterio1
2027-05-26;17:00;x;NORMAS;reestructuracion;Reestructuración: el primer paso es más simple de lo que crees. https://www.tuconsultor.com/blog/post.html?p=2027-05-26-reestructuracion #Estrategia #Liderazgo;https://www.tuconsultor.com/social-img/reestructuracion.png;https://www.tuconsultor.com/blog/post.html?p=2027-05-26-reestructuracion
2027-05-27;17:00;x;EFQM;efqm-criterio2;Cultura y liderazgo: por dónde empezar. https://www.tuconsultor.com/blog/post.html?p=2027-05-27-efqm-criterio2 #EFQM #ModeloEFQM;https://www.tuconsultor.com/social-img/efqm-criterio2.png;https://www.tuconsultor.com/blog/post.html?p=2027-05-27-efqm-criterio2
2027-05-28;17:00;x;NORMAS;consultoria-de-negocio;¿Qué es Consultoría de Negocio y para qué sirve de verdad? https://www.tuconsultor.com/blog/post.html?p=2027-05-28-consultoria-de-negocio #Estrategia #Liderazgo;https://www.tuconsultor.com/social-img/consultoria-de-negocio.png;https://www.tuconsultor.com/blog/post.html?p=2027-05-28-consultoria-de-negocio
2027-05-29;17:00;x;EFQM;efqm-criterio3;Implicar a los grupos de interés, explicado sin humo. https://www.tuconsultor.com/blog/post.html?p=2027-05-29-efqm-criterio3 #EFQM #ModeloEFQM;https://www.tuconsultor.com/social-img/efqm-criterio3.png;https://www.tuconsultor.com/blog/post.html?p=2027-05-29-efqm-criterio3
2027-05-30;17:00;x;NORMAS;clasificacion-empresarial;Clasificación Empresarial: Contrata con el sector público. Y esto es lo que gana tu organización. https://www.tuconsultor.com/blog/post.html?p=2027-05-30-clasificacion-empresarial #Estrategia #Liderazgo;https://www.tuconsultor.com/social-img/clasificacion-empresarial.png;https://www.tuconsultor.com/blog/post.html?p=2027-05-30-clasificacion-empresarial
2027-05-31;17:00;x;EFQM;efqm-criterio4;Crear valor sostenible: lo que aporta de verdad. https://www.tuconsultor.com/blog/post.html?p=2027-05-31-efqm-criterio4 #EFQM #ModeloEFQM;https://www.tuconsultor.com/social-img/efqm-criterio4.png;https://www.tuconsultor.com/blog/post.html?p=2027-05-31-efqm-criterio4
2027-06-01;17:00;x;NORMAS;liderazgo;El error más común al implantar Liderazgo (y cómo evitarlo). https://www.tuconsultor.com/blog/post.html?p=2027-06-01-liderazgo #Estrategia #Liderazgo;https://www.tuconsultor.com/social-img/liderazgo.png;https://www.tuconsultor.com/blog/post.html?p=2027-06-01-liderazgo
2027-06-02;17:00;x;EFQM;efqm-criterio5;Funcionamiento y transformación: el fallo que vemos una y otra vez. https://www.tuconsultor.com/blog/post.html?p=2027-06-02-efqm-criterio5 #EFQM #ModeloEFQM;https://www.tuconsultor.com/social-img/efqm-criterio5.png;https://www.tuconsultor.com/blog/post.html?p=2027-06-02-efqm-criterio5
2027-06-03;17:00;x;NORMAS;cultura-empresarial;¿Es Cultura Empresarial para tu organización? Señales de que sí. https://www.tuconsultor.com/blog/post.html?p=2027-06-03-cultura-empresarial #Estrategia #Liderazgo;https://www.tuconsultor.com/social-img/cultura-empresarial.png;https://www.tuconsultor.com/blog/post.html?p=2027-06-03-cultura-empresarial
2027-06-04;17:00;x;EFQM;efqm-criterio6;¿Te toca ya trabajar con el Modelo EFQM? https://www.tuconsultor.com/blog/post.html?p=2027-06-04-efqm-criterio6 #EFQM #ModeloEFQM;https://www.tuconsultor.com/social-img/efqm-criterio6.png;https://www.tuconsultor.com/blog/post.html?p=2027-06-04-efqm-criterio6
2027-06-05;17:00;x;NORMAS;iso-9001;ISO 9001: el primer paso es más simple de lo que crees. https://www.tuconsultor.com/blog/post.html?p=2027-06-05-iso-9001 #Calidad #ISO9001;https://www.tuconsultor.com/social-img/iso-9001.png;https://www.tuconsultor.com/blog/post.html?p=2027-06-05-iso-9001
2027-06-06;17:00;x;EFQM;efqm-criterio7;Rendimiento estratégico y operativo: por dónde empezar. https://www.tuconsultor.com/blog/post.html?p=2027-06-06-efqm-criterio7 #EFQM #ModeloEFQM;https://www.tuconsultor.com/social-img/efqm-criterio7.png;https://www.tuconsultor.com/blog/post.html?p=2027-06-06-efqm-criterio7
2027-06-07;17:00;x;NORMAS;efqm;¿Qué es Modelo EFQM y para qué sirve de verdad? https://www.tuconsultor.com/blog/post.html?p=2027-06-07-efqm #Calidad #ISO9001;https://www.tuconsultor.com/social-img/efqm.png;https://www.tuconsultor.com/blog/post.html?p=2027-06-07-efqm
2027-06-08;17:00;x;EFQM;efqm-radar;La lógica RADAR, explicado sin humo. https://www.tuconsultor.com/blog/post.html?p=2027-06-08-efqm-radar #EFQM #ModeloEFQM;https://www.tuconsultor.com/social-img/efqm-radar.png;https://www.tuconsultor.com/blog/post.html?p=2027-06-08-efqm-radar
2027-06-09;17:00;x;NORMAS;madrid-excelente;Madrid Excelente: La marca de garantía de la Comunidad de Madrid. Y esto es lo que gana tu organización. https://www.tuconsultor.com/blog/post.html?p=2027-06-09-madrid-excelente #Calidad #ISO9001;https://www.tuconsultor.com/social-img/madrid-excelente.png;https://www.tuconsultor.com/blog/post.html?p=2027-06-09-madrid-excelente
2027-06-10;17:00;x;EFQM;efqm-gap;Informe de GAP: lo que aporta de verdad. https://www.tuconsultor.com/blog/post.html?p=2027-06-10-efqm-gap #EFQM #ModeloEFQM;https://www.tuconsultor.com/social-img/efqm-gap.png;https://www.tuconsultor.com/blog/post.html?p=2027-06-10-efqm-gap
2027-06-11;17:00;x;NORMAS;iso-9004;El error más común al implantar ISO 9004 (y cómo evitarlo). https://www.tuconsultor.com/blog/post.html?p=2027-06-11-iso-9004 #Calidad #ISO9001;https://www.tuconsultor.com/social-img/iso-9004.png;https://www.tuconsultor.com/blog/post.html?p=2027-06-11-iso-9004
2027-06-12;17:00;x;EFQM;efqm-autoevaluacion;Autoevaluación EFQM: el fallo que vemos una y otra vez. https://www.tuconsultor.com/blog/post.html?p=2027-06-12-efqm-autoevaluacion #EFQM #ModeloEFQM;https://www.tuconsultor.com/social-img/efqm-autoevaluacion.png;https://www.tuconsultor.com/blog/post.html?p=2027-06-12-efqm-autoevaluacion
2027-06-13;17:00;x;NORMAS;une-93200;¿Es UNE 93200 para tu organización? Señales de que sí. https://www.tuconsultor.com/blog/post.html?p=2027-06-13-une-93200 #Calidad #ISO9001;https://www.tuconsultor.com/social-img/une-93200.png;https://www.tuconsultor.com/blog/post.html?p=2027-06-13-une-93200
2027-06-14;17:00;x;EFQM;efqm-planes;¿Te toca ya trabajar con el Modelo EFQM? https://www.tuconsultor.com/blog/post.html?p=2027-06-14-efqm-planes #EFQM #ModeloEFQM;https://www.tuconsultor.com/social-img/efqm-planes.png;https://www.tuconsultor.com/blog/post.html?p=2027-06-14-efqm-planes
2027-06-15;17:00;x;NORMAS;iso-13485;ISO 13485: el primer paso es más simple de lo que crees. https://www.tuconsultor.com/blog/post.html?p=2027-06-15-iso-13485 #Calidad #ISO9001;https://www.tuconsultor.com/social-img/iso-13485.png;https://www.tuconsultor.com/blog/post.html?p=2027-06-15-iso-13485
2027-06-16;17:00;x;EFQM;efqm-memoria;La memoria EFQM: por dónde empezar. https://www.tuconsultor.com/blog/post.html?p=2027-06-16-efqm-memoria #EFQM #ModeloEFQM;https://www.tuconsultor.com/social-img/efqm-memoria.png;https://www.tuconsultor.com/blog/post.html?p=2027-06-16-efqm-memoria
2027-06-17;17:00;x;NORMAS;iso-17025;¿Qué es ISO 17025 y para qué sirve de verdad? https://www.tuconsultor.com/blog/post.html?p=2027-06-17-iso-17025 #Calidad #ISO9001;https://www.tuconsultor.com/social-img/iso-17025.png;https://www.tuconsultor.com/blog/post.html?p=2027-06-17-iso-17025
2027-06-18;17:00;x;EFQM;efqm-sello;Sellos EFQM 300 · 400 · 500, explicado sin humo. https://www.tuconsultor.com/blog/post.html?p=2027-06-18-efqm-sello #EFQM #ModeloEFQM;https://www.tuconsultor.com/social-img/efqm-sello.png;https://www.tuconsultor.com/blog/post.html?p=2027-06-18-efqm-sello
2027-06-19;17:00;x;NORMAS;iatf-16949;IATF 16949: Calidad en automoción. Y esto es lo que gana tu organización. https://www.tuconsultor.com/blog/post.html?p=2027-06-19-iatf-16949 #Calidad #ISO9001;https://www.tuconsultor.com/social-img/iatf-16949.png;https://www.tuconsultor.com/blog/post.html?p=2027-06-19-iatf-16949
2027-06-20;17:00;x;EFQM;efqm-evaluacion-externa;Evaluación externa: lo que aporta de verdad. https://www.tuconsultor.com/blog/post.html?p=2027-06-20-efqm-evaluacion-externa #EFQM #ModeloEFQM;https://www.tuconsultor.com/social-img/efqm-evaluacion-externa.png;https://www.tuconsultor.com/blog/post.html?p=2027-06-20-efqm-evaluacion-externa
2027-06-21;17:00;x;NORMAS;marcado-ce;El error más común al implantar Marcado CE (y cómo evitarlo). https://www.tuconsultor.com/blog/post.html?p=2027-06-21-marcado-ce #Calidad #ISO9001;https://www.tuconsultor.com/social-img/marcado-ce.png;https://www.tuconsultor.com/blog/post.html?p=2027-06-21-marcado-ce
2027-06-22;17:00;x;EFQM;efqm-vs-iso;EFQM e ISO 9001: el fallo que vemos una y otra vez. https://www.tuconsultor.com/blog/post.html?p=2027-06-22-efqm-vs-iso #EFQM #ModeloEFQM;https://www.tuconsultor.com/social-img/efqm-vs-iso.png;https://www.tuconsultor.com/blog/post.html?p=2027-06-22-efqm-vs-iso
2027-06-23;17:00;x;NORMAS;iso-14001;¿Es ISO 14001 para tu organización? Señales de que sí. https://www.tuconsultor.com/blog/post.html?p=2027-06-23-iso-14001 #Sostenibilidad #ESG;https://www.tuconsultor.com/social-img/iso-14001.png;https://www.tuconsultor.com/blog/post.html?p=2027-06-23-iso-14001
2027-06-24;17:00;x;EFQM;efqm-madrid-excelente;¿Te toca ya trabajar con el Modelo EFQM? https://www.tuconsultor.com/blog/post.html?p=2027-06-24-efqm-madrid-excelente #EFQM #ModeloEFQM;https://www.tuconsultor.com/social-img/efqm-madrid-excelente.png;https://www.tuconsultor.com/blog/post.html?p=2027-06-24-efqm-madrid-excelente
2027-06-25;17:00;x;NORMAS;emas;EMAS: el primer paso es más simple de lo que crees. https://www.tuconsultor.com/blog/post.html?p=2027-06-25-emas #Sostenibilidad #ESG;https://www.tuconsultor.com/social-img/emas.png;https://www.tuconsultor.com/blog/post.html?p=2027-06-25-emas
2027-06-26;17:00;x;EFQM;efqm-beneficios;Por qué EFQM: por dónde empezar. https://www.tuconsultor.com/blog/post.html?p=2027-06-26-efqm-beneficios #EFQM #ModeloEFQM;https://www.tuconsultor.com/social-img/efqm-beneficios.png;https://www.tuconsultor.com/blog/post.html?p=2027-06-26-efqm-beneficios
2027-06-27;17:00;x;NORMAS;huella-de-carbono;¿Qué es Huella de Carbono · ISO 14064 y para qué sirve de verdad? https://www.tuconsultor.com/blog/post.html?p=2027-06-27-huella-de-carbono #Sostenibilidad #ESG;https://www.tuconsultor.com/social-img/huella-de-carbono.png;https://www.tuconsultor.com/blog/post.html?p=2027-06-27-huella-de-carbono
2027-06-28;17:00;x;EFQM;efqm-mitos;Mitos del Modelo EFQM, explicado sin humo. https://www.tuconsultor.com/blog/post.html?p=2027-06-28-efqm-mitos #EFQM #ModeloEFQM;https://www.tuconsultor.com/social-img/efqm-mitos.png;https://www.tuconsultor.com/blog/post.html?p=2027-06-28-efqm-mitos
2027-06-29;17:00;x;NORMAS;iso-14068;ISO 14068: Neutralidad en carbono. Y esto es lo que gana tu organización. https://www.tuconsultor.com/blog/post.html?p=2027-06-29-iso-14068 #Sostenibilidad #ESG;https://www.tuconsultor.com/social-img/iso-14068.png;https://www.tuconsultor.com/blog/post.html?p=2027-06-29-iso-14068
2027-06-30;17:00;x;EFQM;efqm-primeros-pasos;Primeros pasos con EFQM: lo que aporta de verdad. https://www.tuconsultor.com/blog/post.html?p=2027-06-30-efqm-primeros-pasos #EFQM #ModeloEFQM;https://www.tuconsultor.com/social-img/efqm-primeros-pasos.png;https://www.tuconsultor.com/blog/post.html?p=2027-06-30-efqm-primeros-pasos
2027-07-01;17:00;x;NORMAS;memoria-gri;El error más común al implantar Memoria GRI (y cómo evitarlo). https://www.tuconsultor.com/blog/post.html?p=2027-07-01-memoria-gri #Sostenibilidad #ESG;https://www.tuconsultor.com/social-img/memoria-gri.png;https://www.tuconsultor.com/blog/post.html?p=2027-07-01-memoria-gri
2027-07-02;17:00;x;EFQM;efqm-formacion;Formación EFQM 2025: el fallo que vemos una y otra vez. https://www.tuconsultor.com/blog/post.html?p=2027-07-02-efqm-formacion #EFQM #ModeloEFQM;https://www.tuconsultor.com/social-img/efqm-formacion.png;https://www.tuconsultor.com/blog/post.html?p=2027-07-02-efqm-formacion
2027-07-03;17:00;x;NORMAS;einf;¿Es EINF para tu organización? Señales de que sí. https://www.tuconsultor.com/blog/post.html?p=2027-07-03-einf #Sostenibilidad #ESG;https://www.tuconsultor.com/social-img/einf.png;https://www.tuconsultor.com/blog/post.html?p=2027-07-03-einf
2027-07-04;17:00;x;EFQM;efqm-modelo-2025;¿Te toca ya trabajar con el Modelo EFQM? https://www.tuconsultor.com/blog/post.html?p=2027-07-04-efqm-modelo-2025 #EFQM #ModeloEFQM;https://www.tuconsultor.com/social-img/efqm-modelo-2025.png;https://www.tuconsultor.com/blog/post.html?p=2027-07-04-efqm-modelo-2025
2027-07-05;17:00;x;NORMAS;csrd;CSRD: el primer paso es más simple de lo que crees. https://www.tuconsultor.com/blog/post.html?p=2027-07-05-csrd #Sostenibilidad #ESG;https://www.tuconsultor.com/social-img/csrd.png;https://www.tuconsultor.com/blog/post.html?p=2027-07-05-csrd
2027-07-06;17:00;x;EFQM;efqm-direccion;Dimensión Dirección: por dónde empezar. https://www.tuconsultor.com/blog/post.html?p=2027-07-06-efqm-direccion #EFQM #ModeloEFQM;https://www.tuconsultor.com/social-img/efqm-direccion.png;https://www.tuconsultor.com/blog/post.html?p=2027-07-06-efqm-direccion
2027-07-07;17:00;x;NORMAS;esg;¿Qué es ESG y para qué sirve de verdad? https://www.tuconsultor.com/blog/post.html?p=2027-07-07-esg #Sostenibilidad #ESG;https://www.tuconsultor.com/social-img/esg.png;https://www.tuconsultor.com/blog/post.html?p=2027-07-07-esg
2027-07-08;17:00;x;EFQM;efqm-ejecucion;Dimensión Ejecución, explicado sin humo. https://www.tuconsultor.com/blog/post.html?p=2027-07-08-efqm-ejecucion #EFQM #ModeloEFQM;https://www.tuconsultor.com/social-img/efqm-ejecucion.png;https://www.tuconsultor.com/blog/post.html?p=2027-07-08-efqm-ejecucion
2027-07-09;17:00;x;NORMAS;iso-50001;ISO 50001: Gestión de la energía. Y esto es lo que gana tu organización. https://www.tuconsultor.com/blog/post.html?p=2027-07-09-iso-50001 #Sostenibilidad #ESG;https://www.tuconsultor.com/social-img/iso-50001.png;https://www.tuconsultor.com/blog/post.html?p=2027-07-09-iso-50001
2027-07-10;17:00;x;EFQM;efqm-resultados;Dimensión Resultados: lo que aporta de verdad. https://www.tuconsultor.com/blog/post.html?p=2027-07-10-efqm-resultados #EFQM #ModeloEFQM;https://www.tuconsultor.com/social-img/efqm-resultados.png;https://www.tuconsultor.com/blog/post.html?p=2027-07-10-efqm-resultados
2027-07-11;17:00;x;NORMAS;iso-14006;El error más común al implantar ISO 14006 (y cómo evitarlo). https://www.tuconsultor.com/blog/post.html?p=2027-07-11-iso-14006 #Sostenibilidad #ESG;https://www.tuconsultor.com/social-img/iso-14006.png;https://www.tuconsultor.com/blog/post.html?p=2027-07-11-iso-14006
2027-07-12;17:00;x;EFQM;efqm-criterio1;Propósito, visión y estrategia: el fallo que vemos una y otra vez. https://www.tuconsultor.com/blog/post.html?p=2027-07-12-efqm-criterio1 #EFQM #ModeloEFQM;https://www.tuconsultor.com/social-img/efqm-criterio1.png;https://www.tuconsultor.com/blog/post.html?p=2027-07-12-efqm-criterio1
2027-07-13;17:00;x;NORMAS;huella-hidrica;¿Es Huella Hídrica para tu organización? Señales de que sí. https://www.tuconsultor.com/blog/post.html?p=2027-07-13-huella-hidrica #Sostenibilidad #ESG;https://www.tuconsultor.com/social-img/huella-hidrica.png;https://www.tuconsultor.com/blog/post.html?p=2027-07-13-huella-hidrica
2027-07-14;17:00;x;EFQM;efqm-criterio2;¿Te toca ya trabajar con el Modelo EFQM? https://www.tuconsultor.com/blog/post.html?p=2027-07-14-efqm-criterio2 #EFQM #ModeloEFQM;https://www.tuconsultor.com/social-img/efqm-criterio2.png;https://www.tuconsultor.com/blog/post.html?p=2027-07-14-efqm-criterio2
2027-07-15;17:00;x;NORMAS;movilidad-sostenible;Plan de Movilidad Sostenible: el primer paso es más simple de lo que crees. https://www.tuconsultor.com/blog/post.html?p=2027-07-15-movilidad-sostenible #Sostenibilidad #ESG;https://www.tuconsultor.com/social-img/movilidad-sostenible.png;https://www.tuconsultor.com/blog/post.html?p=2027-07-15-movilidad-sostenible
2027-07-16;17:00;x;EFQM;efqm-criterio3;Implicar a los grupos de interés: por dónde empezar. https://www.tuconsultor.com/blog/post.html?p=2027-07-16-efqm-criterio3 #EFQM #ModeloEFQM;https://www.tuconsultor.com/social-img/efqm-criterio3.png;https://www.tuconsultor.com/blog/post.html?p=2027-07-16-efqm-criterio3
2027-07-17;17:00;x;NORMAS;pacto-mundial;¿Qué es Pacto Mundial y para qué sirve de verdad? https://www.tuconsultor.com/blog/post.html?p=2027-07-17-pacto-mundial #Sostenibilidad #ESG;https://www.tuconsultor.com/social-img/pacto-mundial.png;https://www.tuconsultor.com/blog/post.html?p=2027-07-17-pacto-mundial
2027-07-18;17:00;x;EFQM;efqm-criterio4;Crear valor sostenible, explicado sin humo. https://www.tuconsultor.com/blog/post.html?p=2027-07-18-efqm-criterio4 #EFQM #ModeloEFQM;https://www.tuconsultor.com/social-img/efqm-criterio4.png;https://www.tuconsultor.com/blog/post.html?p=2027-07-18-efqm-criterio4
2027-07-19;17:00;x;NORMAS;economia-circular;Economía Circular: Del residuo al recurso. Y esto es lo que gana tu organización. https://www.tuconsultor.com/blog/post.html?p=2027-07-19-economia-circular #Sostenibilidad #ESG;https://www.tuconsultor.com/social-img/economia-circular.png;https://www.tuconsultor.com/blog/post.html?p=2027-07-19-economia-circular
2027-07-20;17:00;x;EFQM;efqm-criterio5;Funcionamiento y transformación: lo que aporta de verdad. https://www.tuconsultor.com/blog/post.html?p=2027-07-20-efqm-criterio5 #EFQM #ModeloEFQM;https://www.tuconsultor.com/social-img/efqm-criterio5.png;https://www.tuconsultor.com/blog/post.html?p=2027-07-20-efqm-criterio5
2027-07-21;17:00;x;NORMAS;iso-27001;El error más común al implantar ISO 27001 (y cómo evitarlo). https://www.tuconsultor.com/blog/post.html?p=2027-07-21-iso-27001 #Ciberseguridad #ISO27001;https://www.tuconsultor.com/social-img/iso-27001.png;https://www.tuconsultor.com/blog/post.html?p=2027-07-21-iso-27001
2027-07-22;17:00;x;EFQM;efqm-criterio6;Percepción de los grupos de interés: el fallo que vemos una y otra vez. https://www.tuconsultor.com/blog/post.html?p=2027-07-22-efqm-criterio6 #EFQM #ModeloEFQM;https://www.tuconsultor.com/social-img/efqm-criterio6.png;https://www.tuconsultor.com/blog/post.html?p=2027-07-22-efqm-criterio6
2027-07-23;17:00;x;NORMAS;ens;¿Es Esquema Nacional de Seguridad para tu organización? Señales de que sí. https://www.tuconsultor.com/blog/post.html?p=2027-07-23-ens #Ciberseguridad #ISO27001;https://www.tuconsultor.com/social-img/ens.png;https://www.tuconsultor.com/blog/post.html?p=2027-07-23-ens
2027-07-24;17:00;x;EFQM;efqm-criterio7;¿Te toca ya trabajar con el Modelo EFQM? https://www.tuconsultor.com/blog/post.html?p=2027-07-24-efqm-criterio7 #EFQM #ModeloEFQM;https://www.tuconsultor.com/social-img/efqm-criterio7.png;https://www.tuconsultor.com/blog/post.html?p=2027-07-24-efqm-criterio7
2027-07-25;17:00;x;NORMAS;eni;Esquema Nacional de Interoperabilidad: el primer paso es más simple de lo que crees. https://www.tuconsultor.com/blog/post.html?p=2027-07-25-eni #Ciberseguridad #ISO27001;https://www.tuconsultor.com/social-img/eni.png;https://www.tuconsultor.com/blog/post.html?p=2027-07-25-eni
2027-07-26;17:00;x;EFQM;efqm-radar;La lógica RADAR: por dónde empezar. https://www.tuconsultor.com/blog/post.html?p=2027-07-26-efqm-radar #EFQM #ModeloEFQM;https://www.tuconsultor.com/social-img/efqm-radar.png;https://www.tuconsultor.com/blog/post.html?p=2027-07-26-efqm-radar
2027-07-27;17:00;x;NORMAS;iso-22301;¿Qué es ISO 22301 y para qué sirve de verdad? https://www.tuconsultor.com/blog/post.html?p=2027-07-27-iso-22301 #Ciberseguridad #ISO27001;https://www.tuconsultor.com/social-img/iso-22301.png;https://www.tuconsultor.com/blog/post.html?p=2027-07-27-iso-22301
2027-07-28;17:00;x;EFQM;efqm-gap;Informe de GAP, explicado sin humo. https://www.tuconsultor.com/blog/post.html?p=2027-07-28-efqm-gap #EFQM #ModeloEFQM;https://www.tuconsultor.com/social-img/efqm-gap.png;https://www.tuconsultor.com/blog/post.html?p=2027-07-28-efqm-gap
2027-07-29;17:00;x;NORMAS;plan-director-seguridad;Plan Director de Seguridad: Tu hoja de ruta de ciberseguridad. Y esto es lo que gana tu organización. https://www.tuconsultor.com/blog/post.html?p=2027-07-29-plan-director-seguridad #Ciberseguridad #ISO27001;https://www.tuconsultor.com/social-img/plan-director-seguridad.png;https://www.tuconsultor.com/blog/post.html?p=2027-07-29-plan-director-seguridad
2027-07-30;17:00;x;EFQM;efqm-autoevaluacion;Autoevaluación EFQM: lo que aporta de verdad. https://www.tuconsultor.com/blog/post.html?p=2027-07-30-efqm-autoevaluacion #EFQM #ModeloEFQM;https://www.tuconsultor.com/social-img/efqm-autoevaluacion.png;https://www.tuconsultor.com/blog/post.html?p=2027-07-30-efqm-autoevaluacion
2027-07-31;17:00;x;NORMAS;hacking-etico;El error más común al implantar Hacking Ético (y cómo evitarlo). https://www.tuconsultor.com/blog/post.html?p=2027-07-31-hacking-etico #Ciberseguridad #ISO27001;https://www.tuconsultor.com/social-img/hacking-etico.png;https://www.tuconsultor.com/blog/post.html?p=2027-07-31-hacking-etico
